{
  "colchicine_cvd": {
    "I2": 58.6258080185881,
    "Q": 9.66786252115104,
    "Qp": 7.955185804057046e+27,
    "ciHi": 0.9338623954275903,
    "ciLo": 0.6750413635437484,
    "estimate": 0.7939746499553193,
    "k": 5,
    "measure": "OR",
    "tau2": 0.018811774280633093
  },
  "finerenone": {
    "I2": 0,
    "Q": 0.16803274578523147,
    "Qp": 0.919416202469137,
    "ciHi": 0.9161451110634123,
    "ciLo": 0.7845873135693546,
    "estimate": 0.8478182774208991,
    "k": 3,
    "measure": "OR",
    "tau2": 0
  },
  "sglt2_hf": {
    "I2": 72.7414540026509,
    "Q": 14.674297009051767,
    "Qp": 6.509039268004509e+26,
    "ciHi": 0.8127962571218301,
    "ciLo": 0.6230008118481623,
    "estimate": 0.7115987127967895,
    "k": 5,
    "measure": "OR",
    "tau2": 0.01641311322783249
  },
  "glp1_cvot": {
    "I2": 37.40604479378794,
    "Q": 14.378385213636102,
    "Qp": 6.079718595123919e+28,
    "ciHi": 0.9039391786581338,
    "ciLo": 0.8047080455614272,
    "estimate": 0.852881662227761,
    "k": 10,
    "measure": "OR",
    "tau2": 0.0030868346412577167
  },
  "pcsk9": {
    "I2": 0,
    "Q": 0.0004018935227616957,
    "Qp": 0.9840056544078634,
    "ciHi": 0.8958501646508691,
    "ciLo": 0.79524167830419,
    "estimate": 0.8440482145268966,
    "k": 2,
    "measure": "OR",
    "tau2": 0
  },
  "intensive_bp": {
    "I2": 0,
    "Q": 1.549170422374417,
    "Qp": 0.6709691900352373,
    "ciHi": 0.8710735525015828,
    "ciLo": 0.7111065929803527,
    "estimate": 0.7870363054870423,
    "k": 4,
    "measure": "OR",
    "tau2": 0
  },
  "sglt2_ckd": {
    "I2": 71.6796614086293,
    "Q": 7.0620624592723145,
    "Qp": 0.029274711345888993,
    "ciHi": 0.8227846821806478,
    "ciLo": 0.6046021633688438,
    "estimate": 0.7053065991702943,
    "k": 3,
    "measure": "HR",
    "tau2": 0.013163653572202111
  },
  "sglt2_t2dm_cvot": {
    "I2": 3.585055773884934,
    "Q": 3.1115508327882395,
    "Qp": 0.3747439568149906,
    "ciHi": 0.9608051952268574,
    "ciLo": 0.8291812839241939,
    "estimate": 0.8925702691548948,
    "k": 4,
    "measure": "HR",
    "tau2": 0.0002055622399175018
  },
  "arni_hf": {
    "I2": 0,
    "Q": 0.9387507479586765,
    "Qp": 0.3325993245170037,
    "ciHi": 0.8819266522034789,
    "ciLo": 0.7590571251777757,
    "estimate": 0.8181886758194792,
    "k": 2,
    "measure": "HR",
    "tau2": 0
  },
  "doac_af": {
    "I2": 67.14703756776458,
    "Q": 9.131596598595909,
    "Qp": 2.3249617639736088e+27,
    "ciHi": 1.0423108321350743,
    "ciLo": 0.7931712588274917,
    "estimate": 0.9092474882088525,
    "k": 4,
    "measure": "HR",
    "tau2": 0.01251470937814707
  }
}