{
  "review": "brodalumab_psoriasis_amagine",
  "engine": "R-dosresmeta",
  "dosresmeta_version": "2.2.0",
  "k": 3,
  "linear": {
    "fit_ok": true,
    "pooled_slope_log": 0.00735039,
    "pooled_slope_log_se": 0.00046108,
    "tau2": 4.56871938e-19
  },
  "rcs": {
    "fit_ok": true,
    "knots": [157.5, 175, 192.5],
    "spline_coefs": [0.01763031, -0.01874843],
    "spline_coefs_cov": [
      [3.53144966e-06, -4.53879855e-06],
      [-4.53879855e-06, 6.46214918e-06]
    ],
    "nonlinearity_wald_p": 1.64090963e-13
  },
  "one_stage": {
    "fit_ok": true,
    "lme4_version": "1.1.37",
    "dose_scale_sd": 38.34057903,
    "coef_dose_on_scaled": 0.34062997,
    "coef_dose": 0.00888432,
    "coef_dose_se": 0.0003938,
    "coef_dose_ci_lo": 0.00811248,
    "coef_dose_ci_hi": 0.00965616,
    "random_effects_var": 0,
    "converged": false
  }
}
