{
  "review": "gl1992_alcohol_bc",
  "engine": "R-dosresmeta",
  "dosresmeta_version": "2.2.0",
  "k": 5,
  "linear": {
    "fit_ok": true,
    "pooled_slope_log": 0.02310873,
    "pooled_slope_log_se": 0.00588392,
    "tau2": 0.00014524
  },
  "rcs": {
    "fit_ok": true,
    "knots": [10, 20, 27],
    "spline_coefs": [0.02451147, -0.00137115],
    "spline_coefs_cov": [
      [0.00002227, 2.96378376e-06],
      [2.96378376e-06, 0.0000133]
    ],
    "nonlinearity_wald_p": 0.70693575
  },
  "one_stage": {
    "fit_ok": true,
    "lme4_version": "1.1.37",
    "dose_scale_sd": 14.09259036,
    "coef_dose_on_scaled": 0.15446558,
    "coef_dose": 0.01096077,
    "coef_dose_se": 0.00121453,
    "coef_dose_ci_lo": 0.00858028,
    "coef_dose_ci_hi": 0.01334125,
    "random_effects_var": 3.19020254,
    "converged": true
  }
}
