{
  "review": "sglt2i_hba1c",
  "engine": "R-dosresmeta",
  "dosresmeta_version": "2.2.0",
  "k": 3,
  "linear": {
    "fit_ok": true,
    "pooled_slope_log": -0.00912796,
    "pooled_slope_log_se": 0.00539514,
    "tau2": 0.00008516
  },
  "rcs": {
    "fit_ok": true,
    "knots": [8.75, 22.5, 62.5],
    "spline_coefs": [-0.02611209, 0.1581597],
    "spline_coefs_cov": [
      [0.00009623, -0.00128771],
      [-0.00128771, 0.01731201]
    ],
    "nonlinearity_wald_p": 0.22934461
  },
  "one_stage": {
    "fit_ok": true,
    "lme4_version": "1.1.37",
    "dose_scale_sd": 95.80071909,
    "coef_dose_on_scaled": -0.15210944,
    "coef_dose": -0.00158777,
    "coef_dose_se": 0.00060578,
    "coef_dose_ci_lo": -0.0027751,
    "coef_dose_ci_hi": -0.00040044,
    "random_effects_var": 0.01104409,
    "converged": true
  }
}
