{
  "review": "sglt2i_hhf",
  "engine": "R-dosresmeta",
  "dosresmeta_version": "2.2.0",
  "k": 2,
  "linear": {
    "fit_ok": true,
    "pooled_slope_log": -0.00644849,
    "pooled_slope_log_se": 0.00648233,
    "tau2": 0.00006836
  },
  "rcs": {
    "fit_ok": true,
    "knots": [21.25, 62.5, 150],
    "spline_coefs": [-0.01603888, 50.0180295],
    "spline_coefs_cov": [
      [0.0001035, -0.50730231],
      [-0.50730231, 2666.32990639]
    ],
    "nonlinearity_wald_p": 0.33271678
  },
  "one_stage": {
    "fit_ok": true,
    "lme4_version": "1.1.37",
    "dose_scale_sd": 133.44006145,
    "coef_dose_on_scaled": -0.20718304,
    "coef_dose": -0.00155263,
    "coef_dose_se": 0.00065921,
    "coef_dose_ci_lo": -0.00284469,
    "coef_dose_ci_hi": -0.00026057,
    "random_effects_var": 0.05415798,
    "converged": true
  }
}
