{
  "review": "tirzepatide_obesity_surmount",
  "engine": "R-dosresmeta",
  "dosresmeta_version": "2.2.0",
  "k": 2,
  "linear": {
    "fit_ok": true,
    "pooled_slope_log": -1.07583084,
    "pooled_slope_log_se": 0.2228936,
    "tau2": 0.09773648
  },
  "rcs": {
    "fit_ok": true,
    "knots": [7.5, 10, 12.5],
    "spline_coefs": [-1.52208404, 0.96506367],
    "spline_coefs_cov": [
      [0.23537079, -0.2652007],
      [-0.2652007, 0.30141937]
    ],
    "nonlinearity_wald_p": 0.07878091
  },
  "one_stage": {
    "fit_ok": true,
    "lme4_version": "1.1.37",
    "dose_scale_sd": 4.18330013,
    "coef_dose_on_scaled": -4.7085666,
    "coef_dose": -1.1255627,
    "coef_dose_se": 0.25230507,
    "coef_dose_ci_lo": -1.62008065,
    "coef_dose_ci_hi": -0.63104476,
    "random_effects_var": 11.79499649,
    "converged": true
  }
}
