{
  "k": 4,
  "pooled_logOR": -0.325077,
  "pooled_se": 0.093675,
  "pooled_OR": 0.722472,
  "ci_low_OR": 0.536229,
  "ci_high_OR": 0.973399,
  "tau2": 0.004053,
  "I2": 13.519501,
  "H2": 1.15633,
  "Q": 4.371814,
  "Qdf": 3,
  "Qp": 0.224013,
  "PI_low_OR": 0.50383,
  "PI_high_OR": 1.035996,
  "pi_df_convention": "t_{k-1}_Cochrane_v6.5",
  "hksj_floor_applied": false,
  "method": "REML+HKSJ",
  "trials": [
    {
      "name": "CASTLE-AF",
      "nct": "NCT00643188",
      "tE": 51,
      "tN": 179,
      "cE": 82,
      "cN": 184,
      "yi": -0.701951,
      "vi": 0.049419
    },
    {
      "name": "CABANA",
      "nct": "NCT00911508",
      "tE": 89,
      "tN": 1108,
      "cE": 101,
      "cN": 1096,
      "yi": -0.150318,
      "vi": 0.023123
    },
    {
      "name": "EAST-AFNET 4",
      "nct": "NCT01288352",
      "tE": 249,
      "tN": 1395,
      "cE": 316,
      "cN": 1394,
      "yi": -0.299459,
      "vi": 0.008981
    },
    {
      "name": "RAFT-AF",
      "nct": "NCT01420393",
      "tE": 44,
      "tN": 214,
      "cE": 55,
      "cN": 197,
      "yi": -0.403115,
      "vi": 0.053834
    }
  ]
}
