{
  "k": 2,
  "pooled_logOR": -2.130398,
  "pooled_se": 0.116911,
  "pooled_OR": 0.11879,
  "ci_low_OR": 0.026893,
  "ci_high_OR": 0.524711,
  "tau2": 0,
  "I2": 0,
  "H2": 1,
  "Q": 0.372248,
  "Qdf": 1,
  "Qp": 0.541781,
  "PI_low_OR": 0.026893,
  "PI_high_OR": 0.524711,
  "pi_df_convention": "t_{k-1}_Cochrane_v6.5",
  "hksj_floor_applied": true,
  "method": "REML+HKSJ",
  "trials": [
    {
      "name": "ELEVATE-TN",
      "nct": "NCT02475681",
      "tE": 22,
      "tN": 179,
      "cE": 101,
      "cN": 177,
      "yi": -2.249591,
      "vi": 0.074883
    },
    {
      "name": "ASCEND",
      "nct": "NCT02970318",
      "tE": 27,
      "tN": 155,
      "cE": 95,
      "cN": 155,
      "yi": -2.015726,
      "vi": 0.072043
    }
  ]
}
