{
  "k": 4,
  "pooled_logOR": -0.174892,
  "pooled_se": 0.184966,
  "pooled_OR": 0.839547,
  "ci_low_OR": 0.466016,
  "ci_high_OR": 1.51248,
  "tau2": 0.124088,
  "I2": 95.936498,
  "H2": 24.609316,
  "Q": 33.445625,
  "Qdf": 3,
  "Qp": 2.593771e-07,
  "PI_low_OR": 0.236669,
  "PI_high_OR": 2.978163,
  "pi_df_convention": "t_{k-1}_Cochrane_v6.5",
  "hksj_floor_applied": false,
  "method": "REML+HKSJ",
  "trials": [
    {
      "name": "PLATO",
      "nct": "NCT00391872",
      "tE": 864,
      "tN": 9333,
      "cE": 1014,
      "cN": 9291,
      "yi": -0.183017,
      "vi": 0.002382
    },
    {
      "name": "TRITON-TIMI 38",
      "nct": "NCT00097591",
      "tE": 643,
      "tN": 6813,
      "cE": 781,
      "cN": 6795,
      "yi": -0.220039,
      "vi": 0.003164
    },
    {
      "name": "ISAR-REACT 5",
      "nct": "NCT01944800",
      "tE": 184,
      "tN": 2012,
      "cE": 137,
      "cN": 2006,
      "yi": 0.317136,
      "vi": 0.013816
    },
    {
      "name": "TWILIGHT",
      "nct": "NCT02270242",
      "tE": 141,
      "tN": 3555,
      "cE": 250,
      "cN": 3564,
      "yi": -0.60243,
      "vi": 0.011687
    }
  ]
}
