{
  "k": 2,
  "pooled_logOR": -0.597451,
  "pooled_se": 0.209524,
  "pooled_OR": 0.550212,
  "ci_low_OR": 0.0384,
  "ci_high_OR": 7.883719,
  "tau2": 0.060885,
  "I2": 68.717341,
  "H2": 3.196659,
  "Q": 3.196659,
  "Qdf": 1,
  "Qp": 0.073789,
  "PI_low_OR": 0.009,
  "PI_high_OR": 33.6365,
  "pi_df_convention": "t_{k-1}_Cochrane_v6.5",
  "hksj_floor_applied": false,
  "method": "REML+HKSJ",
  "trials": [
    {
      "name": "DESTINY-Breast04",
      "nct": "NCT03734029",
      "tE": 184,
      "tN": 373,
      "cE": 127,
      "cN": 184,
      "yi": -0.827947,
      "vi": 0.036144
    },
    {
      "name": "DESTINY-Breast06",
      "nct": "NCT04494425",
      "tE": 235,
      "tN": 436,
      "cE": 274,
      "cN": 430,
      "yi": -0.406991,
      "vi": 0.01929
    }
  ]
}
