{
  "k": 4,
  "pooled_logOR": -0.897896,
  "pooled_se": 0.275282,
  "pooled_OR": 0.407426,
  "ci_low_OR": 0.169659,
  "ci_high_OR": 0.978411,
  "tau2": 0.303668,
  "I2": 87.259324,
  "H2": 7.848877,
  "Q": 25.665823,
  "Qdf": 3,
  "Qp": 0.000011,
  "PI_low_OR": 0.057368,
  "PI_high_OR": 2.893511,
  "pi_df_convention": "t_{k-1}_Cochrane_v6.5",
  "hksj_floor_applied": false,
  "method": "REML+HKSJ",
  "trials": [
    {
      "name": "DESTINY-Breast03",
      "nct": "NCT03529110",
      "tE": 131,
      "tN": 261,
      "cE": 215,
      "cN": 263,
      "yi": -1.491774,
      "vi": 0.04081
    },
    {
      "name": "EMILIA",
      "nct": "NCT00829166",
      "tE": 265,
      "tN": 495,
      "cE": 304,
      "cN": 496,
      "yi": -0.317882,
      "vi": 0.016619
    },
    {
      "name": "TH3RESA",
      "nct": "NCT01419197",
      "tE": 219,
      "tN": 404,
      "cE": 149,
      "cN": 198,
      "yi": -0.94341,
      "vi": 0.037091
    },
    {
      "name": "DESTINY-Breast02",
      "nct": "NCT03523585",
      "tE": 0,
      "tN": 406,
      "cE": 0,
      "cN": 202,
      "yi": -0.696844,
      "vi": 4.007398
    }
  ]
}
