{
  "k": 3,
  "pooled_logOR": -0.903803,
  "pooled_se": 0.34063,
  "pooled_OR": 0.405026,
  "ci_low_OR": 0.093535,
  "ci_high_OR": 1.75384,
  "tau2": 0.320312,
  "I2": 91.511528,
  "H2": 11.780683,
  "Q": 25.665603,
  "Qdf": 2,
  "Qp": 2.671685e-06,
  "PI_low_OR": 0.023613,
  "PI_high_OR": 6.947349,
  "pi_df_convention": "t_{k-1}_Cochrane_v6.5",
  "hksj_floor_applied": false,
  "method": "REML+HKSJ",
  "trials": [
    {
      "name": "DESTINY-Breast03",
      "nct": "NCT03529110",
      "tE": 131,
      "tN": 261,
      "cE": 215,
      "cN": 263,
      "yi": -1.491774,
      "vi": 0.04081
    },
    {
      "name": "EMILIA",
      "nct": "NCT00829166",
      "tE": 265,
      "tN": 495,
      "cE": 304,
      "cN": 496,
      "yi": -0.317882,
      "vi": 0.016619
    },
    {
      "name": "TH3RESA",
      "nct": "NCT01419197",
      "tE": 219,
      "tN": 404,
      "cE": 149,
      "cN": 198,
      "yi": -0.94341,
      "vi": 0.037091
    }
  ]
}
