{
  "k": 3,
  "pooled_logOR": -0.671706,
  "pooled_se": 0.09584,
  "pooled_OR": 0.510836,
  "ci_low_OR": 0.338215,
  "ci_high_OR": 0.771561,
  "tau2": 0.008764,
  "I2": 31.939266,
  "H2": 1.469276,
  "Q": 2.945178,
  "Qdf": 2,
  "Qp": 0.229331,
  "PI_low_OR": 0.287032,
  "PI_high_OR": 0.909146,
  "pi_df_convention": "t_{k-1}_Cochrane_v6.5",
  "hksj_floor_applied": false,
  "method": "REML+HKSJ",
  "trials": [
    {
      "name": "KEYNOTE-054",
      "nct": "NCT02362594",
      "tE": 135,
      "tN": 514,
      "cE": 216,
      "cN": 505,
      "yi": -0.741113,
      "vi": 0.018136
    },
    {
      "name": "CheckMate-238",
      "nct": "NCT02388906",
      "tE": 154,
      "tN": 453,
      "cE": 206,
      "cN": 453,
      "yi": -0.481979,
      "vi": 0.018741
    },
    {
      "name": "COMBI-AD",
      "nct": "NCT01682083",
      "tE": 166,
      "tN": 438,
      "cE": 248,
      "cN": 432,
      "yi": -0.792307,
      "vi": 0.019168
    }
  ]
}
