{
  "k": 2,
  "pooled_logOR": 0.346991,
  "pooled_se": 0.390988,
  "pooled_OR": 1.414804,
  "ci_low_OR": 0.009843,
  "ci_high_OR": 203.356126,
  "tau2": 0.255601,
  "I2": 83.361046,
  "H2": 6.009993,
  "Q": 6.009993,
  "Qdf": 1,
  "Qp": 0.014225,
  "PI_low_OR": 0.000421,
  "PI_high_OR": 4758.824965,
  "pi_df_convention": "t_{k-1}_Cochrane_v6.5",
  "hksj_floor_applied": false,
  "method": "REML+HKSJ",
  "trials": [
    {
      "name": "HPTN 082 (oral PrEP, AGYW)",
      "nct": "NCT02732730",
      "tE": 51,
      "tN": 226,
      "cE": 27,
      "cN": 225,
      "yi": 0.75947,
      "vi": 0.06741
    },
    {
      "name": "FACTS-001 (vaginal tenofovir gel, AGYW)",
      "nct": "NCT01386294",
      "tE": 61,
      "tN": 1015,
      "cE": 62,
      "cN": 1009,
      "yi": -0.023625,
      "vi": 0.034627
    }
  ]
}
