{
  "k": 4,
  "pooled_logOR": -1.078854,
  "pooled_se": 0.178402,
  "pooled_OR": 0.339985,
  "ci_low_OR": 0.192702,
  "ci_high_OR": 0.599835,
  "tau2": 0.064582,
  "I2": 51.725825,
  "H2": 2.071501,
  "Q": 6.208158,
  "Qdf": 3,
  "Qp": 0.101911,
  "PI_low_OR": 0.126565,
  "PI_high_OR": 0.913281,
  "pi_df_convention": "t_{k-1}_Cochrane_v6.5",
  "hksj_floor_applied": false,
  "method": "REML+HKSJ",
  "trials": [
    {
      "name": "ALEX",
      "nct": "NCT02075840",
      "tE": 62,
      "tN": 152,
      "cE": 102,
      "cN": 151,
      "yi": -1.105828,
      "vi": 0.057452
    },
    {
      "name": "ALTA-1L",
      "nct": "NCT02737501",
      "tE": 56,
      "tN": 137,
      "cE": 87,
      "cN": 138,
      "yi": -0.90318,
      "vi": 0.061305
    },
    {
      "name": "CROWN",
      "nct": "NCT03052608",
      "tE": 35,
      "tN": 149,
      "cE": 88,
      "cN": 147,
      "yi": -1.58065,
      "vi": 0.065656
    },
    {
      "name": "eXalt3",
      "nct": "NCT02767804",
      "tE": 60,
      "tN": 143,
      "cE": 89,
      "cN": 147,
      "yi": -0.752689,
      "vi": 0.057192
    }
  ]
}
