{
  "k": 2,
  "pooled_logOR": 0.720104,
  "pooled_se": 0.023631,
  "pooled_OR": 2.054647,
  "ci_low_OR": 1.521724,
  "ci_high_OR": 2.774205,
  "tau2": 0,
  "I2": 0,
  "H2": 1,
  "Q": 0.023517,
  "Qdf": 1,
  "Qp": 0.878121,
  "PI_low_OR": 1.521724,
  "PI_high_OR": 2.774205,
  "pi_df_convention": "t_{k-1}_Cochrane_v6.5",
  "hksj_floor_applied": true,
  "method": "REML+HKSJ",
  "trials": [
    {
      "name": "TULIP-1",
      "nct": "NCT02446912",
      "tE": 122,
      "tN": 180,
      "cE": 92,
      "cN": 184,
      "yi": 0.743578,
      "vi": 0.047177
    },
    {
      "name": "TULIP-2",
      "nct": "NCT02446899",
      "tE": 86,
      "tN": 180,
      "cE": 57,
      "cN": 182,
      "yi": 0.696315,
      "vi": 0.04781
    }
  ]
}
