{
  "k": 2,
  "pooled_logOR": -0.008171,
  "pooled_se": 0.004511,
  "pooled_OR": 0.991863,
  "ci_low_OR": 0.936612,
  "ci_high_OR": 1.050373,
  "tau2": 0,
  "I2": 0,
  "H2": 1,
  "Q": 0.00001,
  "Qdf": 1,
  "Qp": 0.997456,
  "PI_low_OR": 0.936612,
  "PI_high_OR": 1.050373,
  "pi_df_convention": "t_{k-1}_Cochrane_v6.5",
  "hksj_floor_applied": true,
  "method": "REML+HKSJ",
  "trials": [
    {
      "name": "EMERGE",
      "nct": "NCT02477800",
      "tE": 0,
      "tN": 547,
      "cE": 0,
      "cN": 545,
      "yi": -0.00366,
      "vi": 4.00366
    },
    {
      "name": "ENGAGE",
      "nct": "NCT02484547",
      "tE": 0,
      "tN": 555,
      "cE": 0,
      "cN": 548,
      "yi": -0.012681,
      "vi": 4.003623
    }
  ]
}
