{
  "k": 3,
  "pooled_logOR": -0.160997,
  "pooled_se": 0.055856,
  "pooled_OR": 0.851294,
  "ci_low_OR": 0.669432,
  "ci_high_OR": 1.082564,
  "tau2": 0.005961,
  "I2": 57.828298,
  "H2": 2.371258,
  "Q": 4.887629,
  "Qdf": 2,
  "Qp": 0.086829,
  "PI_low_OR": 0.564957,
  "PI_high_OR": 1.282757,
  "pi_df_convention": "t_{k-1}_Cochrane_v6.5",
  "hksj_floor_applied": false,
  "method": "REML+HKSJ",
  "trials": [
    {
      "name": "PARADIGM-HF",
      "nct": "NCT01035255",
      "tE": 914,
      "tN": 4187,
      "cE": 1117,
      "cN": 4212,
      "yi": -0.25649,
      "vi": 0.002618
    },
    {
      "name": "PARAGON-HF",
      "nct": "NCT01920711",
      "tE": 526,
      "tN": 2407,
      "cE": 557,
      "cN": 2389,
      "yi": -0.083659,
      "vi": 0.004774
    },
    {
      "name": "PARADISE-MI",
      "nct": "NCT02924727",
      "tE": 338,
      "tN": 2830,
      "cE": 373,
      "cN": 2831,
      "yi": -0.11227,
      "vi": 0.006448
    }
  ]
}
