{
  "k": 3,
  "pooled_logOR": -1.008074,
  "pooled_se": 0.130747,
  "pooled_OR": 0.364921,
  "ci_low_OR": 0.207914,
  "ci_high_OR": 0.640494,
  "tau2": 0.03701,
  "I2": 71.250621,
  "H2": 3.478336,
  "Q": 7.092716,
  "Qdf": 2,
  "Qp": 0.028829,
  "PI_low_OR": 0.134137,
  "PI_high_OR": 0.992772,
  "pi_df_convention": "t_{k-1}_Cochrane_v6.5",
  "hksj_floor_applied": false,
  "method": "REML+HKSJ",
  "trials": [
    {
      "name": "SPARTAN",
      "nct": "NCT01946204",
      "tE": 184,
      "tN": 806,
      "cE": 194,
      "cN": 401,
      "yi": -1.153144,
      "vi": 0.017028
    },
    {
      "name": "PROSPER",
      "nct": "NCT02003924",
      "tE": 219,
      "tN": 933,
      "cE": 228,
      "cN": 468,
      "yi": -1.130518,
      "vi": 0.014519
    },
    {
      "name": "ARAMIS",
      "nct": "NCT02200614",
      "tE": 221,
      "tN": 955,
      "cE": 216,
      "cN": 554,
      "yi": -0.752579,
      "vi": 0.013475
    }
  ]
}
