{
  "k": 4,
  "pooled_logOR": -0.452867,
  "pooled_se": 0.080693,
  "pooled_OR": 0.635803,
  "ci_low_OR": 0.491808,
  "ci_high_OR": 0.821957,
  "tau2": 0,
  "I2": 0,
  "H2": 1,
  "Q": 1.533904,
  "Qdf": 3,
  "Qp": 0.674468,
  "PI_low_OR": 0.491808,
  "PI_high_OR": 0.821957,
  "pi_df_convention": "t_{k-1}_Cochrane_v6.5",
  "hksj_floor_applied": true,
  "method": "REML+HKSJ",
  "trials": [
    {
      "name": "ATTR-ACT",
      "nct": "NCT01994889",
      "tE": 78,
      "tN": 264,
      "cE": 76,
      "cN": 177,
      "yi": -0.584651,
      "vi": 0.041256
    },
    {
      "name": "ATTRibute-CM",
      "nct": "NCT03860935",
      "tE": 79,
      "tN": 409,
      "cE": 52,
      "cN": 202,
      "yi": -0.370253,
      "vi": 0.041586
    },
    {
      "name": "HELIOS-B",
      "nct": "NCT05534659",
      "tE": 53,
      "tN": 326,
      "cE": 79,
      "cN": 329,
      "yi": -0.487167,
      "vi": 0.039189
    },
    {
      "name": "APOLLO-B",
      "nct": "NCT03997383",
      "tE": 10,
      "tN": 181,
      "cE": 10,
      "cN": 179,
      "yi": -0.011765,
      "vi": 0.211765
    }
  ]
}
