{
  "k": 3,
  "effect_type": "MD",
  "pooled_MD": -21.802147,
  "pooled_se": 6.028689,
  "ci_low_MD": -47.741502,
  "ci_high_MD": 4.137207,
  "tau2": 101.341037,
  "I2": 94.114664,
  "H2": 16.991384,
  "Q": 28.842445,
  "Qdf": 2,
  "Qp": 5.456858e-07,
  "PI_low_MD": -72.289359,
  "PI_high_MD": 28.685064,
  "pi_df_convention": "t_{k-1}_Cochrane_v6.5",
  "hksj_floor_applied": false,
  "method": "REML+HKSJ+continuous",
  "trials": [
    {
      "name": "APOLLO",
      "nct": "NCT01960348",
      "md": -34,
      "se": 3.01
    },
    {
      "name": "HELIOS-A",
      "nct": "NCT03759379",
      "md": -17,
      "se": 2.46
    },
    {
      "name": "NEURO-TTRansform",
      "nct": "NCT04136184",
      "md": -14.83,
      "se": 2.16
    }
  ]
}
