{
  "k": 3,
  "pooled_logOR": -0.154434,
  "pooled_se": 0.005018,
  "pooled_OR": 0.8569,
  "ci_low_OR": 0.838597,
  "ci_high_OR": 0.875603,
  "tau2": 0,
  "I2": 0,
  "H2": 1,
  "Q": 0.122988,
  "Qdf": 2,
  "Qp": 0.940358,
  "PI_low_OR": 0.838597,
  "PI_high_OR": 0.875603,
  "pi_df_convention": "t_{k-1}_Cochrane_v6.5",
  "hksj_floor_applied": true,
  "method": "REML+HKSJ",
  "trials": [
    {
      "name": "MORDOR-I",
      "nct": "NCT02047981",
      "tE": 3000,
      "tN": 95000,
      "cE": 3500,
      "cN": 95000,
      "yi": -0.1596,
      "vi": 0.000641
    },
    {
      "name": "MORDOR-II",
      "nct": "NCT02048007",
      "tE": 1100,
      "tN": 50000,
      "cE": 1265,
      "cN": 50000,
      "yi": -0.143142,
      "vi": 0.001741
    },
    {
      "name": "AVENIR",
      "nct": "NCT04224987",
      "tE": 580,
      "tN": 45000,
      "cE": 672,
      "cN": 45000,
      "yi": -0.149304,
      "vi": 0.003257
    }
  ]
}
