{
  "k": 4,
  "pooled_logOR": 0.491115,
  "pooled_se": 0.03304,
  "pooled_OR": 1.634138,
  "ci_low_OR": 1.471037,
  "ci_high_OR": 1.815322,
  "tau2": 0,
  "I2": 0,
  "H2": 1,
  "Q": 0.39304,
  "Qdf": 3,
  "Qp": 0.941677,
  "PI_low_OR": 1.471037,
  "PI_high_OR": 1.815322,
  "pi_df_convention": "t_{k-1}_Cochrane_v6.5",
  "hksj_floor_applied": true,
  "method": "REML+HKSJ",
  "trials": [
    {
      "name": "BLISS-52",
      "nct": "NCT00424476",
      "tE": 118,
      "tN": 205,
      "cE": 93,
      "cN": 213,
      "yi": 0.559669,
      "vi": 0.039055
    },
    {
      "name": "BLISS-76",
      "nct": "NCT00410384",
      "tE": 85,
      "tN": 197,
      "cE": 66,
      "cN": 195,
      "yi": 0.39431,
      "vi": 0.043597
    },
    {
      "name": "BLISS-SC",
      "nct": "NCT01484496",
      "tE": 341,
      "tN": 556,
      "cE": 136,
      "cN": 280,
      "yi": 0.518403,
      "vi": 0.021881
    },
    {
      "name": "BLISS-LN",
      "nct": "NCT01639339",
      "tE": 96,
      "tN": 223,
      "cE": 72,
      "cN": 223,
      "yi": 0.460775,
      "vi": 0.038802
    }
  ]
}
