{
  "k": 4,
  "pooled_logOR": 0.13206,
  "pooled_se": 0.144504,
  "pooled_OR": 1.141176,
  "ci_low_OR": 0.720496,
  "ci_high_OR": 1.807481,
  "tau2": 0.072081,
  "I2": 64.73769,
  "H2": 2.835889,
  "Q": 9.062931,
  "Qdf": 3,
  "Qp": 0.028466,
  "PI_low_OR": 0.432464,
  "PI_high_OR": 3.011312,
  "pi_df_convention": "t_{k-1}_Cochrane_v6.5",
  "hksj_floor_applied": false,
  "method": "REML+HKSJ",
  "trials": [
    {
      "name": "CLEAR Outcomes",
      "nct": "NCT02993406",
      "tE": 819,
      "tN": 6992,
      "cE": 927,
      "cN": 6978,
      "yi": -0.143831,
      "vi": 0.002627
    },
    {
      "name": "CLEAR Harmony",
      "nct": "NCT02666664",
      "tE": 108,
      "tN": 1488,
      "cE": 40,
      "cN": 742,
      "yi": 0.317346,
      "vi": 0.036408
    },
    {
      "name": "CLEAR Wisdom",
      "nct": "NCT02973841",
      "tE": 54,
      "tN": 522,
      "cE": 18,
      "cN": 257,
      "yi": 0.426608,
      "vi": 0.080395
    },
    {
      "name": "CLEAR Serenity",
      "nct": "NCT02988115",
      "tE": 5,
      "tN": 234,
      "cE": 2,
      "cN": 111,
      "yi": 0.173917,
      "vi": 0.713541
    }
  ]
}
