{
  "k": 3,
  "pooled_logOR": 3.991488,
  "pooled_se": 1.136383,
  "pooled_OR": 54.135376,
  "ci_low_OR": 0.407395,
  "ci_high_OR": 7193.605798,
  "tau2": 3.546501,
  "I2": 93.03108,
  "H2": 14.349426,
  "Q": 33.222869,
  "Qdf": 2,
  "Qp": 6.105842e-08,
  "PI_low_OR": 0.004202,
  "PI_high_OR": 697485.697429,
  "pi_df_convention": "t_{k-1}_Cochrane_v6.5",
  "hksj_floor_applied": false,
  "method": "REML+HKSJ",
  "trials": [
    {
      "name": "BE-VIVID",
      "nct": "NCT03370133",
      "tE": 273,
      "tN": 321,
      "cE": 4,
      "cN": 83,
      "yi": 4.721424,
      "vi": 0.287155
    },
    {
      "name": "BE-READY",
      "nct": "NCT03410992",
      "tE": 273,
      "tN": 349,
      "cE": 1,
      "cN": 86,
      "yi": 5.72139,
      "vi": 1.028586
    },
    {
      "name": "BE-SURE",
      "nct": "NCT03412747",
      "tE": 275,
      "tN": 319,
      "cE": 75,
      "cN": 159,
      "yi": 1.94591,
      "vi": 0.051602
    }
  ]
}
