{
  "k": 3,
  "pooled_logOR": 1.085416,
  "pooled_se": 0.435754,
  "pooled_OR": 2.960671,
  "ci_low_OR": 0.45408,
  "ci_high_OR": 19.304037,
  "tau2": 0.469142,
  "I2": 84.370616,
  "H2": 6.398205,
  "Q": 11.65555,
  "Qdf": 2,
  "Qp": 0.002945,
  "PI_low_OR": 0.090041,
  "PI_high_OR": 97.350683,
  "pi_df_convention": "t_{k-1}_Cochrane_v6.5",
  "hksj_floor_applied": false,
  "method": "REML+HKSJ",
  "trials": [
    {
      "name": "TB-PRACTECAL",
      "nct": "NCT02589782",
      "tE": 123,
      "tN": 138,
      "cE": 60,
      "cN": 113,
      "yi": 1.980082,
      "vi": 0.110331
    },
    {
      "name": "STREAM-2",
      "nct": "NCT02409290",
      "tE": 172,
      "tN": 207,
      "cE": 143,
      "cN": 202,
      "yi": 0.706839,
      "vi": 0.058328
    },
    {
      "name": "endTB-MDR",
      "nct": "NCT02754765",
      "tE": 136,
      "tN": 155,
      "cE": 120,
      "cN": 151,
      "yi": 0.614711,
      "vi": 0.100576
    }
  ]
}
