{
  "k": 2,
  "pooled_logOR": -1.585493,
  "pooled_se": 0.549641,
  "pooled_OR": 0.204847,
  "ci_low_OR": 0.00019,
  "ci_high_OR": 221.043062,
  "tau2": 0.425466,
  "I2": 68.989823,
  "H2": 3.224748,
  "Q": 3.224748,
  "Qdf": 1,
  "Qp": 0.072533,
  "PI_low_OR": 4.022522e-06,
  "PI_high_OR": 10431.822873,
  "pi_df_convention": "t_{k-1}_Cochrane_v6.5",
  "hksj_floor_applied": false,
  "method": "REML+HKSJ",
  "trials": [
    {
      "name": "HPTN 083",
      "nct": "NCT02720094",
      "tE": 13,
      "tN": 2282,
      "cE": 39,
      "cN": 2284,
      "yi": -1.109246,
      "vi": 0.10345
    },
    {
      "name": "HPTN 084",
      "nct": "NCT03164564",
      "tE": 4,
      "tN": 1614,
      "cE": 36,
      "cN": 1610,
      "yi": -2.219839,
      "vi": 0.279034
    }
  ]
}
