{
  "k": 3,
  "pooled_logOR": 0.288016,
  "pooled_se": 0.250719,
  "pooled_OR": 1.333779,
  "ci_low_OR": 0.453509,
  "ci_high_OR": 3.922668,
  "tau2": 0,
  "I2": 0,
  "H2": 1,
  "Q": 1.028871,
  "Qdf": 2,
  "Qp": 0.597838,
  "PI_low_OR": 0.453509,
  "PI_high_OR": 3.922668,
  "pi_df_convention": "t_{k-1}_Cochrane_v6.5",
  "hksj_floor_applied": true,
  "method": "REML+HKSJ",
  "trials": [
    {
      "name": "ATLAS",
      "nct": "NCT02951052",
      "tE": 5,
      "tN": 308,
      "cE": 3,
      "cN": 308,
      "yi": 0.517405,
      "vi": 0.539912
    },
    {
      "name": "FLAIR",
      "nct": "NCT02938520",
      "tE": 6,
      "tN": 283,
      "cE": 7,
      "cN": 283,
      "yi": -0.157767,
      "vi": 0.316757
    },
    {
      "name": "ATLAS-2M",
      "nct": "NCT03299049",
      "tE": 9,
      "tN": 522,
      "cE": 5,
      "cN": 523,
      "yi": 0.597486,
      "vi": 0.314991
    }
  ]
}
