{
  "k": 3,
  "pooled_logOR": -0.1031,
  "pooled_se": 0.090428,
  "pooled_OR": 0.902037,
  "ci_low_OR": 0.611293,
  "ci_high_OR": 1.331067,
  "tau2": 0.017575,
  "I2": 68.417648,
  "H2": 3.166325,
  "Q": 6.676187,
  "Qdf": 2,
  "Qp": 0.035505,
  "PI_low_OR": 0.45223,
  "PI_high_OR": 1.79924,
  "pi_df_convention": "t_{k-1}_Cochrane_v6.5",
  "hksj_floor_applied": false,
  "method": "REML+HKSJ",
  "trials": [
    {
      "name": "CHAMPION-PCI",
      "nct": "NCT00305162",
      "tE": 335,
      "tN": 4459,
      "cE": 317,
      "cN": 4466,
      "yi": 0.061273,
      "vi": 0.006623
    },
    {
      "name": "CHAMPION-PLATFORM",
      "nct": "NCT00385138",
      "tE": 185,
      "tN": 2654,
      "cE": 210,
      "cN": 2641,
      "yi": -0.142262,
      "vi": 0.010984
    },
    {
      "name": "CHAMPION-PHOENIX",
      "nct": "NCT01156571",
      "tE": 257,
      "tN": 5472,
      "cE": 322,
      "cN": 5470,
      "yi": -0.238406,
      "vi": 0.007383
    }
  ]
}
