{
  "k": 3,
  "pooled_logOR": -0.757256,
  "pooled_se": 0.369091,
  "pooled_OR": 0.468951,
  "ci_low_OR": 0.095816,
  "ci_high_OR": 2.295184,
  "tau2": 0.344985,
  "I2": 83.951809,
  "H2": 6.231232,
  "Q": 12.973115,
  "Qdf": 2,
  "Qp": 0.001524,
  "PI_low_OR": 0.023707,
  "PI_high_OR": 9.276395,
  "pi_df_convention": "t_{k-1}_Cochrane_v6.5",
  "hksj_floor_applied": false,
  "method": "REML+HKSJ",
  "trials": [
    {
      "name": "ZUMA-7",
      "nct": "NCT03391466",
      "tE": 108,
      "tN": 180,
      "cE": 144,
      "cN": 179,
      "yi": -1.009,
      "vi": 0.058664
    },
    {
      "name": "TRANSFORM",
      "nct": "NCT03575351",
      "tE": 35,
      "tN": 92,
      "cE": 63,
      "cN": 92,
      "yi": -1.263542,
      "vi": 0.096471
    },
    {
      "name": "BELINDA",
      "nct": "NCT03570892",
      "tE": 94,
      "tN": 162,
      "cE": 95,
      "cN": 160,
      "yi": -0.055703,
      "vi": 0.051255
    }
  ]
}
