{
  "k": 2,
  "pooled_logOR": -1.145661,
  "pooled_se": 0.158404,
  "pooled_OR": 0.318014,
  "ci_low_OR": 0.042495,
  "ci_high_OR": 2.379886,
  "tau2": 0.000549,
  "I2": 1.092213,
  "H2": 1.011043,
  "Q": 1.011043,
  "Qdf": 1,
  "Qp": 0.314653,
  "PI_low_OR": 0.041574,
  "PI_high_OR": 2.432619,
  "pi_df_convention": "t_{k-1}_Cochrane_v6.5",
  "hksj_floor_applied": false,
  "method": "REML+HKSJ",
  "trials": [
    {
      "name": "CARTITUDE-4",
      "nct": "NCT04181827",
      "tE": 45,
      "tN": 208,
      "cE": 106,
      "cN": 211,
      "yi": -1.296566,
      "vi": 0.047315
    },
    {
      "name": "KarMMa-3",
      "nct": "NCT03651128",
      "tE": 120,
      "tN": 254,
      "cE": 93,
      "cN": 132,
      "yi": -0.979386,
      "vi": 0.05219
    }
  ]
}
