{
  "k": 4,
  "pooled_logOR": 0.949745,
  "pooled_se": 0.119333,
  "pooled_OR": 2.585049,
  "ci_low_OR": 1.768222,
  "ci_high_OR": 3.779208,
  "tau2": 0,
  "I2": 0,
  "H2": 1,
  "Q": 1.228584,
  "Qdf": 3,
  "Qp": 0.746157,
  "PI_low_OR": 1.768222,
  "PI_high_OR": 3.779208,
  "pi_df_convention": "t_{k-1}_Cochrane_v6.5",
  "hksj_floor_applied": true,
  "method": "REML+HKSJ",
  "trials": [
    {
      "name": "GWPCARE1",
      "nct": "NCT02091375",
      "tE": 26,
      "tN": 61,
      "cE": 16,
      "cN": 59,
      "yi": 0.69136,
      "vi": 0.152789
    },
    {
      "name": "GWPCARE2",
      "nct": "NCT02224690",
      "tE": 31,
      "tN": 67,
      "cE": 17,
      "cN": 65,
      "yi": 0.888456,
      "vi": 0.139693
    },
    {
      "name": "GWPCARE3",
      "nct": "NCT02224560",
      "tE": 30,
      "tN": 76,
      "cE": 11,
      "cN": 73,
      "yi": 1.301795,
      "vi": 0.162111
    },
    {
      "name": "GWPCARE4",
      "nct": "NCT02224703",
      "tE": 38,
      "tN": 86,
      "cE": 20,
      "cN": 85,
      "yi": 0.94504,
      "vi": 0.112534
    }
  ]
}
