{
  "k": 3,
  "pooled_logOR": -0.796276,
  "pooled_se": 0.06898,
  "pooled_OR": 0.451005,
  "ci_low_OR": 0.335185,
  "ci_high_OR": 0.606847,
  "tau2": 0,
  "I2": 0,
  "H2": 1,
  "Q": 0.923755,
  "Qdf": 2,
  "Qp": 0.6301,
  "PI_low_OR": 0.335185,
  "PI_high_OR": 0.606847,
  "pi_df_convention": "t_{k-1}_Cochrane_v6.5",
  "hksj_floor_applied": true,
  "method": "REML+HKSJ",
  "trials": [
    {
      "name": "PALOMA-2",
      "nct": "NCT01740427",
      "tE": 194,
      "tN": 444,
      "cE": 137,
      "cN": 222,
      "yi": -0.730932,
      "vi": 0.028219
    },
    {
      "name": "MONALEESA-2",
      "nct": "NCT01958021",
      "tE": 93,
      "tN": 334,
      "cE": 150,
      "cN": 334,
      "yi": -0.747897,
      "vi": 0.027004
    },
    {
      "name": "MONARCH-3",
      "nct": "NCT02246621",
      "tE": 151,
      "tN": 328,
      "cE": 114,
      "cN": 165,
      "yi": -0.963243,
      "vi": 0.040652
    }
  ]
}
