{
  "k": 3,
  "pooled_logOR": -0.230584,
  "pooled_se": 0.232112,
  "pooled_OR": 0.79407,
  "ci_low_OR": 0.292503,
  "ci_high_OR": 2.155696,
  "tau2": 0,
  "I2": 0,
  "H2": 1,
  "Q": 0.080639,
  "Qdf": 2,
  "Qp": 0.960482,
  "PI_low_OR": 0.292503,
  "PI_high_OR": 2.155696,
  "pi_df_convention": "t_{k-1}_Cochrane_v6.5",
  "hksj_floor_applied": true,
  "method": "REML+HKSJ",
  "trials": [
    {
      "name": "TRAFFIC",
      "nct": "NCT01807923",
      "tE": 0,
      "tN": 369,
      "cE": 0,
      "cN": 184,
      "yi": -0.694501,
      "vi": 4.008126
    },
    {
      "name": "EVOLVE",
      "nct": "NCT02347657",
      "tE": 0,
      "tN": 251,
      "cE": 0,
      "cN": 248,
      "yi": -0.012,
      "vi": 4.008
    },
    {
      "name": "VX18-445-102",
      "nct": "NCT03525444",
      "tE": 0,
      "tN": 200,
      "cE": 0,
      "cN": 203,
      "yi": 0.014852,
      "vi": 4.009902
    }
  ]
}
