{
  "k": 3,
  "effect_type": "MD",
  "pooled_MD": 11.670713,
  "pooled_se": 1.391207,
  "ci_low_MD": 5.684832,
  "ci_high_MD": 17.656594,
  "tau2": 4.774512,
  "I2": 79.042725,
  "H2": 4.771613,
  "Q": 10.855422,
  "Qdf": 2,
  "Qp": 0.004393,
  "PI_low_MD": 0.52529,
  "PI_high_MD": 22.816136,
  "pi_df_convention": "t_{k-1}_Cochrane_v6.5",
  "hksj_floor_applied": false,
  "method": "REML+HKSJ+continuous",
  "trials": [
    {
      "name": "STRIVE-CF",
      "nct": "NCT00909532",
      "md": 10.5,
      "se": 1.65
    },
    {
      "name": "VX17-445-102",
      "nct": "NCT03525444",
      "md": 10,
      "se": 0.9
    },
    {
      "name": "VX17-445-103",
      "nct": "NCT03525548",
      "md": 14.3,
      "se": 1
    }
  ]
}
