{
  "k": 4,
  "pooled_logOR": 0.173478,
  "pooled_se": 0.172123,
  "pooled_OR": 1.189435,
  "ci_low_OR": 0.687775,
  "ci_high_OR": 2.057001,
  "tau2": 0,
  "I2": 0,
  "H2": 1,
  "Q": 0.088717,
  "Qdf": 3,
  "Qp": 0.993156,
  "PI_low_OR": 0.687775,
  "PI_high_OR": 2.057001,
  "pi_df_convention": "t_{k-1}_Cochrane_v6.5",
  "hksj_floor_applied": true,
  "method": "REML+HKSJ",
  "trials": [
    {
      "name": "STRIVE",
      "nct": "NCT02456740",
      "tE": 0,
      "tN": 319,
      "cE": 0,
      "cN": 316,
      "yi": -0.009434,
      "vi": 4.006289
    },
    {
      "name": "HALO-EM",
      "nct": "NCT02629861",
      "tE": 0,
      "tN": 290,
      "cE": 0,
      "cN": 294,
      "yi": 0.013675,
      "vi": 4.006838
    },
    {
      "name": "EVOLVE-1",
      "nct": "NCT02614183",
      "tE": 0,
      "tN": 213,
      "cE": 0,
      "cN": 425,
      "yi": 0.689628,
      "vi": 4.007034
    },
    {
      "name": "PROMISE-1",
      "nct": "NCT02559895",
      "tE": 0,
      "tN": 222,
      "cE": 0,
      "cN": 222,
      "yi": 0,
      "vi": 4.008989
    }
  ]
}
