{
  "k": 3,
  "pooled_logOR": -0.146468,
  "pooled_se": 0.080129,
  "pooled_OR": 0.863753,
  "ci_low_OR": 0.611871,
  "ci_high_OR": 1.219326,
  "tau2": 0.010138,
  "I2": 47.895585,
  "H2": 1.919223,
  "Q": 3.805432,
  "Qdf": 2,
  "Qp": 0.149163,
  "PI_low_OR": 0.496518,
  "PI_high_OR": 1.502603,
  "pi_df_convention": "t_{k-1}_Cochrane_v6.5",
  "hksj_floor_applied": false,
  "method": "REML+HKSJ",
  "trials": [
    {
      "name": "COLCOT",
      "nct": "NCT02551094",
      "tE": 131,
      "tN": 2366,
      "cE": 170,
      "cN": 2379,
      "yi": -0.272302,
      "vi": 0.014416
    },
    {
      "name": "CLEAR SYNERGY",
      "nct": "NCT03048825",
      "tE": 322,
      "tN": 3528,
      "cE": 327,
      "cN": 3534,
      "yi": -0.015097,
      "vi": 0.006787
    },
    {
      "name": "CONVINCE",
      "nct": "NCT02898610",
      "tE": 153,
      "tN": 1569,
      "cE": 185,
      "cN": 1575,
      "yi": -0.20845,
      "vi": 0.013367
    }
  ]
}
