{
  "k": 2,
  "pooled_logOR": -2.736457,
  "pooled_se": 1.454973,
  "pooled_OR": 0.0648,
  "ci_low_OR": 6.063059e-10,
  "ci_high_OR": 6925510.613133,
  "tau2": 4.144324,
  "I2": 97.846408,
  "H2": 46.434042,
  "Q": 46.434042,
  "Qdf": 1,
  "Qp": 9.47549e-12,
  "PI_low_OR": 1.008216e-15,
  "PI_high_OR": 4164761421610.2065,
  "pi_df_convention": "t_{k-1}_Cochrane_v6.5",
  "hksj_floor_applied": false,
  "method": "REML+HKSJ",
  "trials": [
    {
      "name": "ETHOS",
      "nct": "NCT02465567",
      "tE": 1523,
      "tN": 2137,
      "cE": 1912,
      "cN": 2120,
      "yi": -1.309925,
      "vi": 0.007616
    },
    {
      "name": "KRONOS",
      "nct": "NCT02497001",
      "tE": 385,
      "tN": 639,
      "cE": 619,
      "cN": 625,
      "yi": -4.220437,
      "vi": 0.174817
    }
  ]
}
