{
  "k": 2,
  "pooled_logOR": -1.275114,
  "pooled_se": 0.929264,
  "pooled_OR": 0.279399,
  "ci_low_OR": 2.081268e-06,
  "ci_high_OR": 37507.820908,
  "tau2": 1.599928,
  "I2": 92.368391,
  "H2": 13.103397,
  "Q": 13.103397,
  "Qdf": 1,
  "Qp": 0.000295,
  "PI_low_OR": 6.097179e-10,
  "PI_high_OR": 128032719.036378,
  "pi_df_convention": "t_{k-1}_Cochrane_v6.5",
  "hksj_floor_applied": false,
  "method": "REML+HKSJ",
  "trials": [
    {
      "name": "EPIC-HR",
      "nct": "NCT04960202",
      "tE": 5,
      "tN": 697,
      "cE": 44,
      "cN": 682,
      "yi": -2.255999,
      "vi": 0.22574
    },
    {
      "name": "MOVe-OUT",
      "nct": "NCT04575597",
      "tE": 48,
      "tN": 709,
      "cE": 68,
      "cN": 699,
      "yi": -0.394755,
      "vi": 0.038637
    }
  ]
}
