{
  "k": 4,
  "pooled_logOR": -0.606744,
  "pooled_se": 0.11637,
  "pooled_OR": 0.545123,
  "ci_low_OR": 0.376407,
  "ci_high_OR": 0.789462,
  "tau2": 0.017358,
  "I2": 29.308382,
  "H2": 1.414595,
  "Q": 4.045411,
  "Qdf": 3,
  "Qp": 0.256602,
  "PI_low_OR": 0.311561,
  "PI_high_OR": 0.953777,
  "pi_df_convention": "t_{k-1}_Cochrane_v6.5",
  "hksj_floor_applied": false,
  "method": "REML+HKSJ",
  "trials": [
    {
      "name": "BEACON-CRC",
      "nct": "NCT02928224",
      "tE": 152,
      "tN": 220,
      "cE": 187,
      "cN": 221,
      "yi": -0.900375,
      "vi": 0.056044
    },
    {
      "name": "KEYNOTE-177",
      "nct": "NCT02563002",
      "tE": 84,
      "tN": 153,
      "cE": 105,
      "cN": 154,
      "yi": -0.56543,
      "vi": 0.056329
    },
    {
      "name": "CheckMate-8HW",
      "nct": "NCT04008030",
      "tE": 52,
      "tN": 354,
      "cE": 92,
      "cN": 353,
      "yi": -0.716451,
      "vi": 0.037243
    },
    {
      "name": "PARADIGM",
      "nct": "NCT02394795",
      "tE": 290,
      "tN": 400,
      "cE": 318,
      "cN": 402,
      "yi": -0.361834,
      "vi": 0.027589
    }
  ]
}
