{
  "k": 3,
  "pooled_logOR": 0.01151,
  "pooled_se": 0.595377,
  "pooled_OR": 1.011576,
  "ci_low_OR": 0.078067,
  "ci_high_OR": 13.107866,
  "tau2": 0.98889,
  "I2": 90.26784,
  "H2": 10.275211,
  "Q": 27.397802,
  "Qdf": 2,
  "Qp": 1.123681e-06,
  "PI_low_OR": 0.006906,
  "PI_high_OR": 148.181715,
  "pi_df_convention": "t_{k-1}_Cochrane_v6.5",
  "hksj_floor_applied": false,
  "method": "REML+HKSJ",
  "trials": [
    {
      "name": "Protocol S DRCR (Gross 2015)",
      "nct": "NCT01489189",
      "tE": 6,
      "tN": 191,
      "cE": 8,
      "cN": 203,
      "yi": -0.235038,
      "vi": 0.3022
    },
    {
      "name": "PANORAMA (Brown 2021)",
      "nct": "NCT02718326",
      "tE": 79,
      "tN": 269,
      "cE": 16,
      "cN": 133,
      "yi": 1.112009,
      "vi": 0.088968
    },
    {
      "name": "Protocol W DRCR (Maturi 2021)",
      "nct": "NCT02634333",
      "tE": 41,
      "tN": 200,
      "cE": 75,
      "cN": 199,
      "yi": -0.852539,
      "vi": 0.052077
    }
  ]
}
