{
  "k": 3,
  "pooled_logOR": 0.087297,
  "pooled_se": 0.054828,
  "pooled_OR": 1.091221,
  "ci_low_OR": 0.861907,
  "ci_high_OR": 1.381546,
  "tau2": 0,
  "I2": 0,
  "H2": 1,
  "Q": 0.087977,
  "Qdf": 2,
  "Qp": 0.956965,
  "PI_low_OR": 0.861907,
  "PI_high_OR": 1.381546,
  "pi_df_convention": "t_{k-1}_Cochrane_v6.5",
  "hksj_floor_applied": true,
  "method": "REML+HKSJ",
  "trials": [
    {
      "name": "Protocol T DRCR (Wells 2015)",
      "nct": "NCT01627249",
      "tE": 11,
      "tN": 224,
      "cE": 9,
      "cN": 218,
      "yi": 0.181713,
      "vi": 0.2115
    },
    {
      "name": "YOSEMITE (Wykoff 2022)",
      "nct": "NCT03622580",
      "tE": 10,
      "tN": 315,
      "cE": 10,
      "cN": 312,
      "yi": -0.009885,
      "vi": 0.20659
    },
    {
      "name": "RHINE (Wykoff 2022)",
      "nct": "NCT03622593",
      "tE": 11,
      "tN": 317,
      "cE": 10,
      "cN": 315,
      "yi": 0.092037,
      "vi": 0.197456
    }
  ]
}
