{
  "k": 4,
  "pooled_logOR": -0.447231,
  "pooled_se": 0.298936,
  "pooled_OR": 0.639396,
  "ci_low_OR": 0.246947,
  "ci_high_OR": 1.655525,
  "tau2": 0.117029,
  "I2": 54.166439,
  "H2": 2.181807,
  "Q": 7.116651,
  "Qdf": 3,
  "Qp": 0.068271,
  "PI_low_OR": 0.150615,
  "PI_high_OR": 2.714389,
  "pi_df_convention": "t_{k-1}_Cochrane_v6.5",
  "hksj_floor_applied": false,
  "method": "REML+HKSJ",
  "trials": [
    {
      "name": "HOKUSAI VTE-Cancer",
      "nct": "NCT02073682",
      "tE": 67,
      "tN": 522,
      "cE": 71,
      "cN": 524,
      "yi": -0.062393,
      "vi": 0.033415
    },
    {
      "name": "SELECT-D",
      "nct": "NCT02583191",
      "tE": 8,
      "tN": 101,
      "cE": 18,
      "cN": 102,
      "yi": -0.912713,
      "vi": 0.203213
    },
    {
      "name": "ADAM VTE",
      "nct": "NCT02585713",
      "tE": 1,
      "tN": 145,
      "cE": 9,
      "cN": 142,
      "yi": -2.276689,
      "vi": 1.125574
    },
    {
      "name": "CARAVAGGIO",
      "nct": "NCT03045406",
      "tE": 32,
      "tN": 576,
      "cE": 46,
      "cN": 579,
      "yi": -0.383333,
      "vi": 0.056704
    }
  ]
}
