{
  "k": 4,
  "pooled_logOR": -0.28242,
  "pooled_se": 0.043033,
  "pooled_OR": 0.753957,
  "ci_low_OR": 0.65746,
  "ci_high_OR": 0.864616,
  "tau2": 0,
  "I2": 0,
  "H2": 1,
  "Q": 2.192419,
  "Qdf": 3,
  "Qp": 0.533443,
  "PI_low_OR": 0.65746,
  "PI_high_OR": 0.864616,
  "pi_df_convention": "t_{k-1}_Cochrane_v6.5",
  "hksj_floor_applied": true,
  "method": "REML+HKSJ",
  "trials": [
    {
      "name": "RE-LY",
      "nct": "NCT00262600",
      "tE": 134,
      "tN": 6076,
      "cE": 202,
      "cN": 6022,
      "yi": -0.431173,
      "vi": 0.012753
    },
    {
      "name": "ROCKET-AF",
      "nct": "NCT00403767",
      "tE": 188,
      "tN": 7081,
      "cE": 241,
      "cN": 7090,
      "yi": -0.254759,
      "vi": 0.00976
    },
    {
      "name": "ARISTOTLE",
      "nct": "NCT00412984",
      "tE": 212,
      "tN": 9120,
      "cE": 265,
      "cN": 9081,
      "yi": -0.233525,
      "vi": 0.008716
    },
    {
      "name": "ENGAGE-AF-TIMI-48",
      "nct": "NCT00781391",
      "tE": 182,
      "tN": 7035,
      "cE": 232,
      "cN": 7036,
      "yi": -0.249907,
      "vi": 0.010098
    }
  ]
}
