{
  "k": 4,
  "pooled_logOR": -0.211737,
  "pooled_se": 0.06148,
  "pooled_OR": 0.809178,
  "ci_low_OR": 0.665382,
  "ci_high_OR": 0.98405,
  "tau2": 0.004751,
  "I2": 35.932127,
  "H2": 1.560845,
  "Q": 4.988813,
  "Qdf": 3,
  "Qp": 0.172618,
  "PI_low_OR": 0.603096,
  "PI_high_OR": 1.085678,
  "pi_df_convention": "t_{k-1}_Cochrane_v6.5",
  "hksj_floor_applied": false,
  "method": "REML+HKSJ",
  "trials": [
    {
      "name": "RE-LY",
      "nct": "NCT00262600",
      "tE": 134,
      "tN": 6076,
      "cE": 199,
      "cN": 6022,
      "yi": -0.415695,
      "vi": 0.012828
    },
    {
      "name": "ROCKET-AF",
      "nct": "NCT00403767",
      "tE": 269,
      "tN": 7081,
      "cE": 306,
      "cN": 7090,
      "yi": -0.132993,
      "vi": 0.00728
    },
    {
      "name": "ARISTOTLE",
      "nct": "NCT00412984",
      "tE": 212,
      "tN": 9120,
      "cE": 265,
      "cN": 9081,
      "yi": -0.233525,
      "vi": 0.008716
    },
    {
      "name": "ENGAGE AF-TIMI 48",
      "nct": "NCT00781391",
      "tE": 296,
      "tN": 7035,
      "cE": 337,
      "cN": 7036,
      "yi": -0.135677,
      "vi": 0.006643
    }
  ]
}
