{
  "k": 4,
  "pooled_logOR": -0.149875,
  "pooled_se": 0.069611,
  "pooled_OR": 0.860816,
  "ci_low_OR": 0.689763,
  "ci_high_OR": 1.074288,
  "tau2": 0,
  "I2": 0,
  "H2": 1,
  "Q": 1.924754,
  "Qdf": 3,
  "Qp": 0.58817,
  "PI_low_OR": 0.689763,
  "PI_high_OR": 1.074288,
  "pi_df_convention": "t_{k-1}_Cochrane_v6.5",
  "hksj_floor_applied": true,
  "method": "REML+HKSJ",
  "trials": [
    {
      "name": "RE-COVER",
      "nct": "NCT00291330",
      "tE": 30,
      "tN": 1274,
      "cE": 27,
      "cN": 1265,
      "yi": 0.100526,
      "vi": 0.071982
    },
    {
      "name": "EINSTEIN-DVT",
      "nct": "NCT00440193",
      "tE": 36,
      "tN": 1731,
      "cE": 51,
      "cN": 1718,
      "yi": -0.364964,
      "vi": 0.048575
    },
    {
      "name": "AMPLIFY",
      "nct": "NCT00643201",
      "tE": 59,
      "tN": 2691,
      "cE": 71,
      "cN": 2704,
      "yi": -0.184763,
      "vi": 0.031793
    },
    {
      "name": "HOKUSAI-VTE",
      "nct": "NCT00986154",
      "tE": 130,
      "tN": 4118,
      "cE": 146,
      "cN": 4122,
      "yi": -0.119086,
      "vi": 0.015044
    }
  ]
}
