{
  "k": 3,
  "pooled_logOR": 0.761843,
  "pooled_se": 0.471919,
  "pooled_OR": 2.14222,
  "ci_low_OR": 0.281208,
  "ci_high_OR": 16.319253,
  "tau2": 0.503229,
  "I2": 90.108992,
  "H2": 10.110193,
  "Q": 9.151965,
  "Qdf": 2,
  "Qp": 0.010296,
  "PI_low_OR": 0.054798,
  "PI_high_OR": 83.745745,
  "pi_df_convention": "t_{k-1}_Cochrane_v6.5",
  "hksj_floor_applied": false,
  "method": "REML+HKSJ",
  "trials": [
    {
      "name": "ADVANCE",
      "nct": "NCT03122262",
      "tE": 285,
      "tN": 351,
      "cE": 257,
      "cN": 351,
      "yi": 0.457053,
      "vi": 0.03319
    },
    {
      "name": "NAMSAL",
      "nct": "NCT02777229",
      "tE": 231,
      "tN": 310,
      "cE": 209,
      "cN": 303,
      "yi": 0.27393,
      "vi": 0.03241
    },
    {
      "name": "IMPAACT 2010",
      "nct": "NCT03048422",
      "tE": 212,
      "tN": 217,
      "cE": 183,
      "cN": 211,
      "yi": 1.869867,
      "vi": 0.245896
    }
  ]
}
