{
  "k": 3,
  "pooled_logOR": 0.053593,
  "pooled_se": 0.252539,
  "pooled_OR": 1.055055,
  "ci_low_OR": 0.35594,
  "ci_high_OR": 3.127331,
  "tau2": 0.105944,
  "I2": 66.973949,
  "H2": 3.027913,
  "Q": 5.181647,
  "Qdf": 2,
  "Qp": 0.074958,
  "PI_low_OR": 0.17925,
  "PI_high_OR": 6.209997,
  "pi_df_convention": "t_{k-1}_Cochrane_v6.5",
  "hksj_floor_applied": false,
  "method": "REML+HKSJ",
  "trials": [
    {
      "name": "DRIVE-AHEAD",
      "nct": "NCT02403674",
      "tE": 307,
      "tN": 364,
      "cE": 294,
      "cN": 364,
      "yi": 0.248712,
      "vi": 0.038488
    },
    {
      "name": "DRIVE-FORWARD",
      "nct": "NCT02275780",
      "tE": 321,
      "tN": 383,
      "cE": 306,
      "cN": 383,
      "yi": 0.264527,
      "vi": 0.035499
    },
    {
      "name": "DRIVE-SHIFT",
      "nct": "NCT02397096",
      "tE": 406,
      "tN": 447,
      "cE": 211,
      "cN": 223,
      "yi": -0.57417,
      "vi": 0.114926
    }
  ]
}
