{
  "k": 3,
  "pooled_logOR": 1.638332,
  "pooled_se": 0.084991,
  "pooled_OR": 5.146579,
  "ci_low_OR": 3.570288,
  "ci_high_OR": 7.418806,
  "tau2": 0,
  "I2": 0,
  "H2": 1,
  "Q": 0.752121,
  "Qdf": 2,
  "Qp": 0.686561,
  "PI_low_OR": 3.570288,
  "PI_high_OR": 7.418806,
  "pi_df_convention": "t_{k-1}_Cochrane_v6.5",
  "hksj_floor_applied": true,
  "method": "REML+HKSJ",
  "trials": [
    {
      "name": "SOLO-1",
      "nct": "NCT02277743",
      "tE": 85,
      "tN": 224,
      "cE": 23,
      "cN": 224,
      "yi": 1.675988,
      "vi": 0.067412
    },
    {
      "name": "SOLO-2",
      "nct": "NCT02277769",
      "tE": 84,
      "tN": 233,
      "cE": 20,
      "cN": 236,
      "yi": 1.806417,
      "vi": 0.073246
    },
    {
      "name": "CHRONOS",
      "nct": "NCT02260986",
      "tE": 125,
      "tN": 319,
      "cE": 39,
      "cN": 315,
      "yi": 1.517295,
      "vi": 0.042419
    }
  ]
}
