{
  "k": 2,
  "pooled_logOR": -2.860148,
  "pooled_se": 0.270732,
  "pooled_OR": 0.05726,
  "ci_low_OR": 0.001836,
  "ci_high_OR": 1.785724,
  "tau2": 0.050096,
  "I2": 33.871607,
  "H2": 1.51221,
  "Q": 1.51221,
  "Qdf": 1,
  "Qp": 0.218802,
  "PI_low_OR": 0.00066,
  "PI_high_OR": 4.968798,
  "pi_df_convention": "t_{k-1}_Cochrane_v6.5",
  "hksj_floor_applied": false,
  "method": "REML+HKSJ",
  "trials": [
    {
      "name": "BOREAS",
      "nct": "NCT03930732",
      "tE": 330,
      "tN": 468,
      "cE": 457,
      "cN": 471,
      "yi": -2.613787,
      "vi": 0.083893
    },
    {
      "name": "NOTUS",
      "nct": "NCT04456673",
      "tE": 309,
      "tN": 468,
      "cE": 457,
      "cN": 467,
      "yi": -3.157661,
      "vi": 0.111714
    }
  ]
}
