{
  "k": 2,
  "pooled_logOR": -0.810584,
  "pooled_se": 0.072824,
  "pooled_OR": 0.444598,
  "ci_low_OR": 0.176241,
  "ci_high_OR": 1.121578,
  "tau2": 0,
  "I2": 0,
  "H2": 1,
  "Q": 0.45995,
  "Qdf": 1,
  "Qp": 0.497647,
  "PI_low_OR": 0.176241,
  "PI_high_OR": 1.121578,
  "pi_df_convention": "t_{k-1}_Cochrane_v6.5",
  "hksj_floor_applied": true,
  "method": "REML+HKSJ",
  "trials": [
    {
      "name": "ENHANCE-1",
      "nct": "NCT04535986",
      "tE": 116,
      "tN": 380,
      "cE": 182,
      "cN": 380,
      "yi": -0.738099,
      "vi": 0.022954
    },
    {
      "name": "ENHANCE-2",
      "nct": "NCT04542057",
      "tE": 105,
      "tN": 395,
      "cE": 184,
      "cN": 394,
      "yi": -0.883749,
      "vi": 0.023169
    }
  ]
}
