{
  "k": 2,
  "pooled_logOR": 1.119022,
  "pooled_se": 0.462458,
  "pooled_OR": 3.061857,
  "ci_low_OR": 0.008591,
  "ci_high_OR": 1091.286549,
  "tau2": 0.320287,
  "I2": 74.763033,
  "H2": 3.962441,
  "Q": 3.962441,
  "Qdf": 1,
  "Qp": 0.046526,
  "PI_low_OR": 0.000284,
  "PI_high_OR": 33039.651457,
  "pi_df_convention": "t_{k-1}_Cochrane_v6.5",
  "hksj_floor_applied": false,
  "method": "REML+HKSJ",
  "trials": [
    {
      "name": "ELEVATE UC 52",
      "nct": "NCT03945188",
      "tE": 78,
      "tN": 289,
      "cE": 10,
      "cN": 144,
      "yi": 1.600105,
      "vi": 0.125023
    },
    {
      "name": "ELEVATE UC 12",
      "nct": "NCT03996369",
      "tE": 60,
      "tN": 238,
      "cE": 17,
      "cN": 116,
      "yi": 0.674468,
      "vi": 0.091209
    }
  ]
}
