{
  "k": 3,
  "pooled_logOR": 0.755913,
  "pooled_se": 0.257586,
  "pooled_OR": 2.129554,
  "ci_low_OR": 0.703007,
  "ci_high_OR": 6.450865,
  "tau2": 0.137581,
  "I2": 66.618355,
  "H2": 2.995658,
  "Q": 6.21327,
  "Qdf": 2,
  "Qp": 0.044751,
  "PI_low_OR": 0.3051,
  "PI_high_OR": 14.863962,
  "pi_df_convention": "t_{k-1}_Cochrane_v6.5",
  "hksj_floor_applied": false,
  "method": "REML+HKSJ",
  "trials": [
    {
      "name": "ATTENTION",
      "nct": "NCT04751708",
      "tE": 104,
      "tN": 226,
      "cE": 26,
      "cN": 114,
      "yi": 1.05961,
      "vi": 0.067637
    },
    {
      "name": "BAOCHE",
      "nct": "NCT02737189",
      "tE": 51,
      "tN": 110,
      "cE": 26,
      "cN": 107,
      "yi": 0.990641,
      "vi": 0.087364
    },
    {
      "name": "BASICS",
      "nct": "NCT01717755",
      "tE": 68,
      "tN": 154,
      "cE": 55,
      "cN": 146,
      "yi": 0.268687,
      "vi": 0.055505
    }
  ]
}
