{
  "k": 3,
  "pooled_logOR": 1.199865,
  "pooled_se": 0.385091,
  "pooled_OR": 3.319667,
  "ci_low_OR": 0.633151,
  "ci_high_OR": 17.405319,
  "tau2": 0.374355,
  "I2": 81.832588,
  "H2": 5.504361,
  "Q": 12.32292,
  "Qdf": 2,
  "Qp": 0.002109,
  "PI_low_OR": 0.147974,
  "PI_high_OR": 74.473765,
  "pi_df_convention": "t_{k-1}_Cochrane_v6.5",
  "hksj_floor_applied": false,
  "method": "REML+HKSJ",
  "trials": [
    {
      "name": "DAWN",
      "nct": "NCT02142283",
      "tE": 52,
      "tN": 107,
      "cE": 13,
      "cN": 99,
      "yi": 1.833308,
      "vi": 0.125964
    },
    {
      "name": "DEFUSE 3",
      "nct": "NCT02586415",
      "tE": 52,
      "tN": 115,
      "cE": 16,
      "cN": 92,
      "yi": 1.366254,
      "vi": 0.110762
    },
    {
      "name": "MR CLEAN-LATE",
      "nct": "NCT03098355",
      "tE": 98,
      "tN": 255,
      "cE": 66,
      "cN": 247,
      "yi": 0.537564,
      "vi": 0.03725
    }
  ]
}
