{
  "k": 3,
  "pooled_logOR": 2.202626,
  "pooled_se": 0.644881,
  "pooled_OR": 9.048746,
  "ci_low_OR": 0.564356,
  "ci_high_OR": 145.085484,
  "tau2": 0.947413,
  "I2": 73.609108,
  "H2": 3.789186,
  "Q": 8.105845,
  "Qdf": 2,
  "Qp": 0.017372,
  "PI_low_OR": 0.059538,
  "PI_high_OR": 1375.252691,
  "pi_df_convention": "t_{k-1}_Cochrane_v6.5",
  "hksj_floor_applied": false,
  "method": "REML+HKSJ",
  "trials": [
    {
      "name": "Study 1 (Dravet)",
      "nct": "NCT02682927",
      "tE": 27,
      "tN": 40,
      "cE": 5,
      "cN": 40,
      "yi": 2.676798,
      "vi": 0.342532
    },
    {
      "name": "Study 2 (Dravet+stiripentol)",
      "nct": "NCT02926898",
      "tE": 23,
      "tN": 43,
      "cE": 2,
      "cN": 44,
      "yi": 3.184284,
      "vi": 0.617288
    },
    {
      "name": "LGS Study 1",
      "nct": "NCT03355209",
      "tE": 22,
      "tN": 87,
      "cE": 9,
      "cN": 87,
      "yi": 1.076139,
      "vi": 0.184771
    }
  ]
}
