{
  "k": 2,
  "pooled_logOR": 0.131793,
  "pooled_se": 1.213525,
  "pooled_OR": 1.140872,
  "ci_low_OR": 2.294667e-07,
  "ci_high_OR": 5672239.155848,
  "tau2": 2.847385,
  "I2": 96.670477,
  "H2": 30.034333,
  "Q": 30.034333,
  "Qdf": 1,
  "Qp": 4.244641e-08,
  "PI_low_OR": 3.870475e-12,
  "PI_high_OR": 336286837557.42603,
  "pi_df_convention": "t_{k-1}_Cochrane_v6.5",
  "hksj_floor_applied": false,
  "method": "REML+HKSJ",
  "trials": [
    {
      "name": "BLC2003",
      "nct": "NCT04519430",
      "tE": 99,
      "tN": 113,
      "cE": 73,
      "cN": 113,
      "yi": 1.354483,
      "vi": 0.120228
    },
    {
      "name": "FIGHT-301",
      "nct": "NCT04256980",
      "tE": 65,
      "tN": 125,
      "cE": 95,
      "cN": 125,
      "yi": -1.072637,
      "vi": 0.075911
    }
  ]
}
