{
  "k": 4,
  "pooled_logOR": -0.166004,
  "pooled_se": 0.018106,
  "pooled_OR": 0.847043,
  "ci_low_OR": 0.799615,
  "ci_high_OR": 0.897283,
  "tau2": 0,
  "I2": 0,
  "H2": 1,
  "Q": 0.629579,
  "Qdf": 3,
  "Qp": 0.889629,
  "PI_low_OR": 0.799615,
  "PI_high_OR": 0.897283,
  "pi_df_convention": "t_{k-1}_Cochrane_v6.5",
  "hksj_floor_applied": true,
  "method": "REML+HKSJ",
  "trials": [
    {
      "name": "FIDELIO-DKD",
      "nct": "NCT02540993",
      "tE": 367,
      "tN": 2833,
      "cE": 420,
      "cN": 2841,
      "yi": -0.15331,
      "vi": 0.005924
    },
    {
      "name": "FIGARO-DKD",
      "nct": "NCT02545049",
      "tE": 458,
      "tN": 3686,
      "cE": 519,
      "cN": 3666,
      "yi": -0.150448,
      "vi": 0.004738
    },
    {
      "name": "FINEARTS-HF",
      "nct": "NCT04435626",
      "tE": 624,
      "tN": 3003,
      "cE": 719,
      "cN": 2998,
      "yi": -0.184654,
      "vi": 0.003853
    },
    {
      "name": "ARTS-DN",
      "nct": "NCT01874431",
      "tE": 3,
      "tN": 727,
      "cE": 1,
      "cN": 94,
      "yi": -0.95358,
      "vi": 1.345467
    }
  ]
}
