{
  "k": 4,
  "pooled_logOR": -1.111331,
  "pooled_se": 0.183127,
  "pooled_OR": 0.32912,
  "ci_low_OR": 0.18376,
  "ci_high_OR": 0.589465,
  "tau2": 0.091444,
  "I2": 74.360728,
  "H2": 3.900267,
  "Q": 11.919056,
  "Qdf": 3,
  "Qp": 0.007666,
  "PI_low_OR": 0.106842,
  "PI_high_OR": 1.013834,
  "pi_df_convention": "t_{k-1}_Cochrane_v6.5",
  "hksj_floor_applied": false,
  "method": "REML+HKSJ",
  "trials": [
    {
      "name": "ARCH",
      "nct": "NCT01631214",
      "tE": 127,
      "tN": 2046,
      "cE": 243,
      "cN": 2047,
      "yi": -0.710672,
      "vi": 0.013065
    },
    {
      "name": "FRAME",
      "nct": "NCT01575834",
      "tE": 16,
      "tN": 3589,
      "cE": 59,
      "cN": 3591,
      "yi": -1.31649,
      "vi": 0.080012
    },
    {
      "name": "ACTIVE",
      "nct": "NCT00321620",
      "tE": 8,
      "tN": 824,
      "cE": 39,
      "cN": 821,
      "yi": -1.62668,
      "vi": 0.153145
    },
    {
      "name": "FREEDOM",
      "nct": "NCT00089791",
      "tE": 86,
      "tN": 3902,
      "cE": 264,
      "cN": 3906,
      "yi": -1.168272,
      "vi": 0.015952
    }
  ]
}
