{
  "k": 3,
  "pooled_logOR": 1.796907,
  "pooled_se": 0.406692,
  "pooled_OR": 6.030963,
  "ci_low_OR": 1.048177,
  "ci_high_OR": 34.70074,
  "tau2": 0.432011,
  "I2": 81.013126,
  "H2": 5.266796,
  "Q": 13.035245,
  "Qdf": 2,
  "Qp": 0.001477,
  "PI_low_OR": 0.216815,
  "PI_high_OR": 167.758469,
  "pi_df_convention": "t_{k-1}_Cochrane_v6.5",
  "hksj_floor_applied": false,
  "method": "REML+HKSJ",
  "trials": [
    {
      "name": "ESSENCE",
      "nct": "NCT04822181",
      "tE": 199,
      "tN": 534,
      "cE": 88,
      "cN": 533,
      "yi": 1.099912,
      "vi": 0.021621
    },
    {
      "name": "SYNERGY-NASH",
      "nct": "NCT04166773",
      "tE": 33,
      "tN": 64,
      "cE": 7,
      "cN": 65,
      "yi": 2.177053,
      "vi": 0.22266
    },
    {
      "name": "Newsome NAFLD",
      "nct": "NCT02970942",
      "tE": 59,
      "tN": 80,
      "cE": 17,
      "cN": 80,
      "yi": 2.342936,
      "vi": 0.139265
    }
  ]
}
