{
  "k": 4,
  "pooled_logOR": 0.483509,
  "pooled_se": 0.313249,
  "pooled_OR": 1.621756,
  "ci_low_OR": 0.598464,
  "ci_high_OR": 4.39474,
  "tau2": 0.33225,
  "I2": 83.337549,
  "H2": 6.001518,
  "Q": 20.283911,
  "Qdf": 3,
  "Qp": 0.000148,
  "PI_low_OR": 0.201036,
  "PI_high_OR": 13.082678,
  "pi_df_convention": "t_{k-1}_Cochrane_v6.5",
  "hksj_floor_applied": false,
  "method": "REML+HKSJ",
  "trials": [
    {
      "name": "REACH-2",
      "nct": "NCT03112603",
      "tE": 96,
      "tN": 154,
      "cE": 61,
      "cN": 155,
      "yi": 0.936326,
      "vi": 0.05469
    },
    {
      "name": "REACH-3",
      "nct": "NCT03112603",
      "tE": 80,
      "tN": 165,
      "cE": 41,
      "cN": 164,
      "yi": 1.037988,
      "vi": 0.056785
    },
    {
      "name": "iNTEGRATE",
      "nct": "NCT02959944",
      "tE": 32,
      "tN": 50,
      "cE": 28,
      "cN": 45,
      "yi": 0.076373,
      "vi": 0.181343
    },
    {
      "name": "GRAVITAS-301",
      "nct": "NCT03139604",
      "tE": 154,
      "tN": 220,
      "cE": 162,
      "cN": 219,
      "yi": -0.197247,
      "vi": 0.045362
    }
  ]
}
