{
  "k": 4,
  "pooled_logOR": -0.099072,
  "pooled_se": 0.177155,
  "pooled_OR": 0.905677,
  "ci_low_OR": 0.515376,
  "ci_high_OR": 1.59156,
  "tau2": 0.098337,
  "I2": 77.984769,
  "H2": 4.54231,
  "Q": 13.749003,
  "Qdf": 3,
  "Qp": 0.003267,
  "PI_low_OR": 0.287858,
  "PI_high_OR": 2.849501,
  "pi_df_convention": "t_{k-1}_Cochrane_v6.5",
  "hksj_floor_applied": false,
  "method": "REML+HKSJ",
  "trials": [
    {
      "name": "IMbrave150",
      "nct": "NCT03434379",
      "tE": 137,
      "tN": 336,
      "cE": 86,
      "cN": 165,
      "yi": -0.458223,
      "vi": 0.036611
    },
    {
      "name": "HIMALAYA",
      "nct": "NCT03298451",
      "tE": 234,
      "tN": 393,
      "cE": 198,
      "cN": 389,
      "yi": 0.350423,
      "vi": 0.020849
    },
    {
      "name": "CheckMate 9DW",
      "nct": "NCT04039607",
      "tE": 268,
      "tN": 335,
      "cE": 281,
      "cN": 333,
      "yi": -0.300817,
      "vi": 0.041446
    },
    {
      "name": "LEAP-002",
      "nct": "NCT03713593",
      "tE": 205,
      "tN": 395,
      "cE": 213,
      "cN": 399,
      "yi": -0.05956,
      "vi": 0.020212
    }
  ]
}
