{
  "k": 3,
  "pooled_logOR": 3.160995,
  "pooled_se": 0.238441,
  "pooled_OR": 23.594066,
  "ci_low_OR": 8.457598,
  "ci_high_OR": 65.820097,
  "tau2": 0,
  "I2": 0,
  "H2": 1,
  "Q": 0.159278,
  "Qdf": 2,
  "Qp": 0.92345,
  "PI_low_OR": 8.457598,
  "PI_high_OR": 65.820097,
  "pi_df_convention": "t_{k-1}_Cochrane_v6.5",
  "hksj_floor_applied": true,
  "method": "REML+HKSJ",
  "trials": [
    {
      "name": "GENEr8-1 (Ozelo 2022)",
      "nct": "NCT03370913",
      "tE": 134,
      "tN": 134,
      "cE": 105,
      "cN": 112,
      "yi": 2.950903,
      "vi": 2.150247
    },
    {
      "name": "HOPE-B (Pipe 2023)",
      "nct": "NCT03569891",
      "tE": 54,
      "tN": 54,
      "cE": 45,
      "cN": 52,
      "yi": 2.888539,
      "vi": 2.17366
    },
    {
      "name": "AFFINE (giroctocogene fitelparvovec, 2024)",
      "nct": "NCT04370054",
      "tE": 84,
      "tN": 84,
      "cE": 60,
      "cN": 73,
      "yi": 3.629945,
      "vi": 2.102437
    }
  ]
}
