{
  "k": 2,
  "pooled_logOR": -0.091022,
  "pooled_se": 0.104091,
  "pooled_OR": 0.912997,
  "ci_low_OR": 0.243261,
  "ci_high_OR": 3.426628,
  "tau2": 0,
  "I2": 0,
  "H2": 1,
  "Q": 0.536889,
  "Qdf": 1,
  "Qp": 0.463725,
  "PI_low_OR": 0.243261,
  "PI_high_OR": 3.426628,
  "pi_df_convention": "t_{k-1}_Cochrane_v6.5",
  "hksj_floor_applied": true,
  "method": "REML+HKSJ",
  "trials": [
    {
      "name": "GS-US-320-0108 (TAF vs TDF, HBeAg-negative)",
      "nct": "NCT01940341",
      "tE": 268,
      "tN": 285,
      "cE": 130,
      "cN": 140,
      "yi": 0.192824,
      "vi": 0.170247
    },
    {
      "name": "GS-US-320-0110 (TAF vs TDF, HBeAg-positive)",
      "nct": "NCT01940471",
      "tE": 371,
      "tN": 581,
      "cE": 195,
      "cN": 292,
      "yi": -0.129194,
      "vi": 0.022895
    }
  ]
}
