{
  "k": 2,
  "pooled_logOR": 4.906581,
  "pooled_se": 5.170209,
  "pooled_OR": 135.176438,
  "ci_low_OR": 3.985404e-27,
  "ci_high_OR": 4.5848978824885496e+30,
  "tau2": 52.297429,
  "I2": 97.786674,
  "H2": 45.180873,
  "Q": 45.180873,
  "Qdf": 1,
  "Qp": 1.796511e-11,
  "PI_low_OR": 1.188267e-47,
  "PI_high_OR": 1.5377573089913767e+51,
  "pi_df_convention": "t_{k-1}_Cochrane_v6.5",
  "hksj_floor_applied": false,
  "method": "REML+HKSJ",
  "trials": [
    {
      "name": "ASTRAL-1",
      "nct": "NCT02201940",
      "tE": 619,
      "tN": 624,
      "cE": 0,
      "cN": 116,
      "yi": 10.175203,
      "vi": 2.192016
    },
    {
      "name": "ASTRAL-3",
      "nct": "NCT02201953",
      "tE": 264,
      "tN": 277,
      "cE": 264,
      "cN": 275,
      "yi": -0.167054,
      "vi": 0.175408
    }
  ]
}
