{
  "k": 4,
  "pooled_logOR": -0.516522,
  "pooled_se": 0.184976,
  "pooled_OR": 0.596592,
  "ci_low_OR": 0.331145,
  "ci_high_OR": 1.074822,
  "tau2": 0.107579,
  "I2": 79.423969,
  "H2": 4.860024,
  "Q": 14.416621,
  "Qdf": 3,
  "Qp": 0.00239,
  "PI_low_OR": 0.179982,
  "PI_high_OR": 1.977536,
  "pi_df_convention": "t_{k-1}_Cochrane_v6.5",
  "hksj_floor_applied": false,
  "method": "REML+HKSJ",
  "trials": [
    {
      "name": "DESTINY-Breast04",
      "nct": "NCT03734029",
      "tE": 172,
      "tN": 373,
      "cE": 130,
      "cN": 184,
      "yi": -1.034361,
      "vi": 0.037
    },
    {
      "name": "DESTINY-Breast06",
      "nct": "NCT04494425",
      "tE": 224,
      "tN": 436,
      "cE": 236,
      "cN": 430,
      "yi": -0.140914,
      "vi": 0.018573
    },
    {
      "name": "TROPiCS-02",
      "nct": "NCT03901339",
      "tE": 196,
      "tN": 272,
      "cE": 218,
      "cN": 271,
      "yi": -0.466822,
      "vi": 0.041715
    },
    {
      "name": "TROPION-Breast01",
      "nct": "NCT05374512",
      "tE": 188,
      "tN": 365,
      "cE": 232,
      "cN": 367,
      "yi": -0.48117,
      "vi": 0.022687
    }
  ]
}
