{
  "k": 3,
  "pooled_logOR": 0.781371,
  "pooled_se": 0.299026,
  "pooled_OR": 2.184464,
  "ci_low_OR": 0.603365,
  "ci_high_OR": 7.90878,
  "tau2": 0.217377,
  "I2": 80.255466,
  "H2": 5.064693,
  "Q": 10.452287,
  "Qdf": 2,
  "Qp": 0.005374,
  "PI_low_OR": 0.201529,
  "PI_high_OR": 23.678398,
  "pi_df_convention": "t_{k-1}_Cochrane_v6.5",
  "hksj_floor_applied": false,
  "method": "REML+HKSJ",
  "trials": [
    {
      "name": "PIONEER I (Kimball 2016)",
      "nct": "NCT01468207",
      "tE": 65,
      "tN": 153,
      "cE": 40,
      "cN": 154,
      "yi": 0.744369,
      "vi": 0.06052
    },
    {
      "name": "PIONEER II (Kimball 2016)",
      "nct": "NCT01468233",
      "tE": 96,
      "tN": 163,
      "cE": 45,
      "cN": 163,
      "yi": 1.323678,
      "vi": 0.056039
    },
    {
      "name": "BE HEARD I (Kimball 2024)",
      "nct": "NCT04242446",
      "tE": 122,
      "tN": 289,
      "cE": 50,
      "cN": 142,
      "yi": 0.295793,
      "vi": 0.045054
    }
  ]
}
