{
  "k": 4,
  "pooled_logOR": -1.069927,
  "pooled_se": 0.073167,
  "pooled_OR": 0.343033,
  "ci_low_OR": 0.271776,
  "ci_high_OR": 0.432974,
  "tau2": 0,
  "I2": 0,
  "H2": 1,
  "Q": 2.432519,
  "Qdf": 3,
  "Qp": 0.48761,
  "PI_low_OR": 0.271776,
  "PI_high_OR": 0.432974,
  "pi_df_convention": "t_{k-1}_Cochrane_v6.5",
  "hksj_floor_applied": true,
  "method": "REML+HKSJ",
  "trials": [
    {
      "name": "OPERA-I",
      "nct": "NCT01247324",
      "tE": 127,
      "tN": 410,
      "cE": 236,
      "cN": 411,
      "yi": -1.100306,
      "vi": 0.021359
    },
    {
      "name": "OPERA-II",
      "nct": "NCT01412333",
      "tE": 127,
      "tN": 417,
      "cE": 240,
      "cN": 418,
      "yi": -1.124549,
      "vi": 0.021107
    },
    {
      "name": "ASCLEPIOS-I",
      "nct": "NCT02792218",
      "tE": 51,
      "tN": 465,
      "cE": 105,
      "cN": 481,
      "yi": -0.818412,
      "vi": 0.034207
    },
    {
      "name": "ASCLEPIOS-II",
      "nct": "NCT02792231",
      "tE": 45,
      "tN": 481,
      "cE": 120,
      "cN": 474,
      "yi": -1.189175,
      "vi": 0.035674
    }
  ]
}
