{
  "k": 3,
  "pooled_logOR": -0.761098,
  "pooled_se": 0.469699,
  "pooled_OR": 0.467153,
  "ci_low_OR": 0.061911,
  "ci_high_OR": 3.524905,
  "tau2": 0.58803,
  "I2": 93.717215,
  "H2": 15.916507,
  "Q": 27.077537,
  "Qdf": 2,
  "Qp": 1.318826e-06,
  "PI_low_OR": 0.009752,
  "PI_high_OR": 22.377468,
  "pi_df_convention": "t_{k-1}_Cochrane_v6.5",
  "hksj_floor_applied": false,
  "method": "REML+HKSJ",
  "trials": [
    {
      "name": "START (INSIGHT 2015)",
      "nct": "NCT00867048",
      "tE": 42,
      "tN": 2326,
      "cE": 96,
      "cN": 2359,
      "yi": -0.835915,
      "vi": 0.035106
    },
    {
      "name": "TEMPRANO (ANRS 12136)",
      "nct": "NCT00495651",
      "tE": 175,
      "tN": 1029,
      "cE": 175,
      "cN": 1044,
      "yi": 0.017412,
      "vi": 0.01375
    },
    {
      "name": "HPTN 052 (Cohen 2011/2016)",
      "nct": "NCT00074581",
      "tE": 8,
      "tN": 886,
      "cE": 39,
      "cN": 877,
      "yi": -1.630749,
      "vi": 0.152973
    }
  ]
}
