{
  "k": 3,
  "pooled_logOR": -1.267171,
  "pooled_se": 0.446474,
  "pooled_OR": 0.281627,
  "ci_low_OR": 0.041246,
  "ci_high_OR": 1.922935,
  "tau2": 0.361071,
  "I2": 66.952328,
  "H2": 3.025932,
  "Q": 5.484467,
  "Qdf": 2,
  "Qp": 0.064426,
  "PI_low_OR": 0.011241,
  "PI_high_OR": 7.055588,
  "pi_df_convention": "t_{k-1}_Cochrane_v6.5",
  "hksj_floor_applied": false,
  "method": "REML+HKSJ",
  "trials": [
    {
      "name": "HPTN 083",
      "nct": "NCT02720094",
      "tE": 13,
      "tN": 2282,
      "cE": 39,
      "cN": 2284,
      "yi": -1.109246,
      "vi": 0.10345
    },
    {
      "name": "HPTN 084",
      "nct": "NCT03164564",
      "tE": 4,
      "tN": 1614,
      "cE": 36,
      "cN": 1610,
      "yi": -2.219839,
      "vi": 0.279034
    },
    {
      "name": "DISCOVER (F/TAF vs F/TDF)",
      "nct": "NCT02842086",
      "tE": 8,
      "tN": 2694,
      "cE": 15,
      "cN": 2693,
      "yi": -0.631592,
      "vi": 0.192412
    }
  ]
}
