{
  "k": 3,
  "pooled_logOR": -0.400796,
  "pooled_se": 0.095995,
  "pooled_OR": 0.669787,
  "ci_low_OR": 0.443157,
  "ci_high_OR": 1.012314,
  "tau2": 0,
  "I2": 0,
  "H2": 1,
  "Q": 1.435849,
  "Qdf": 2,
  "Qp": 0.487764,
  "PI_low_OR": 0.443157,
  "PI_high_OR": 1.012314,
  "pi_df_convention": "t_{k-1}_Cochrane_v6.5",
  "hksj_floor_applied": true,
  "method": "REML+HKSJ",
  "trials": [
    {
      "name": "SAPiT (Karim 2010+2011)",
      "nct": "NCT00091936",
      "tE": 36,
      "tN": 429,
      "cE": 27,
      "cN": 213,
      "yi": -0.460381,
      "vi": 0.072736
    },
    {
      "name": "STRIDE / ACTG A5221 (Havlir 2011)",
      "nct": "NCT00108862",
      "tE": 87,
      "tN": 405,
      "cE": 105,
      "cN": 401,
      "yi": -0.259744,
      "vi": 0.027541
    },
    {
      "name": "CAMELIA (Blanc 2011)",
      "nct": "NCT00226434",
      "tE": 59,
      "tN": 332,
      "cE": 90,
      "cN": 329,
      "yi": -0.55528,
      "vi": 0.035907
    }
  ]
}
