{
  "k": 4,
  "pooled_logOR": -2.00504,
  "pooled_se": 0.515197,
  "pooled_OR": 0.134655,
  "ci_low_OR": 0.026131,
  "ci_high_OR": 0.693881,
  "tau2": 0.454531,
  "I2": 55.269699,
  "H2": 2.235621,
  "Q": 7.28857,
  "Qdf": 3,
  "Qp": 0.063247,
  "PI_low_OR": 0.009047,
  "PI_high_OR": 2.004267,
  "pi_df_convention": "t_{k-1}_Cochrane_v6.5",
  "hksj_floor_applied": false,
  "method": "REML+HKSJ",
  "trials": [
    {
      "name": "HPTN 083",
      "nct": "NCT02720094",
      "tE": 12,
      "tN": 2283,
      "cE": 39,
      "cN": 2283,
      "yi": -1.190615,
      "vi": 0.10986
    },
    {
      "name": "HPTN 084",
      "nct": "NCT03164564",
      "tE": 4,
      "tN": 1614,
      "cE": 36,
      "cN": 1610,
      "yi": -2.219839,
      "vi": 0.279034
    },
    {
      "name": "PURPOSE-1",
      "nct": "NCT04994509",
      "tE": 0,
      "tN": 2134,
      "cE": 39,
      "cN": 2136,
      "yi": -4.386934,
      "vi": 2.026262
    },
    {
      "name": "PURPOSE-2",
      "nct": "NCT04925752",
      "tE": 2,
      "tN": 2179,
      "cE": 9,
      "cN": 1086,
      "yi": -2.207846,
      "vi": 0.612499
    }
  ]
}
