{
  "k": 2,
  "pooled_logOR": -2.423323,
  "pooled_se": 2.185978,
  "pooled_OR": 0.088627,
  "ci_low_OR": 7.670477e-14,
  "ci_high_OR": 102401504052.42633,
  "tau2": 6.638133,
  "I2": 68.725529,
  "H2": 3.197496,
  "Q": 3.197496,
  "Qdf": 1,
  "Qp": 0.073751,
  "PI_low_OR": 2.005725e-20,
  "PI_high_OR": 3.9161319132886336e+17,
  "pi_df_convention": "t_{k-1}_Cochrane_v6.5",
  "hksj_floor_applied": false,
  "method": "REML+HKSJ",
  "trials": [
    {
      "name": "KEN-SHE bivalent",
      "nct": "NCT03675256",
      "tE": 0,
      "tN": 758,
      "cE": 38,
      "cN": 758,
      "yi": -4.395203,
      "vi": 2.02868
    },
    {
      "name": "DoRIS 1d-vs-3d bivalent",
      "nct": "NCT02834637",
      "tE": 155,
      "tN": 155,
      "cE": 155,
      "cN": 155,
      "yi": 0,
      "vi": 4.012862
    }
  ]
}
