{
  "k": 3,
  "pooled_logOR": -3.052732,
  "pooled_se": 0.331496,
  "pooled_OR": 0.04723,
  "ci_low_OR": 0.011344,
  "ci_high_OR": 0.196632,
  "tau2": 0,
  "I2": 0,
  "H2": 1,
  "Q": 1.44637,
  "Qdf": 2,
  "Qp": 0.485204,
  "PI_low_OR": 0.011344,
  "PI_high_OR": 0.196632,
  "pi_df_convention": "t_{k-1}_Cochrane_v6.5",
  "hksj_floor_applied": true,
  "method": "REML+HKSJ",
  "trials": [
    {
      "name": "PATRICIA Cervarix 3-dose",
      "nct": "NCT00122681",
      "tE": 4,
      "tN": 7344,
      "cE": 56,
      "cN": 7322,
      "yi": -2.64919,
      "vi": 0.268131
    },
    {
      "name": "FUTURE II Gardasil-4 3-dose",
      "nct": "NCT00092534",
      "tE": 1,
      "tN": 5305,
      "cE": 42,
      "cN": 5260,
      "yi": -3.754017,
      "vi": 1.02419
    },
    {
      "name": "KEN SHE single-dose (Barnabas 2022)",
      "nct": "NCT03675256",
      "tE": 2,
      "tN": 1492,
      "cE": 32,
      "cN": 759,
      "yi": -3.490194,
      "vi": 0.533297
    }
  ]
}
