{
  "k": 3,
  "pooled_logOR": -0.146525,
  "pooled_se": 0.082315,
  "pooled_OR": 0.863704,
  "ci_low_OR": 0.606108,
  "ci_high_OR": 1.230778,
  "tau2": 0.010412,
  "I2": 39.385342,
  "H2": 1.649766,
  "Q": 2.94343,
  "Qdf": 2,
  "Qp": 0.229531,
  "PI_low_OR": 0.491343,
  "PI_high_OR": 1.518256,
  "pi_df_convention": "t_{k-1}_Cochrane_v6.5",
  "hksj_floor_applied": false,
  "method": "REML+HKSJ",
  "trials": [
    {
      "name": "ADRENAL (Venkatesh 2018)",
      "nct": "NCT01448109",
      "tE": 511,
      "tN": 1832,
      "cE": 526,
      "cN": 1826,
      "yi": -0.044956,
      "vi": 0.005384
    },
    {
      "name": "APROCCHSS (Annane 2018)",
      "nct": "NCT00625209",
      "tE": 264,
      "tN": 614,
      "cE": 308,
      "cN": 627,
      "yi": -0.246893,
      "vi": 0.013027
    },
    {
      "name": "HYPRESS (Keh 2016)",
      "nct": "NCT00670254",
      "tE": 21,
      "tN": 190,
      "cE": 29,
      "cN": 190,
      "yi": -0.371268,
      "vi": 0.09423
    }
  ]
}
