{
  "k": 3,
  "pooled_logOR": -0.057968,
  "pooled_se": 0.075786,
  "pooled_OR": 0.943681,
  "ci_low_OR": 0.681098,
  "ci_high_OR": 1.307495,
  "tau2": 0.002339,
  "I2": 11.27669,
  "H2": 1.1271,
  "Q": 2.546642,
  "Qdf": 2,
  "Qp": 0.279901,
  "PI_low_OR": 0.640966,
  "PI_high_OR": 1.389361,
  "pi_df_convention": "t_{k-1}_Cochrane_v6.5",
  "hksj_floor_applied": false,
  "method": "REML+HKSJ",
  "trials": [
    {
      "name": "SPICE-III (Shehabi 2019)",
      "nct": "NCT01728558",
      "tE": 566,
      "tN": 1948,
      "cE": 569,
      "cN": 1956,
      "yi": -0.001675,
      "vi": 0.004969
    },
    {
      "name": "Strom 2010 no-sedation",
      "nct": "NCT00466492",
      "tE": 27,
      "tN": 55,
      "cE": 36,
      "cN": 58,
      "yi": -0.528844,
      "vi": 0.145984
    },
    {
      "name": "A2B Trial (Lewis 2025)",
      "nct": "NCT03653832",
      "tE": 233,
      "tN": 521,
      "cE": 250,
      "cN": 519,
      "yi": -0.138672,
      "vi": 0.015482
    }
  ]
}
