{
  "k": 3,
  "pooled_logOR": 4.265603,
  "pooled_se": 0.17502,
  "pooled_OR": 71.207861,
  "ci_low_OR": 33.533823,
  "ci_high_OR": 151.207321,
  "tau2": 0,
  "I2": 0,
  "H2": 1,
  "Q": 0.605171,
  "Qdf": 2,
  "Qp": 0.738905,
  "PI_low_OR": 33.533823,
  "PI_high_OR": 151.207321,
  "pi_df_convention": "t_{k-1}_Cochrane_v6.5",
  "hksj_floor_applied": true,
  "method": "REML+HKSJ",
  "trials": [
    {
      "name": "VOYAGE 1",
      "nct": "NCT02207231",
      "tE": 241,
      "tN": 329,
      "cE": 5,
      "cN": 174,
      "yi": 4.527921,
      "vi": 0.22143
    },
    {
      "name": "UltIMMa-1",
      "nct": "NCT02684370",
      "tE": 229,
      "tN": 304,
      "cE": 5,
      "cN": 102,
      "yi": 4.081507,
      "vi": 0.228009
    },
    {
      "name": "reSURFACE 1",
      "nct": "NCT01722331",
      "tE": 74,
      "tN": 308,
      "cE": 1,
      "cN": 154,
      "yi": 3.879182,
      "vi": 1.024323
    }
  ]
}
