{
  "k": 4,
  "pooled_logOR": 1.248324,
  "pooled_se": 0.184166,
  "pooled_OR": 3.484498,
  "ci_low_OR": 1.939101,
  "ci_high_OR": 6.261521,
  "tau2": 0.096973,
  "I2": 71.996186,
  "H2": 3.570942,
  "Q": 11.355374,
  "Qdf": 3,
  "Qp": 0.009952,
  "PI_low_OR": 1.101812,
  "PI_high_OR": 11.019776,
  "pi_df_convention": "t_{k-1}_Cochrane_v6.5",
  "hksj_floor_applied": false,
  "method": "REML+HKSJ",
  "trials": [
    {
      "name": "KEEPsAKE-1",
      "nct": "NCT03675308",
      "tE": 248,
      "tN": 483,
      "cE": 152,
      "cN": 481,
      "yi": 0.82602,
      "vi": 0.017906
    },
    {
      "name": "KEEPsAKE-2",
      "nct": "NCT03671148",
      "tE": 110,
      "tN": 224,
      "cE": 44,
      "cN": 220,
      "yi": 1.350576,
      "vi": 0.046272
    },
    {
      "name": "DISCOVER-1",
      "nct": "NCT03162796",
      "tE": 78,
      "tN": 127,
      "cE": 28,
      "cN": 127,
      "yi": 1.727804,
      "vi": 0.079044
    },
    {
      "name": "DISCOVER-2",
      "nct": "NCT03158285",
      "tE": 156,
      "tN": 246,
      "cE": 80,
      "cN": 246,
      "yi": 1.280007,
      "vi": 0.036045
    }
  ]
}
