{
  "k": 3,
  "effect_type": "MD",
  "pooled_MD": -47.415964,
  "pooled_se": 3.836211,
  "ci_low_MD": -63.921849,
  "ci_high_MD": -30.91008,
  "tau2": 40.729927,
  "I2": 93.794022,
  "H2": 16.113496,
  "Q": 26.402627,
  "Qdf": 2,
  "Qp": 1.848172e-06,
  "PI_low_MD": -79.454536,
  "PI_high_MD": -15.377393,
  "pi_df_convention": "t_{k-1}_Cochrane_v6.5",
  "hksj_floor_applied": false,
  "method": "REML+HKSJ+continuous",
  "trials": [
    {
      "name": "ORION-9",
      "nct": "NCT03397121",
      "md": -39.7,
      "se": 2.041
    },
    {
      "name": "ORION-10",
      "nct": "NCT03399370",
      "md": -52.3,
      "se": 1.428
    },
    {
      "name": "ORION-11",
      "nct": "NCT03400800",
      "md": -49.9,
      "se": 1.531
    }
  ]
}
