{
  "k": 3,
  "pooled_logOR": -0.830648,
  "pooled_se": 0.298038,
  "pooled_OR": 0.435767,
  "ci_low_OR": 0.120875,
  "ci_high_OR": 1.57099,
  "tau2": 0.023003,
  "I2": 9.376961,
  "H2": 1.103472,
  "Q": 3.282841,
  "Qdf": 2,
  "Qp": 0.193705,
  "PI_low_OR": 0.103364,
  "PI_high_OR": 1.837121,
  "pi_df_convention": "t_{k-1}_Cochrane_v6.5",
  "hksj_floor_applied": false,
  "method": "REML+HKSJ",
  "trials": [
    {
      "name": "STEP-HFpEF",
      "nct": "NCT04788511",
      "tE": 1,
      "tN": 263,
      "cE": 12,
      "cN": 266,
      "yi": -2.515917,
      "vi": 1.091087
    },
    {
      "name": "STEP-HFpEF DM",
      "nct": "NCT04916470",
      "tE": 7,
      "tN": 310,
      "cE": 18,
      "cN": 306,
      "yi": -0.995234,
      "vi": 0.205185
    },
    {
      "name": "SUMMIT",
      "nct": "NCT04847557",
      "tE": 29,
      "tN": 364,
      "cE": 52,
      "cN": 367,
      "yi": -0.645506,
      "vi": 0.059873
    }
  ]
}
