{
  "k": 3,
  "pooled_logOR": -0.213469,
  "pooled_se": 0.047001,
  "pooled_OR": 0.807777,
  "ci_low_OR": 0.659881,
  "ci_high_OR": 0.988821,
  "tau2": 0,
  "I2": 0,
  "H2": 1,
  "Q": 1.075529,
  "Qdf": 2,
  "Qp": 0.584052,
  "PI_low_OR": 0.659881,
  "PI_high_OR": 0.988821,
  "pi_df_convention": "t_{k-1}_Cochrane_v6.5",
  "hksj_floor_applied": true,
  "method": "REML+HKSJ",
  "trials": [
    {
      "name": "ACCORD-BP",
      "nct": "NCT00000620",
      "tE": 208,
      "tN": 2362,
      "cE": 237,
      "cN": 2371,
      "yi": -0.13985,
      "vi": 0.00996
    },
    {
      "name": "STEP",
      "nct": "NCT03015311",
      "tE": 147,
      "tN": 4243,
      "cE": 196,
      "cN": 4268,
      "yi": -0.293559,
      "vi": 0.012394
    },
    {
      "name": "SPS3-BP",
      "nct": "NCT00059306",
      "tE": 125,
      "tN": 1519,
      "cE": 152,
      "cN": 1501,
      "yi": -0.228381,
      "vi": 0.016038
    }
  ]
}
