{
  "k": 4,
  "pooled_logOR": -0.612048,
  "pooled_se": 0.144918,
  "pooled_OR": 0.542239,
  "ci_low_OR": 0.341898,
  "ci_high_OR": 0.859973,
  "tau2": 0.047737,
  "I2": 60.834327,
  "H2": 2.553256,
  "Q": 7.421158,
  "Qdf": 3,
  "Qp": 0.059619,
  "PI_low_OR": 0.235411,
  "PI_high_OR": 1.248978,
  "pi_df_convention": "t_{k-1}_Cochrane_v6.5",
  "hksj_floor_applied": false,
  "method": "REML+HKSJ",
  "trials": [
    {
      "name": "KEYNOTE-189",
      "nct": "NCT02578680",
      "tE": 235,
      "tN": 410,
      "cE": 164,
      "cN": 206,
      "yi": -1.067397,
      "vi": 0.039877
    },
    {
      "name": "KEYNOTE-407",
      "nct": "NCT02775435",
      "tE": 137,
      "tN": 278,
      "cE": 171,
      "cN": 281,
      "yi": -0.469962,
      "vi": 0.02933
    },
    {
      "name": "IMpower150",
      "nct": "NCT02366143",
      "tE": 230,
      "tN": 356,
      "cE": 256,
      "cN": 336,
      "yi": -0.561353,
      "vi": 0.028691
    },
    {
      "name": "POSEIDON",
      "nct": "NCT03164616",
      "tE": 210,
      "tN": 338,
      "cE": 240,
      "cN": 337,
      "yi": -0.410851,
      "vi": 0.02705
    }
  ]
}
