{
  "k": 4,
  "pooled_logOR": -0.420096,
  "pooled_se": 0.142974,
  "pooled_OR": 0.656984,
  "ci_low_OR": 0.416819,
  "ci_high_OR": 1.035528,
  "tau2": 0.074338,
  "I2": 82.555354,
  "H2": 5.732418,
  "Q": 23.548792,
  "Qdf": 3,
  "Qp": 0.000031,
  "PI_low_OR": 0.246633,
  "PI_high_OR": 1.750078,
  "pi_df_convention": "t_{k-1}_Cochrane_v6.5",
  "hksj_floor_applied": false,
  "method": "REML+HKSJ",
  "trials": [
    {
      "name": "CONFIRM-HF",
      "nct": "NCT01453608",
      "tE": 25,
      "tN": 150,
      "cE": 36,
      "cN": 151,
      "yi": -0.448025,
      "vi": 0.084473
    },
    {
      "name": "AFFIRM-AHF",
      "nct": "NCT02937454",
      "tE": 293,
      "tN": 558,
      "cE": 372,
      "cN": 550,
      "yi": -0.636668,
      "vi": 0.015493
    },
    {
      "name": "IRONMAN",
      "nct": "NCT02642562",
      "tE": 336,
      "tN": 569,
      "cE": 411,
      "cN": 568,
      "yi": -0.596275,
      "vi": 0.016071
    },
    {
      "name": "HEART-FID",
      "nct": "NCT03037931",
      "tE": 560,
      "tN": 1532,
      "cE": 581,
      "cN": 1533,
      "yi": -0.057605,
      "vi": 0.005586
    }
  ]
}
