{
  "k": 3,
  "pooled_logOR": 1.24288,
  "pooled_se": 0.032243,
  "pooled_OR": 3.465579,
  "ci_low_OR": 3.016657,
  "ci_high_OR": 3.981307,
  "tau2": 0,
  "I2": 0,
  "H2": 1,
  "Q": 0.266683,
  "Qdf": 2,
  "Qp": 0.875166,
  "PI_low_OR": 3.016657,
  "PI_high_OR": 3.981307,
  "pi_df_convention": "t_{k-1}_Cochrane_v6.5",
  "hksj_floor_applied": true,
  "method": "REML+HKSJ",
  "trials": [
    {
      "name": "RA-BEAM",
      "nct": "NCT01710358",
      "tE": 341,
      "tN": 487,
      "cE": 195,
      "cN": 488,
      "yi": 1.255449,
      "vi": 0.018323
    },
    {
      "name": "SELECT-NEXT",
      "nct": "NCT02675426",
      "tE": 142,
      "tN": 221,
      "cE": 80,
      "cN": 221,
      "yi": 1.153112,
      "vi": 0.039293
    },
    {
      "name": "FINCH-1",
      "nct": "NCT02889796",
      "tE": 371,
      "tN": 475,
      "cE": 237,
      "cN": 475,
      "yi": 1.276022,
      "vi": 0.020732
    }
  ]
}
