{
  "k": 3,
  "pooled_logOR": 1.181594,
  "pooled_se": 0.390117,
  "pooled_OR": 3.259566,
  "ci_low_OR": 0.608386,
  "ci_high_OR": 17.463847,
  "tau2": 0.313509,
  "I2": 71.251731,
  "H2": 3.47847,
  "Q": 6.609426,
  "Qdf": 2,
  "Qp": 0.03671,
  "PI_low_OR": 0.172971,
  "PI_high_OR": 61.425221,
  "pi_df_convention": "t_{k-1}_Cochrane_v6.5",
  "hksj_floor_applied": false,
  "method": "REML+HKSJ",
  "trials": [
    {
      "name": "OCTAVE Induction 1",
      "nct": "NCT01465763",
      "tE": 88,
      "tN": 476,
      "cE": 10,
      "cN": 122,
      "yi": 0.932245,
      "vi": 0.12287
    },
    {
      "name": "U-ACHIEVE Induction",
      "nct": "NCT02819635",
      "tE": 83,
      "tN": 319,
      "cE": 7,
      "cN": 154,
      "yi": 1.999531,
      "vi": 0.165945
    },
    {
      "name": "SELECTION Induction A",
      "nct": "NCT02914522",
      "tE": 66,
      "tN": 245,
      "cE": 15,
      "cN": 98,
      "yi": 0.713059,
      "vi": 0.099453
    }
  ]
}
