{
  "k": 4,
  "pooled_logOR": 2.576285,
  "pooled_se": 0.287346,
  "pooled_OR": 13.148203,
  "ci_low_OR": 5.268897,
  "ci_high_OR": 32.810519,
  "tau2": 0.195117,
  "I2": 62.274642,
  "H2": 2.650737,
  "Q": 7.41859,
  "Qdf": 3,
  "Qp": 0.059688,
  "PI_low_OR": 2.457804,
  "PI_high_OR": 70.337264,
  "pi_df_convention": "t_{k-1}_Cochrane_v6.5",
  "hksj_floor_applied": false,
  "method": "REML+HKSJ",
  "trials": [
    {
      "name": "JADE MONO-1",
      "nct": "NCT03349060",
      "tE": 67,
      "tN": 155,
      "cE": 6,
      "cN": 77,
      "yi": 2.198276,
      "vi": 0.20704
    },
    {
      "name": "JADE MONO-2",
      "nct": "NCT03575871",
      "tE": 59,
      "tN": 155,
      "cE": 7,
      "cN": 78,
      "yi": 1.829959,
      "vi": 0.184307
    },
    {
      "name": "MEASURE-UP 1",
      "nct": "NCT03569293",
      "tE": 171,
      "tN": 281,
      "cE": 23,
      "cN": 281,
      "yi": 2.858649,
      "vi": 0.062293
    },
    {
      "name": "MEASURE-UP 2",
      "nct": "NCT03607422",
      "tE": 144,
      "tN": 276,
      "cE": 13,
      "cN": 278,
      "yi": 3.101792,
      "vi": 0.095217
    }
  ]
}
