{
  "k": 4,
  "pooled_logOR": 1.289279,
  "pooled_se": 0.087571,
  "pooled_OR": 3.630167,
  "ci_low_OR": 2.747214,
  "ci_high_OR": 4.796901,
  "tau2": 0.007991,
  "I2": 26.183445,
  "H2": 1.35471,
  "Q": 4.107352,
  "Qdf": 3,
  "Qp": 0.250103,
  "PI_low_OR": 2.437645,
  "PI_high_OR": 5.406084,
  "pi_df_convention": "t_{k-1}_Cochrane_v6.5",
  "hksj_floor_applied": false,
  "method": "REML+HKSJ",
  "trials": [
    {
      "name": "ORAL-Standard",
      "nct": "NCT00853385",
      "tE": 105,
      "tN": 204,
      "cE": 29,
      "cN": 102,
      "yi": 0.982004,
      "vi": 0.067806
    },
    {
      "name": "RA-BEAM",
      "nct": "NCT01710358",
      "tE": 341,
      "tN": 487,
      "cE": 195,
      "cN": 488,
      "yi": 1.255449,
      "vi": 0.018323
    },
    {
      "name": "SELECT-Compare",
      "nct": "NCT02629159",
      "tE": 462,
      "tN": 651,
      "cE": 234,
      "cN": 651,
      "yi": 1.471583,
      "vi": 0.014127
    },
    {
      "name": "FINCH-1",
      "nct": "NCT02889796",
      "tE": 366,
      "tN": 475,
      "cE": 238,
      "cN": 475,
      "yi": 1.207075,
      "vi": 0.020328
    }
  ]
}
