{
  "k": 2,
  "pooled_logOR": -0.332205,
  "pooled_se": 0.349473,
  "pooled_OR": 0.71734,
  "ci_low_OR": 0.008458,
  "ci_high_OR": 60.841711,
  "tau2": 0,
  "I2": 0,
  "H2": 1,
  "Q": 0.060903,
  "Qdf": 1,
  "Qp": 0.805075,
  "PI_low_OR": 0.008458,
  "PI_high_OR": 60.841711,
  "pi_df_convention": "t_{k-1}_Cochrane_v6.5",
  "hksj_floor_applied": true,
  "method": "REML+HKSJ",
  "trials": [
    {
      "name": "CodeBreaK 200",
      "nct": "NCT04303780",
      "tE": 0,
      "tN": 171,
      "cE": 0,
      "cN": 174,
      "yi": 0.017341,
      "vi": 4.011562
    },
    {
      "name": "KRYSTAL-12",
      "nct": "NCT04685135",
      "tE": 0,
      "tN": 301,
      "cE": 0,
      "cN": 152,
      "yi": -0.681605,
      "vi": 4.009874
    }
  ]
}
