{
  "k": 3,
  "pooled_logOR": 1.346372,
  "pooled_se": 0.225153,
  "pooled_OR": 3.843454,
  "ci_low_OR": 1.458802,
  "ci_high_OR": 10.126217,
  "tau2": 0.05023,
  "I2": 34.113715,
  "H2": 1.517767,
  "Q": 3.086492,
  "Qdf": 2,
  "Qp": 0.213686,
  "PI_low_OR": 0.979693,
  "PI_high_OR": 15.07834,
  "pi_df_convention": "t_{k-1}_Cochrane_v6.5",
  "hksj_floor_applied": false,
  "method": "REML+HKSJ",
  "trials": [
    {
      "name": "ADvocate1",
      "nct": "NCT04146363",
      "tE": 91,
      "tN": 211,
      "cE": 18,
      "cN": 141,
      "yi": 1.64518,
      "vi": 0.083008
    },
    {
      "name": "ADvocate2",
      "nct": "NCT04178967",
      "tE": 70,
      "tN": 211,
      "cE": 15,
      "cN": 142,
      "yi": 1.435872,
      "vi": 0.095919
    },
    {
      "name": "ADhere",
      "nct": "NCT04250337",
      "tE": 60,
      "tN": 145,
      "cE": 15,
      "cN": 66,
      "yi": 0.875469,
      "vi": 0.114706
    }
  ]
}
