{
  "k": 2,
  "pooled_logOR": -2.691597,
  "pooled_se": 0.788434,
  "pooled_OR": 0.067773,
  "ci_low_OR": 3.021975e-06,
  "ci_high_OR": 1519.909931,
  "tau2": 0.243599,
  "I2": 15.586364,
  "H2": 1.184643,
  "Q": 1.184643,
  "Qdf": 1,
  "Qp": 0.276413,
  "PI_low_OR": 4.99029e-07,
  "PI_high_OR": 9204.134356,
  "pi_df_convention": "t_{k-1}_Cochrane_v6.5",
  "hksj_floor_applied": false,
  "method": "REML+HKSJ",
  "trials": [
    {
      "name": "PURPOSE-1",
      "nct": "NCT04994509",
      "tE": 0,
      "tN": 2134,
      "cE": 39,
      "cN": 3204,
      "yi": -3.975369,
      "vi": 2.026101
    },
    {
      "name": "PURPOSE-2",
      "nct": "NCT04925752",
      "tE": 2,
      "tN": 2180,
      "cE": 9,
      "cN": 1087,
      "yi": -2.207377,
      "vi": 0.612498
    }
  ]
}
