{
  "k": 2,
  "pooled_logOR": -1.41716,
  "pooled_se": 0.096136,
  "pooled_OR": 0.242401,
  "ci_low_OR": 0.071455,
  "ci_high_OR": 0.822313,
  "tau2": 0,
  "I2": 0,
  "H2": 1,
  "Q": 0.582002,
  "Qdf": 1,
  "Qp": 0.445529,
  "PI_low_OR": 0.071455,
  "PI_high_OR": 0.822313,
  "pi_df_convention": "t_{k-1}_Cochrane_v6.5",
  "hksj_floor_applied": true,
  "method": "REML+HKSJ",
  "trials": [
    {
      "name": "VISION",
      "nct": "NCT03511664",
      "tE": 102,
      "tN": 551,
      "cE": 130,
      "cN": 280,
      "yi": -1.338949,
      "vi": 0.02639
    },
    {
      "name": "PSMAfore",
      "nct": "NCT04689828",
      "tE": 65,
      "tN": 234,
      "cE": 150,
      "cN": 234,
      "yi": -1.53533,
      "vi": 0.039873
    }
  ]
}
