{
  "k": 3,
  "pooled_logOR": 0.660254,
  "pooled_se": 0.041491,
  "pooled_OR": 1.935283,
  "ci_low_OR": 1.618876,
  "ci_high_OR": 2.313531,
  "tau2": 0,
  "I2": 0,
  "H2": 1,
  "Q": 0.224818,
  "Qdf": 2,
  "Qp": 0.893679,
  "PI_low_OR": 1.618876,
  "PI_high_OR": 2.313531,
  "pi_df_convention": "t_{k-1}_Cochrane_v6.5",
  "hksj_floor_applied": true,
  "method": "REML+HKSJ",
  "trials": [
    {
      "name": "STARGLO",
      "nct": "NCT04408638",
      "tE": 72,
      "tN": 137,
      "cE": 50,
      "cN": 137,
      "yi": 0.656164,
      "vi": 0.060768
    },
    {
      "name": "EPCORE-DLBCL-1",
      "nct": "NCT05409066",
      "tE": 132,
      "tN": 240,
      "cE": 96,
      "cN": 240,
      "yi": 0.606136,
      "vi": 0.034196
    },
    {
      "name": "OLYMPIA",
      "nct": "NCT05833763",
      "tE": 125,
      "tN": 175,
      "cE": 95,
      "cN": 175,
      "yi": 0.74444,
      "vi": 0.051026
    }
  ]
}
