{
  "k": 3,
  "pooled_logOR": -1.201396,
  "pooled_se": 0.423899,
  "pooled_OR": 0.300774,
  "ci_low_OR": 0.048544,
  "ci_high_OR": 1.863571,
  "tau2": 0.506844,
  "I2": 98.816688,
  "H2": 84.508555,
  "Q": 113.027365,
  "Qdf": 2,
  "Qp": 2.860352e-25,
  "PI_low_OR": 0.00851,
  "PI_high_OR": 10.629884,
  "pi_df_convention": "t_{k-1}_Cochrane_v6.5",
  "hksj_floor_applied": false,
  "method": "REML+HKSJ",
  "trials": [
    {
      "name": "RTS,S/AS01 Phase 3",
      "nct": "NCT00866619",
      "tE": 1612,
      "tN": 5949,
      "cE": 1115,
      "cN": 2974,
      "yi": -0.478523,
      "vi": 0.002286
    },
    {
      "name": "R21/Matrix-M Phase 2b (Datoo 2021)",
      "nct": "NCT03896724",
      "tE": 38,
      "tN": 146,
      "cE": 105,
      "cN": 147,
      "yi": -1.960836,
      "vi": 0.068908
    },
    {
      "name": "R21/Matrix-M Phase 3 (Datoo 2024)",
      "nct": "NCT04704830",
      "tE": 1224,
      "tN": 3200,
      "cE": 1095,
      "cN": 1600,
      "yi": -1.252902,
      "vi": 0.004217
    }
  ]
}
