{
  "k": 3,
  "pooled_logOR": -1.648439,
  "pooled_se": 0.415617,
  "pooled_OR": 0.19235,
  "ci_low_OR": 0.032171,
  "ci_high_OR": 1.150066,
  "tau2": 0.511817,
  "I2": 98.577004,
  "H2": 70.274282,
  "Q": 230.733864,
  "Qdf": 2,
  "Qp": 7.88457e-51,
  "PI_low_OR": 0.005471,
  "PI_high_OR": 6.763108,
  "pi_df_convention": "t_{k-1}_Cochrane_v6.5",
  "hksj_floor_applied": false,
  "method": "REML+HKSJ",
  "trials": [
    {
      "name": "RTS,S Phase 3",
      "nct": "NCT00866619",
      "tE": 2960,
      "tN": 5949,
      "cE": 4165,
      "cN": 5950,
      "yi": -0.857047,
      "vi": 0.001473
    },
    {
      "name": "R21 Phase 2b",
      "nct": "NCT03896724",
      "tE": 38,
      "tN": 150,
      "cE": 105,
      "cN": 150,
      "yi": -1.928211,
      "vi": 0.06699
    },
    {
      "name": "R21 Phase 3",
      "nct": "NCT04704830",
      "tE": 400,
      "tN": 1601,
      "cE": 1199,
      "cN": 1599,
      "yi": -2.197224,
      "vi": 0.006667
    }
  ]
}
