{
  "k": 3,
  "pooled_logOR": 1.997731,
  "pooled_se": 0.680194,
  "pooled_OR": 7.372311,
  "ci_low_OR": 0.394985,
  "ci_high_OR": 137.602731,
  "tau2": 1.195797,
  "I2": 85.38724,
  "H2": 6.843334,
  "Q": 14.822451,
  "Qdf": 2,
  "Qp": 0.000604,
  "PI_low_OR": 0.028918,
  "PI_high_OR": 1879.463309,
  "pi_df_convention": "t_{k-1}_Cochrane_v6.5",
  "hksj_floor_applied": false,
  "method": "REML+HKSJ",
  "trials": [
    {
      "name": "EXPLORER-HCM",
      "nct": "NCT03470545",
      "tE": 45,
      "tN": 123,
      "cE": 22,
      "cN": 128,
      "yi": 1.02235,
      "vi": 0.089931
    },
    {
      "name": "VALOR-HCM",
      "nct": "NCT04349072",
      "tE": 48,
      "tN": 56,
      "cE": 10,
      "cN": 56,
      "yi": 3.317816,
      "vi": 0.267572
    },
    {
      "name": "Chinese Phase 3",
      "nct": "NCT05174416",
      "tE": 31,
      "tN": 54,
      "cE": 5,
      "cN": 27,
      "yi": 1.780098,
      "vi": 0.321191
    }
  ]
}
