{
  "k": 3,
  "pooled_logOR": -1.206853,
  "pooled_se": 0.457773,
  "pooled_OR": 0.299137,
  "ci_low_OR": 0.041732,
  "ci_high_OR": 2.144244,
  "tau2": 0.418135,
  "I2": 70.771154,
  "H2": 3.421278,
  "Q": 6.349664,
  "Qdf": 2,
  "Qp": 0.041801,
  "PI_low_OR": 0.009895,
  "PI_high_OR": 9.043158,
  "pi_df_convention": "t_{k-1}_Cochrane_v6.5",
  "hksj_floor_applied": false,
  "method": "REML+HKSJ",
  "trials": [
    {
      "name": "TB-PRACTECAL (BPaLM vs SOC)",
      "nct": "NCT02589782",
      "tE": 11,
      "tN": 138,
      "cE": 49,
      "cN": 137,
      "yi": -1.860775,
      "vi": 0.130555
    },
    {
      "name": "Nix-TB (BPaL single-arm XDR-TB)",
      "nct": "NCT02333799",
      "tE": 11,
      "tN": 109,
      "cE": 32,
      "cN": 109,
      "yi": -1.309003,
      "vi": 0.14535
    },
    {
      "name": "ZeNix (BPaL dose-finding)",
      "nct": "NCT03086486",
      "tE": 7,
      "tN": 91,
      "cE": 9,
      "cN": 93,
      "yi": -0.251314,
      "vi": 0.277778
    }
  ]
}
