{
  "k": 2,
  "pooled_logOR": -0.781531,
  "pooled_se": 1.300832,
  "pooled_OR": 0.457705,
  "ci_low_OR": 3.035902e-08,
  "ci_high_OR": 6900532.603432,
  "tau2": 3.149576,
  "I2": 92.9133,
  "H2": 14.11094,
  "Q": 14.11094,
  "Qdf": 1,
  "Qp": 0.000172,
  "PI_low_OR": 3.298274e-13,
  "PI_high_OR": 635160740488.67908,
  "pi_df_convention": "t_{k-1}_Cochrane_v6.5",
  "hksj_floor_applied": false,
  "method": "REML+HKSJ",
  "trials": [
    {
      "name": "ZeNix",
      "nct": "NCT03086486",
      "tE": 8,
      "tN": 45,
      "cE": 5,
      "cN": 46,
      "yi": 0.572658,
      "vi": 0.376417
    },
    {
      "name": "TB-PRACTECAL",
      "nct": "NCT02589782",
      "tE": 15,
      "tN": 138,
      "cE": 66,
      "cN": 137,
      "yi": -2.031109,
      "vi": 0.104033
    }
  ]
}
