{
  "k": 3,
  "pooled_logOR": -0.169474,
  "pooled_se": 1.152339,
  "pooled_OR": 0.844109,
  "ci_low_OR": 0.005931,
  "ci_high_OR": 120.138034,
  "tau2": 3.068749,
  "I2": 96.648023,
  "H2": 29.833139,
  "Q": 11.525666,
  "Qdf": 2,
  "Qp": 0.003142,
  "PI_low_OR": 0.000102,
  "PI_high_OR": 6991.110612,
  "pi_df_convention": "t_{k-1}_Cochrane_v6.5",
  "hksj_floor_applied": false,
  "method": "REML+HKSJ",
  "trials": [
    {
      "name": "NICCO",
      "nct": "NCT02434354",
      "tE": 6,
      "tN": 11,
      "cE": 1,
      "cN": 12,
      "yi": 2.580217,
      "vi": 1.457576
    },
    {
      "name": "S1801-KEYNOTE-A06",
      "nct": "NCT04524032",
      "tE": 36,
      "tN": 154,
      "cE": 67,
      "cN": 159,
      "yi": -0.87007,
      "vi": 0.062047
    },
    {
      "name": "NADINA",
      "nct": "NCT04949113",
      "tE": 39,
      "tN": 212,
      "cE": 99,
      "cN": 211,
      "yi": -1.366351,
      "vi": 0.050451
    }
  ]
}
