{
  "k": 4,
  "pooled_logOR": 0.748281,
  "pooled_se": 0.091661,
  "pooled_OR": 2.113363,
  "ci_low_OR": 1.578655,
  "ci_high_OR": 2.829182,
  "tau2": 0.004592,
  "I2": 13.504982,
  "H2": 1.156136,
  "Q": 3.453569,
  "Qdf": 3,
  "Qp": 0.326834,
  "PI_low_OR": 1.470367,
  "PI_high_OR": 3.037543,
  "pi_df_convention": "t_{k-1}_Cochrane_v6.5",
  "hksj_floor_applied": false,
  "method": "REML+HKSJ",
  "trials": [
    {
      "name": "ACHIEVE I",
      "nct": "NCT03461757",
      "tE": 122,
      "tN": 422,
      "cE": 64,
      "cN": 432,
      "yi": 0.849438,
      "vi": 0.029872
    },
    {
      "name": "ACHIEVE II",
      "nct": "NCT03235479",
      "tE": 91,
      "tN": 464,
      "cE": 60,
      "cN": 456,
      "yi": 0.476351,
      "vi": 0.032862
    },
    {
      "name": "SAMURAI",
      "nct": "NCT02867709",
      "tE": 174,
      "tN": 583,
      "cE": 86,
      "cN": 575,
      "yi": 0.883355,
      "vi": 0.021865
    },
    {
      "name": "Rimegepant Study 303",
      "nct": "NCT03872453",
      "tE": 92,
      "tN": 543,
      "cE": 49,
      "cN": 541,
      "yi": 0.71698,
      "vi": 0.035528
    }
  ]
}
