{
  "k": 2,
  "pooled_logOR": 0.903796,
  "pooled_se": 0.174912,
  "pooled_OR": 2.468958,
  "ci_low_OR": 0.267489,
  "ci_high_OR": 22.7888,
  "tau2": 0.023039,
  "I2": 37.593985,
  "H2": 1.60241,
  "Q": 1.60241,
  "Qdf": 1,
  "Qp": 0.205562,
  "PI_low_OR": 0.130184,
  "PI_high_OR": 46.824168,
  "pi_df_convention": "t_{k-1}_Cochrane_v6.5",
  "hksj_floor_applied": false,
  "method": "REML+HKSJ",
  "trials": [
    {
      "name": "LUCENT-1",
      "nct": "NCT03518086",
      "tE": 210,
      "tN": 868,
      "cE": 39,
      "cN": 294,
      "yi": 0.735604,
      "vi": 0.035844
    },
    {
      "name": "LUCENT-2",
      "nct": "NCT03524092",
      "tE": 182,
      "tN": 365,
      "cE": 45,
      "cN": 179,
      "yi": 1.085698,
      "vi": 0.040644
    }
  ]
}
