{
  "k": 3,
  "pooled_logOR": -0.401848,
  "pooled_se": 0.27886,
  "pooled_OR": 0.669083,
  "ci_low_OR": 0.201556,
  "ci_high_OR": 2.221077,
  "tau2": 0.189542,
  "I2": 83.753458,
  "H2": 6.155156,
  "Q": 11.003264,
  "Qdf": 2,
  "Qp": 0.00408,
  "PI_low_OR": 0.072339,
  "PI_high_OR": 6.188501,
  "pi_df_convention": "t_{k-1}_Cochrane_v6.5",
  "hksj_floor_applied": false,
  "method": "REML+HKSJ",
  "trials": [
    {
      "name": "COAPT",
      "nct": "NCT01626079",
      "tE": 151,
      "tN": 302,
      "cE": 212,
      "cN": 312,
      "yi": -0.751416,
      "vi": 0.027962
    },
    {
      "name": "MITRA-FR",
      "nct": "NCT01920698",
      "tE": 83,
      "tN": 152,
      "cE": 78,
      "cN": 155,
      "yi": 0.171831,
      "vi": 0.052348
    },
    {
      "name": "RESHAPE-HF2",
      "nct": "NCT02444338",
      "tE": 139,
      "tN": 255,
      "cE": 170,
      "cN": 250,
      "yi": -0.572888,
      "vi": 0.034197
    }
  ]
}
