{
  "k": 4,
  "pooled_logOR": -0.754181,
  "pooled_se": 0.05498,
  "pooled_OR": 0.470396,
  "ci_low_OR": 0.394888,
  "ci_high_OR": 0.560341,
  "tau2": 0,
  "I2": 0,
  "H2": 1,
  "Q": 1.261233,
  "Qdf": 3,
  "Qp": 0.738359,
  "PI_low_OR": 0.394888,
  "PI_high_OR": 0.560341,
  "pi_df_convention": "t_{k-1}_Cochrane_v6.5",
  "hksj_floor_applied": true,
  "method": "REML+HKSJ",
  "trials": [
    {
      "name": "MAIA",
      "nct": "NCT02252172",
      "tE": 99,
      "tN": 368,
      "cE": 152,
      "cN": 369,
      "yi": -0.643575,
      "vi": 0.025006
    },
    {
      "name": "ALCYONE",
      "nct": "NCT02195479",
      "tE": 88,
      "tN": 350,
      "cE": 156,
      "cN": 356,
      "yi": -0.842546,
      "vi": 0.026591
    },
    {
      "name": "CASSIOPEIA",
      "nct": "NCT02541383",
      "tE": 60,
      "tN": 543,
      "cE": 122,
      "cN": 542,
      "yi": -0.849438,
      "vi": 0.029315
    },
    {
      "name": "IMROZ",
      "nct": "NCT03319667",
      "tE": 64,
      "tN": 265,
      "cE": 102,
      "cN": 265,
      "yi": -0.675644,
      "vi": 0.036539
    }
  ]
}
