{
  "k": 2,
  "pooled_logOR": 0.473777,
  "pooled_se": 0.034402,
  "pooled_OR": 1.606048,
  "ci_low_OR": 1.03734,
  "ci_high_OR": 2.486544,
  "tau2": 0,
  "I2": 0,
  "H2": 1,
  "Q": 0.069114,
  "Qdf": 1,
  "Qp": 0.792631,
  "PI_low_OR": 1.03734,
  "PI_high_OR": 2.486544,
  "pi_df_convention": "t_{k-1}_Cochrane_v6.5",
  "hksj_floor_applied": true,
  "method": "REML+HKSJ",
  "trials": [
    {
      "name": "MajesTEC-3",
      "nct": "NCT05083169",
      "tE": 196,
      "tN": 280,
      "cE": 168,
      "cN": 280,
      "yi": 0.441833,
      "vi": 0.031888
    },
    {
      "name": "MajesTEC-4",
      "nct": "NCT05243797",
      "tE": 168,
      "tN": 240,
      "cE": 140,
      "cN": 240,
      "yi": 0.510826,
      "vi": 0.036984
    }
  ]
}
