{
  "k": 3,
  "pooled_logOR": -0.546595,
  "pooled_se": 0.072277,
  "pooled_OR": 0.578918,
  "ci_low_OR": 0.424189,
  "ci_high_OR": 0.790087,
  "tau2": 0,
  "I2": 0,
  "H2": 1,
  "Q": 1.229786,
  "Qdf": 2,
  "Qp": 0.540699,
  "PI_low_OR": 0.424189,
  "PI_high_OR": 0.790087,
  "pi_df_convention": "t_{k-1}_Cochrane_v6.5",
  "hksj_floor_applied": true,
  "method": "REML+HKSJ",
  "trials": [
    {
      "name": "CheckMate-816",
      "nct": "NCT02998528",
      "tE": 109,
      "tN": 179,
      "cE": 124,
      "cN": 179,
      "yi": -0.370096,
      "vi": 0.049706
    },
    {
      "name": "KEYNOTE-671",
      "nct": "NCT03425643",
      "tE": 169,
      "tN": 397,
      "cE": 235,
      "cN": 400,
      "yi": -0.653087,
      "vi": 0.020619
    },
    {
      "name": "AEGEAN",
      "nct": "NCT03800134",
      "tE": 162,
      "tN": 401,
      "cE": 213,
      "cN": 401,
      "yi": -0.513717,
      "vi": 0.020371
    }
  ]
}
