{
  "k": 3,
  "pooled_logOR": -1.495119,
  "pooled_se": 0.100392,
  "pooled_OR": 0.224222,
  "ci_low_OR": 0.145574,
  "ci_high_OR": 0.34536,
  "tau2": 0,
  "I2": 0,
  "H2": 1,
  "Q": 0.655602,
  "Qdf": 2,
  "Qp": 0.720506,
  "PI_low_OR": 0.145574,
  "PI_high_OR": 0.34536,
  "pi_df_convention": "t_{k-1}_Cochrane_v6.5",
  "hksj_floor_applied": true,
  "method": "REML+HKSJ",
  "trials": [
    {
      "name": "Nirsevimab Phase 2b",
      "nct": "NCT02878330",
      "tE": 25,
      "tN": 969,
      "cE": 46,
      "cN": 484,
      "yi": -1.377673,
      "vi": 0.065082
    },
    {
      "name": "MELODY",
      "nct": "NCT03979313",
      "tE": 12,
      "tN": 994,
      "cE": 25,
      "cN": 496,
      "yi": -1.468702,
      "vi": 0.126475
    },
    {
      "name": "HARMONIE",
      "nct": "NCT05437510",
      "tE": 11,
      "tN": 4037,
      "cE": 60,
      "cN": 4021,
      "yi": -1.712726,
      "vi": 0.108077
    }
  ]
}
