{
  "k": 3,
  "pooled_logOR": 0.941834,
  "pooled_se": 0.185216,
  "pooled_OR": 2.564681,
  "ci_low_OR": 1.155938,
  "ci_high_OR": 5.690261,
  "tau2": 0.030594,
  "I2": 30.527539,
  "H2": 1.439419,
  "Q": 2.960023,
  "Qdf": 2,
  "Qp": 0.227635,
  "PI_low_OR": 0.857032,
  "PI_high_OR": 7.674848,
  "pi_df_convention": "t_{k-1}_Cochrane_v6.5",
  "hksj_floor_applied": false,
  "method": "REML+HKSJ",
  "trials": [
    {
      "name": "CodeBreaK-200",
      "nct": "NCT04303780",
      "tE": 35,
      "tN": 171,
      "cE": 19,
      "cN": 174,
      "yi": 0.741679,
      "vi": 0.095008
    },
    {
      "name": "KRYSTAL-12",
      "nct": "NCT04685135",
      "tE": 95,
      "tN": 226,
      "cE": 56,
      "cN": 227,
      "yi": 0.794991,
      "vi": 0.041865
    },
    {
      "name": "PAPILLON",
      "nct": "NCT04538664",
      "tE": 132,
      "tN": 153,
      "cE": 96,
      "cN": 155,
      "yi": 1.351469,
      "vi": 0.082561
    }
  ]
}
