{
  "k": 3,
  "pooled_logOR": 2.493645,
  "pooled_se": 0.891617,
  "pooled_OR": 12.105319,
  "ci_low_OR": 0.261147,
  "ci_high_OR": 561.135271,
  "tau2": 2.3666,
  "I2": 99.41322,
  "H2": 170.421574,
  "Q": 341.12559,
  "Qdf": 2,
  "Qp": 8.424017e-75,
  "PI_low_OR": 0.00576,
  "PI_high_OR": 25441.073515,
  "pi_df_convention": "t_{k-1}_Cochrane_v6.5",
  "hksj_floor_applied": false,
  "method": "REML+HKSJ",
  "trials": [
    {
      "name": "SURMOUNT-1",
      "nct": "NCT04184622",
      "tE": 1812,
      "tN": 2519,
      "cE": 31,
      "cN": 643,
      "yi": 3.923901,
      "vi": 0.035858
    },
    {
      "name": "STEP 1",
      "nct": "NCT03548935",
      "tE": 1047,
      "tN": 1306,
      "cE": 138,
      "cN": 655,
      "yi": 2.717645,
      "vi": 0.013997
    },
    {
      "name": "SCALE Obesity",
      "nct": "NCT01272219",
      "tE": 1257,
      "tN": 2487,
      "cE": 376,
      "cN": 1244,
      "yi": 0.858316,
      "vi": 0.00542
    }
  ]
}
