{
  "k": 4,
  "pooled_logOR": -0.104598,
  "pooled_se": 0.078858,
  "pooled_OR": 0.900686,
  "ci_low_OR": 0.700782,
  "ci_high_OR": 1.157615,
  "tau2": 0.019247,
  "I2": 79.708536,
  "H2": 4.928181,
  "Q": 16.427425,
  "Qdf": 3,
  "Qp": 0.000927,
  "PI_low_OR": 0.542019,
  "PI_high_OR": 1.496691,
  "pi_df_convention": "t_{k-1}_Cochrane_v6.5",
  "hksj_floor_applied": false,
  "method": "REML+HKSJ",
  "trials": [
    {
      "name": "REDUCE-IT",
      "nct": "NCT01492361",
      "tE": 705,
      "tN": 4089,
      "cE": 901,
      "cN": 4090,
      "yi": -0.304659,
      "vi": 0.003137
    },
    {
      "name": "STRENGTH",
      "nct": "NCT02104817",
      "tE": 785,
      "tN": 6539,
      "cE": 795,
      "cN": 6539,
      "yi": -0.014398,
      "vi": 0.00288
    },
    {
      "name": "VITAL",
      "nct": "NCT01169259",
      "tE": 386,
      "tN": 12933,
      "cE": 419,
      "cN": 12938,
      "yi": -0.084268,
      "vi": 0.005137
    },
    {
      "name": "OMEMI",
      "nct": "NCT01841944",
      "tE": 108,
      "tN": 514,
      "cE": 102,
      "cN": 513,
      "yi": 0.069398,
      "vi": 0.023959
    }
  ]
}
