{
  "k": 4,
  "pooled_logOR": -1.268748,
  "pooled_se": 0.263849,
  "pooled_OR": 0.281183,
  "ci_low_OR": 0.121428,
  "ci_high_OR": 0.65112,
  "tau2": 0.233538,
  "I2": 84.739014,
  "H2": 6.552657,
  "Q": 18.911221,
  "Qdf": 3,
  "Qp": 0.000285,
  "PI_low_OR": 0.048753,
  "PI_high_OR": 1.621724,
  "pi_df_convention": "t_{k-1}_Cochrane_v6.5",
  "hksj_floor_applied": false,
  "method": "REML+HKSJ",
  "trials": [
    {
      "name": "AURA3",
      "nct": "NCT02151981",
      "tE": 140,
      "tN": 279,
      "cE": 110,
      "cN": 140,
      "yi": -1.292114,
      "vi": 0.056761
    },
    {
      "name": "FLAURA",
      "nct": "NCT02296125",
      "tE": 136,
      "tN": 279,
      "cE": 206,
      "cN": 277,
      "yi": -1.115386,
      "vi": 0.033285
    },
    {
      "name": "ADAURA",
      "nct": "NCT02511106",
      "tE": 26,
      "tN": 339,
      "cE": 130,
      "cN": 343,
      "yi": -1.994349,
      "vi": 0.054044
    },
    {
      "name": "FLAURA2",
      "nct": "NCT04035486",
      "tE": 153,
      "tN": 279,
      "cE": 199,
      "cN": 278,
      "yi": -0.729701,
      "vi": 0.032156
    }
  ]
}
