{
  "k": 4,
  "pooled_logOR": -0.723089,
  "pooled_se": 0.375451,
  "pooled_OR": 0.485251,
  "ci_low_OR": 0.146909,
  "ci_high_OR": 1.602818,
  "tau2": 0.468136,
  "I2": 90.883017,
  "H2": 10.968541,
  "Q": 22.835874,
  "Qdf": 3,
  "Qp": 0.000044,
  "PI_low_OR": 0.040485,
  "PI_high_OR": 5.816186,
  "pi_df_convention": "t_{k-1}_Cochrane_v6.5",
  "hksj_floor_applied": false,
  "method": "REML+HKSJ",
  "trials": [
    {
      "name": "STELLAR",
      "nct": "NCT04576988",
      "tE": 9,
      "tN": 163,
      "cE": 42,
      "cN": 160,
      "yi": -1.806713,
      "vi": 0.149889
    },
    {
      "name": "GRIPHON",
      "nct": "NCT01106014",
      "tE": 155,
      "tN": 574,
      "cE": 242,
      "cN": 582,
      "yi": -0.654438,
      "vi": 0.015912
    },
    {
      "name": "PATENT-1",
      "nct": "NCT00810693",
      "tE": 23,
      "tN": 254,
      "cE": 21,
      "cN": 126,
      "yi": -0.697486,
      "vi": 0.10495
    },
    {
      "name": "SERAPHIN",
      "nct": "NCT00660179",
      "tE": 116,
      "tN": 242,
      "cE": 116,
      "cN": 250,
      "yi": 0.061558,
      "vi": 0.032641
    }
  ]
}
