{
  "k": 3,
  "pooled_logOR": -1.695894,
  "pooled_se": 0.593004,
  "pooled_OR": 0.183435,
  "ci_low_OR": 0.014302,
  "ci_high_OR": 2.352773,
  "tau2": 0.917096,
  "I2": 93.612473,
  "H2": 15.655512,
  "Q": 18.772414,
  "Qdf": 2,
  "Qp": 0.000084,
  "PI_low_OR": 0.001441,
  "PI_high_OR": 23.349143,
  "pi_df_convention": "t_{k-1}_Cochrane_v6.5",
  "hksj_floor_applied": false,
  "method": "REML+HKSJ",
  "trials": [
    {
      "name": "SOLO-1",
      "nct": "NCT01844986",
      "tE": 102,
      "tN": 260,
      "cE": 96,
      "cN": 131,
      "yi": -1.446622,
      "vi": 0.055121
    },
    {
      "name": "PAOLA-1",
      "nct": "NCT02477644",
      "tE": 244,
      "tN": 537,
      "cE": 181,
      "cN": 269,
      "yi": -0.904165,
      "vi": 0.0244
    },
    {
      "name": "PRIMA",
      "nct": "NCT02655016",
      "tE": 350,
      "tN": 487,
      "cE": 241,
      "cN": 246,
      "yi": -2.937407,
      "vi": 0.214306
    }
  ]
}
