{
  "k": 3,
  "pooled_logOR": -0.794034,
  "pooled_se": 0.035871,
  "pooled_OR": 0.452018,
  "ci_low_OR": 0.38737,
  "ci_high_OR": 0.527455,
  "tau2": 0,
  "I2": 0,
  "H2": 1,
  "Q": 0.310823,
  "Qdf": 2,
  "Qp": 0.856063,
  "PI_low_OR": 0.38737,
  "PI_high_OR": 0.527455,
  "pi_df_convention": "t_{k-1}_Cochrane_v6.5",
  "hksj_floor_applied": true,
  "method": "REML+HKSJ",
  "trials": [
    {
      "name": "PROpel",
      "nct": "NCT03732820",
      "tE": 150,
      "tN": 399,
      "cE": 226,
      "cN": 397,
      "yi": -0.785689,
      "vi": 0.020955
    },
    {
      "name": "MAGNITUDE",
      "nct": "NCT03748641",
      "tE": 101,
      "tN": 212,
      "cE": 137,
      "cN": 211,
      "yi": -0.710326,
      "vi": 0.039723
    },
    {
      "name": "TALAPRO-2",
      "nct": "NCT03395197",
      "tE": 146,
      "tN": 402,
      "cE": 230,
      "cN": 403,
      "yi": -0.846359,
      "vi": 0.020884
    }
  ]
}
