{
  "k": 2,
  "pooled_logOR": 2.413,
  "pooled_se": 0.697114,
  "pooled_OR": 11.167415,
  "ci_low_OR": 0.001589,
  "ci_high_OR": 78485.827378,
  "tau2": 0.673595,
  "I2": 66.249027,
  "H2": 2.962878,
  "Q": 2.962878,
  "Qdf": 1,
  "Qp": 0.085196,
  "PI_low_OR": 0.000013,
  "PI_high_OR": 9775842.634847,
  "pi_df_convention": "t_{k-1}_Cochrane_v6.5",
  "hksj_floor_applied": false,
  "method": "REML+HKSJ",
  "trials": [
    {
      "name": "ELATIVE",
      "nct": "NCT04526665",
      "tE": 55,
      "tN": 108,
      "cE": 2,
      "cN": 53,
      "yi": 3.27572,
      "vi": 0.556658
    },
    {
      "name": "RESPONSE",
      "nct": "NCT04620733",
      "tE": 81,
      "tN": 130,
      "cE": 13,
      "cN": 63,
      "yi": 1.849703,
      "vi": 0.129677
    }
  ]
}
