{
  "k": 4,
  "pooled_logOR": -0.13652,
  "pooled_se": 0.020991,
  "pooled_OR": 0.872389,
  "ci_low_OR": 0.816016,
  "ci_high_OR": 0.932657,
  "tau2": 0.000511,
  "I2": 22.6725,
  "H2": 1.293201,
  "Q": 3.310614,
  "Qdf": 3,
  "Qp": 0.346168,
  "PI_low_OR": 0.790818,
  "PI_high_OR": 0.962373,
  "pi_df_convention": "t_{k-1}_Cochrane_v6.5",
  "hksj_floor_applied": false,
  "method": "REML+HKSJ",
  "trials": [
    {
      "name": "IMPROVE-IT",
      "nct": "NCT00202878",
      "tE": 2572,
      "tN": 9067,
      "cE": 2742,
      "cN": 9077,
      "yi": -0.088947,
      "vi": 0.001065
    },
    {
      "name": "FOURIER",
      "nct": "NCT01764633",
      "tE": 1344,
      "tN": 13784,
      "cE": 1563,
      "cN": 13780,
      "yi": -0.169045,
      "vi": 0.001546
    },
    {
      "name": "ODYSSEY-OUTCOMES",
      "nct": "NCT01663402",
      "tE": 903,
      "tN": 9462,
      "cE": 1052,
      "cN": 9462,
      "yi": -0.170288,
      "vi": 0.002294
    },
    {
      "name": "CLEAR-OUTCOMES",
      "nct": "NCT02993406",
      "tE": 819,
      "tN": 6992,
      "cE": 927,
      "cN": 6978,
      "yi": -0.143831,
      "vi": 0.002627
    }
  ]
}
