{
  "k": 2,
  "pooled_logOR": -0.169546,
  "pooled_se": 0.000609,
  "pooled_OR": 0.844048,
  "ci_low_OR": 0.83754,
  "ci_high_OR": 0.850607,
  "tau2": 0,
  "I2": 0,
  "H2": 1,
  "Q": 0.000402,
  "Qdf": 1,
  "Qp": 0.984006,
  "PI_low_OR": 0.83754,
  "PI_high_OR": 0.850607,
  "pi_df_convention": "t_{k-1}_Cochrane_v6.5",
  "hksj_floor_applied": true,
  "method": "REML+HKSJ",
  "trials": [
    {
      "name": "FOURIER",
      "nct": "NCT01764633",
      "tE": 1344,
      "tN": 13784,
      "cE": 1563,
      "cN": 13780,
      "yi": -0.169045,
      "vi": 0.001546
    },
    {
      "name": "ODYSSEY OUTCOMES",
      "nct": "NCT01663402",
      "tE": 903,
      "tN": 9462,
      "cE": 1052,
      "cN": 9462,
      "yi": -0.170288,
      "vi": 0.002294
    }
  ]
}
