{
  "k": 3,
  "pooled_logOR": -0.586696,
  "pooled_se": 0.756508,
  "pooled_OR": 0.556162,
  "ci_low_OR": 0.021457,
  "ci_high_OR": 14.415352,
  "tau2": 1.675349,
  "I2": 97.686656,
  "H2": 43.227462,
  "Q": 83.599806,
  "Qdf": 2,
  "Qp": 7.023162e-19,
  "PI_low_OR": 0.000878,
  "PI_high_OR": 352.100197,
  "pi_df_convention": "t_{k-1}_Cochrane_v6.5",
  "hksj_floor_applied": false,
  "method": "REML+HKSJ",
  "trials": [
    {
      "name": "ADVENT",
      "nct": "NCT04612283",
      "tE": 217,
      "tN": 305,
      "cE": 210,
      "cN": 302,
      "yi": 0.077242,
      "vi": 0.031603
    },
    {
      "name": "SPHERE-Per-AF",
      "nct": "NCT05366803",
      "tE": 156,
      "tN": 210,
      "cE": 145,
      "cN": 210,
      "yi": 0.258525,
      "vi": 0.04721
    },
    {
      "name": "OPTION",
      "nct": "NCT05541068",
      "tE": 560,
      "tN": 750,
      "cE": 720,
      "cN": 750,
      "yi": -2.097141,
      "vi": 0.041771
    }
  ]
}
