{
  "k": 3,
  "pooled_logOR": -0.101247,
  "pooled_se": 0.169326,
  "pooled_OR": 0.903709,
  "ci_low_OR": 0.436138,
  "ci_high_OR": 1.872553,
  "tau2": 0.038495,
  "I2": 27.145858,
  "H2": 1.372606,
  "Q": 2.437317,
  "Qdf": 2,
  "Qp": 0.295627,
  "PI_low_OR": 0.296312,
  "PI_high_OR": 2.756188,
  "pi_df_convention": "t_{k-1}_Cochrane_v6.5",
  "hksj_floor_applied": false,
  "method": "REML+HKSJ",
  "trials": [
    {
      "name": "REHAB-HF (Kitzman 2021)",
      "nct": "NCT02196038",
      "tE": 12,
      "tN": 175,
      "cE": 8,
      "cN": 174,
      "yi": 0.423703,
      "vi": 0.220492
    },
    {
      "name": "LIFE (Pahor 2014)",
      "nct": "NCT01072500",
      "tE": 246,
      "tN": 818,
      "cE": 290,
      "cN": 817,
      "yi": -0.246488,
      "vi": 0.011159
    },
    {
      "name": "ICARE (Winstein 2016)",
      "nct": "NCT00871715",
      "tE": 14,
      "tN": 119,
      "cE": 13,
      "cN": 119,
      "yi": 0.083587,
      "vi": 0.167309
    }
  ]
}
