{
  "k": 3,
  "pooled_logOR": -0.815193,
  "pooled_se": 0.196576,
  "pooled_OR": 0.442554,
  "ci_low_OR": 0.189951,
  "ci_high_OR": 1.031077,
  "tau2": 0.067681,
  "I2": 60.772,
  "H2": 2.5492,
  "Q": 5.000704,
  "Qdf": 2,
  "Qp": 0.082056,
  "PI_low_OR": 0.108808,
  "PI_high_OR": 1.799995,
  "pi_df_convention": "t_{k-1}_Cochrane_v6.5",
  "hksj_floor_applied": false,
  "method": "REML+HKSJ",
  "trials": [
    {
      "name": "SOLAR-1",
      "nct": "NCT02437318",
      "tE": 103,
      "tN": 169,
      "cE": 129,
      "cN": 172,
      "yi": -0.653538,
      "vi": 0.055868
    },
    {
      "name": "CAPItello-291",
      "nct": "NCT04305496",
      "tE": 195,
      "tN": 355,
      "cE": 245,
      "cN": 353,
      "yi": -0.621301,
      "vi": 0.024719
    },
    {
      "name": "INAVO120",
      "nct": "NCT04191499",
      "tE": 76,
      "tN": 161,
      "cE": 124,
      "cN": 164,
      "yi": -1.24332,
      "vi": 0.057987
    }
  ]
}
