{
  "k": 3,
  "pooled_logOR": 1.80067,
  "pooled_se": 0.931588,
  "pooled_OR": 6.053702,
  "ci_low_OR": 0.109961,
  "ci_high_OR": 333.275979,
  "tau2": 2.214044,
  "I2": 87.103259,
  "H2": 7.753897,
  "Q": 16.607431,
  "Qdf": 2,
  "Qp": 0.000248,
  "PI_low_OR": 0.003174,
  "PI_high_OR": 11546.348056,
  "pi_df_convention": "t_{k-1}_Cochrane_v6.5",
  "hksj_floor_applied": false,
  "method": "REML+HKSJ",
  "trials": [
    {
      "name": "RESPONSE (Vannucchi 2015)",
      "nct": "NCT01243944",
      "tE": 23,
      "tN": 110,
      "cE": 1,
      "cN": 112,
      "yi": 3.379116,
      "vi": 1.063982
    },
    {
      "name": "RESPONSE-2 (Passamonti 2017)",
      "nct": "NCT02038036",
      "tE": 27,
      "tN": 74,
      "cE": 4,
      "cN": 75,
      "yi": 2.322075,
      "vi": 0.322398
    },
    {
      "name": "PROUD-PV (Gisslinger 2020)",
      "nct": "NCT01949805",
      "tE": 25,
      "tN": 122,
      "cE": 22,
      "cN": 127,
      "yi": 0.207083,
      "vi": 0.105288
    }
  ]
}
