{
  "k": 3,
  "pooled_logOR": -0.412635,
  "pooled_se": 0.312376,
  "pooled_OR": 0.661904,
  "ci_low_OR": 0.172617,
  "ci_high_OR": 2.538085,
  "tau2": 0.289529,
  "I2": 98.430529,
  "H2": 63.715724,
  "Q": 184.588801,
  "Qdf": 2,
  "Qp": 8.261354e-41,
  "PI_low_OR": 0.045518,
  "PI_high_OR": 9.625226,
  "pi_df_convention": "t_{k-1}_Cochrane_v6.5",
  "hksj_floor_applied": false,
  "method": "REML+HKSJ",
  "trials": [
    {
      "name": "WOMAN",
      "nct": "NCT00872469",
      "tE": 155,
      "tN": 10036,
      "cE": 191,
      "cN": 9985,
      "yi": -0.217692,
      "vi": 0.011891
    },
    {
      "name": "WOMAN-2",
      "nct": "NCT03475342",
      "tE": 469,
      "tN": 4178,
      "cE": 471,
      "cN": 4225,
      "yi": 0.007804,
      "vi": 0.004791
    },
    {
      "name": "E-MOTIVE",
      "nct": "NCT04341662",
      "tE": 850,
      "tN": 53183,
      "cE": 2245,
      "cN": 52240,
      "yi": -1.016929,
      "vi": 0.001661
    }
  ]
}
