{
  "k": 4,
  "pooled_logOR": 1.504178,
  "pooled_se": 0.152931,
  "pooled_OR": 4.500451,
  "ci_low_OR": 2.766227,
  "ci_high_OR": 7.321908,
  "tau2": 0.046148,
  "I2": 53.029934,
  "H2": 2.129016,
  "Q": 6.202308,
  "Qdf": 3,
  "Qp": 0.102172,
  "PI_low_OR": 1.944445,
  "PI_high_OR": 10.416368,
  "pi_df_convention": "t_{k-1}_Cochrane_v6.5",
  "hksj_floor_applied": false,
  "method": "REML+HKSJ",
  "trials": [
    {
      "name": "SPIRIT-P1",
      "nct": "NCT01695239",
      "tE": 64,
      "tN": 107,
      "cE": 31,
      "cN": 106,
      "yi": 1.281184,
      "vi": 0.084472
    },
    {
      "name": "DISCOVER-2",
      "nct": "NCT03158285",
      "tE": 156,
      "tN": 245,
      "cE": 81,
      "cN": 246,
      "yi": 1.272716,
      "vi": 0.036052
    },
    {
      "name": "BE OPTIMAL",
      "nct": "NCT03895203",
      "tE": 189,
      "tN": 431,
      "cE": 28,
      "cN": 281,
      "yi": 1.953994,
      "vi": 0.04909
    },
    {
      "name": "SELECT-PsA 1",
      "nct": "NCT03104400",
      "tE": 305,
      "tN": 425,
      "cE": 154,
      "cN": 423,
      "yi": 1.490579,
      "vi": 0.021823
    }
  ]
}
