{
  "k": 4,
  "pooled_logOR": -0.507589,
  "pooled_se": 0.105799,
  "pooled_OR": 0.601945,
  "ci_low_OR": 0.429863,
  "ci_high_OR": 0.842915,
  "tau2": 0.023922,
  "I2": 52.707588,
  "H2": 2.114504,
  "Q": 6.345504,
  "Qdf": 3,
  "Qp": 0.095959,
  "PI_low_OR": 0.331558,
  "PI_high_OR": 1.092834,
  "pi_df_convention": "t_{k-1}_Cochrane_v6.5",
  "hksj_floor_applied": false,
  "method": "REML+HKSJ",
  "trials": [
    {
      "name": "CheckMate 9ER",
      "nct": "NCT03141177",
      "tE": 144,
      "tN": 323,
      "cE": 191,
      "cN": 328,
      "yi": -0.549865,
      "vi": 0.025066
    },
    {
      "name": "KEYNOTE-426",
      "nct": "NCT02853331",
      "tE": 195,
      "tN": 432,
      "cE": 250,
      "cN": 429,
      "yi": -0.529136,
      "vi": 0.018934
    },
    {
      "name": "CLEAR",
      "nct": "NCT02811861",
      "tE": 160,
      "tN": 355,
      "cE": 226,
      "cN": 357,
      "yi": -0.743163,
      "vi": 0.023437
    },
    {
      "name": "CheckMate 214",
      "nct": "NCT02231749",
      "tE": 173,
      "tN": 425,
      "cE": 196,
      "cN": 422,
      "yi": -0.233717,
      "vi": 0.019275
    }
  ]
}
