{
  "k": 3,
  "pooled_logOR": 0.87508,
  "pooled_se": 0.310593,
  "pooled_OR": 2.399067,
  "ci_low_OR": 0.630468,
  "ci_high_OR": 9.128971,
  "tau2": 0.24221,
  "I2": 83.569535,
  "H2": 6.086255,
  "Q": 12.316599,
  "Qdf": 2,
  "Qp": 0.002116,
  "PI_low_OR": 0.196146,
  "PI_high_OR": 29.343019,
  "pi_df_convention": "t_{k-1}_Cochrane_v6.5",
  "hksj_floor_applied": false,
  "method": "REML+HKSJ",
  "trials": [
    {
      "name": "ADVANCE",
      "nct": "NCT03105128",
      "tE": 152,
      "tN": 336,
      "cE": 60,
      "cN": 175,
      "yi": 0.459532,
      "vi": 0.037376
    },
    {
      "name": "MOTIVATE",
      "nct": "NCT03104413",
      "tE": 103,
      "tN": 206,
      "cE": 38,
      "cN": 206,
      "yi": 1.486378,
      "vi": 0.051686
    },
    {
      "name": "FORTIFY",
      "nct": "NCT03105102",
      "tE": 71,
      "tN": 141,
      "cE": 55,
      "cN": 164,
      "yi": 0.698199,
      "vi": 0.055726
    }
  ]
}
