{
  "k": 4,
  "pooled_logOR": -0.175496,
  "pooled_se": 0.046753,
  "pooled_OR": 0.83904,
  "ci_low_OR": 0.723044,
  "ci_high_OR": 0.973647,
  "tau2": 0.004244,
  "I2": 46.639091,
  "H2": 1.874031,
  "Q": 5.581834,
  "Qdf": 3,
  "Qp": 0.133825,
  "PI_low_OR": 0.650068,
  "PI_high_OR": 1.082946,
  "pi_df_convention": "t_{k-1}_Cochrane_v6.5",
  "hksj_floor_applied": false,
  "method": "REML+HKSJ",
  "trials": [
    {
      "name": "COMPASS",
      "nct": "NCT01776424",
      "tE": 379,
      "tN": 9152,
      "cE": 496,
      "cN": 9126,
      "yi": -0.285474,
      "vi": 0.004885
    },
    {
      "name": "VOYAGER-PAD",
      "nct": "NCT02504216",
      "tE": 508,
      "tN": 3286,
      "cE": 584,
      "cN": 3278,
      "yi": -0.170124,
      "vi": 0.004412
    },
    {
      "name": "COMMANDER HF",
      "nct": "NCT01877915",
      "tE": 626,
      "tN": 2507,
      "cE": 658,
      "cN": 2515,
      "yi": -0.062696,
      "vi": 0.004187
    },
    {
      "name": "ATLAS ACS 2",
      "nct": "NCT00809965",
      "tE": 313,
      "tN": 5174,
      "cE": 376,
      "cN": 5176,
      "yi": -0.196014,
      "vi": 0.006269
    }
  ]
}
