{
  "k": 3,
  "pooled_logOR": -1.178345,
  "pooled_se": 0.452736,
  "pooled_OR": 0.307788,
  "ci_low_OR": 0.043879,
  "ci_high_OR": 2.158949,
  "tau2": 0.288654,
  "I2": 76.856313,
  "H2": 4.320833,
  "Q": 7.640282,
  "Qdf": 2,
  "Qp": 0.021925,
  "PI_low_OR": 0.014976,
  "PI_high_OR": 6.325755,
  "pi_df_convention": "t_{k-1}_Cochrane_v6.5",
  "hksj_floor_applied": false,
  "method": "REML+HKSJ",
  "trials": [
    {
      "name": "FRAME",
      "nct": "NCT01575834",
      "tE": 16,
      "tN": 3589,
      "cE": 59,
      "cN": 3591,
      "yi": -1.31649,
      "vi": 0.080012
    },
    {
      "name": "ARCH",
      "nct": "NCT01631214",
      "tE": 127,
      "tN": 2046,
      "cE": 243,
      "cN": 2047,
      "yi": -0.710672,
      "vi": 0.013065
    },
    {
      "name": "BRIDGE",
      "nct": "NCT02186171",
      "tE": 1,
      "tN": 163,
      "cE": 8,
      "cN": 82,
      "yi": -2.862973,
      "vi": 1.144686
    }
  ]
}
