{
  "k": 3,
  "pooled_logOR": -0.70502,
  "pooled_se": 0.174992,
  "pooled_OR": 0.494099,
  "ci_low_OR": 0.232713,
  "ci_high_OR": 1.049076,
  "tau2": 0.055676,
  "I2": 56.969271,
  "H2": 2.323921,
  "Q": 4.719503,
  "Qdf": 2,
  "Qp": 0.094444,
  "PI_low_OR": 0.139597,
  "PI_high_OR": 1.748843,
  "pi_df_convention": "t_{k-1}_Cochrane_v6.5",
  "hksj_floor_applied": false,
  "method": "REML+HKSJ",
  "trials": [
    {
      "name": "Rotarix Africa (Madhi 2010)",
      "nct": "NCT00241644",
      "tE": 21,
      "tN": 1042,
      "cE": 37,
      "cN": 1047,
      "yi": -0.577228,
      "vi": 0.076616
    },
    {
      "name": "RotaTeq Africa (Armah 2010)",
      "nct": "NCT00362648",
      "tE": 79,
      "tN": 2733,
      "cE": 129,
      "cN": 2735,
      "yi": -0.508616,
      "vi": 0.021171
    },
    {
      "name": "Rotasiil ROSE Niger (Isanaka 2017)",
      "nct": "NCT02145000",
      "tE": 31,
      "tN": 2207,
      "cE": 87,
      "cN": 2206,
      "yi": -1.058465,
      "vi": 0.044684
    }
  ]
}
