{
  "k": 3,
  "pooled_logOR": -1.535191,
  "pooled_se": 0.231075,
  "pooled_OR": 0.215415,
  "ci_low_OR": 0.079705,
  "ci_high_OR": 0.582191,
  "tau2": 0.033487,
  "I2": 19.516476,
  "H2": 1.24249,
  "Q": 2.367572,
  "Qdf": 2,
  "Qp": 0.306118,
  "PI_low_OR": 0.060601,
  "PI_high_OR": 0.765715,
  "pi_df_convention": "t_{k-1}_Cochrane_v6.5",
  "hksj_floor_applied": false,
  "method": "REML+HKSJ",
  "trials": [
    {
      "name": "RENOIR",
      "nct": "NCT05035212",
      "tE": 11,
      "tN": 17215,
      "cE": 33,
      "cN": 17069,
      "yi": -1.108425,
      "vi": 0.121329
    },
    {
      "name": "AReSVi-006",
      "nct": "NCT04886596",
      "tE": 7,
      "tN": 12466,
      "cE": 40,
      "cN": 12494,
      "yi": -1.743371,
      "vi": 0.168018
    },
    {
      "name": "ConquerRSV",
      "nct": "NCT05127434",
      "tE": 9,
      "tN": 17572,
      "cE": 55,
      "cN": 17516,
      "yi": -1.815933,
      "vi": 0.129407
    }
  ]
}
