{
  "k": 3,
  "effect_type": "MD",
  "pooled_MD": -11.840808,
  "pooled_se": 0.702986,
  "ci_low_MD": -14.865511,
  "ci_high_MD": -8.816105,
  "tau2": 0.848904,
  "I2": 60.555623,
  "H2": 2.535216,
  "Q": 4.945263,
  "Qdf": 2,
  "Qp": 0.084363,
  "PI_low_MD": -16.827233,
  "PI_high_MD": -6.854383,
  "pi_df_convention": "t_{k-1}_Cochrane_v6.5",
  "hksj_floor_applied": false,
  "method": "REML+HKSJ+continuous",
  "trials": [
    {
      "name": "STEP-1",
      "nct": "NCT03548935",
      "md": -12.4,
      "se": 0.485
    },
    {
      "name": "STEP-3",
      "nct": "NCT03611582",
      "md": -10.3,
      "se": 0.867
    },
    {
      "name": "STEP-5",
      "nct": "NCT03693430",
      "md": -12.6,
      "se": 0.922
    }
  ]
}
