{
  "k": 3,
  "pooled_logOR": -0.043514,
  "pooled_se": 0.060892,
  "pooled_OR": 0.957419,
  "ci_low_OR": 0.736748,
  "ci_high_OR": 1.244186,
  "tau2": 0,
  "I2": 0,
  "H2": 1,
  "Q": 1.11877,
  "Qdf": 2,
  "Qp": 0.57156,
  "PI_low_OR": 0.736748,
  "PI_high_OR": 1.244186,
  "pi_df_convention": "t_{k-1}_Cochrane_v6.5",
  "hksj_floor_applied": true,
  "method": "REML+HKSJ",
  "trials": [
    {
      "name": "CENSER (Permpikul 2019)",
      "nct": "NCT01945983",
      "tE": 16,
      "tN": 156,
      "cE": 22,
      "cN": 154,
      "yi": -0.377294,
      "vi": 0.122673
    },
    {
      "name": "CLOVERS (Shapiro 2023)",
      "nct": "NCT03434028",
      "tE": 109,
      "tN": 781,
      "cE": 116,
      "cN": 782,
      "yi": -0.071211,
      "vi": 0.020785
    },
    {
      "name": "CLASSIC (Meyhoff 2022)",
      "nct": "NCT03668236",
      "tE": 323,
      "tN": 770,
      "cE": 329,
      "cN": 784,
      "yi": -0.000667,
      "vi": 0.01057
    }
  ]
}
