{
  "k": 2,
  "pooled_logOR": -2.025175,
  "pooled_se": 0.82272,
  "pooled_OR": 0.131971,
  "ci_low_OR": 3.806423e-06,
  "ci_high_OR": 4575.50039,
  "tau2": 1.301489,
  "I2": 96.097811,
  "H2": 25.626644,
  "Q": 25.626644,
  "Qdf": 1,
  "Qp": 4.142794e-07,
  "PI_low_OR": 2.28484e-09,
  "PI_high_OR": 7622542.780731,
  "pi_df_convention": "t_{k-1}_Cochrane_v6.5",
  "hksj_floor_applied": false,
  "method": "REML+HKSJ",
  "trials": [
    {
      "name": "MENSA",
      "nct": "NCT01691521",
      "tE": 66,
      "tN": 194,
      "cE": 172,
      "cN": 191,
      "yi": -2.865431,
      "vi": 0.08141
    },
    {
      "name": "Castro-2015-Resliz",
      "nct": "NCT01287039",
      "tE": 77,
      "tN": 464,
      "cE": 192,
      "cN": 477,
      "yi": -1.219625,
      "vi": 0.024288
    }
  ]
}
