{
  "k": 4,
  "pooled_logOR": -0.098843,
  "pooled_se": 0.039869,
  "pooled_OR": 0.905885,
  "ci_low_OR": 0.797937,
  "ci_high_OR": 1.028437,
  "tau2": 0.001686,
  "I2": 27.678333,
  "H2": 1.382712,
  "Q": 4.269128,
  "Qdf": 3,
  "Qp": 0.233831,
  "PI_low_OR": 0.755043,
  "PI_high_OR": 1.086863,
  "pi_df_convention": "t_{k-1}_Cochrane_v6.5",
  "hksj_floor_applied": false,
  "method": "REML+HKSJ",
  "trials": [
    {
      "name": "EMPA-REG OUTCOME",
      "nct": "NCT01131676",
      "tE": 490,
      "tN": 4687,
      "cE": 282,
      "cN": 2333,
      "yi": -0.163544,
      "vi": 0.006313
    },
    {
      "name": "CANVAS",
      "nct": "NCT01032629",
      "tE": 561,
      "tN": 5795,
      "cE": 493,
      "cN": 4347,
      "yi": -0.176853,
      "vi": 0.004261
    },
    {
      "name": "DECLARE-TIMI 58",
      "nct": "NCT01730534",
      "tE": 756,
      "tN": 8582,
      "cE": 803,
      "cN": 8578,
      "yi": -0.066851,
      "vi": 0.002824
    },
    {
      "name": "VERTIS-CV",
      "nct": "NCT01986881",
      "tE": 653,
      "tN": 5493,
      "cE": 327,
      "cN": 2747,
      "yi": -0.00153,
      "vi": 0.005209
    }
  ]
}
