{
  "k": 3,
  "pooled_logOR": -0.386643,
  "pooled_se": 0.063652,
  "pooled_OR": 0.679334,
  "ci_low_OR": 0.516586,
  "ci_high_OR": 0.893354,
  "tau2": 0.005099,
  "I2": 41.579949,
  "H2": 1.711741,
  "Q": 3.420161,
  "Qdf": 2,
  "Qp": 0.180851,
  "PI_low_OR": 0.450122,
  "PI_high_OR": 1.025266,
  "pi_df_convention": "t_{k-1}_Cochrane_v6.5",
  "hksj_floor_applied": false,
  "method": "REML+HKSJ",
  "trials": [
    {
      "name": "CREDENCE",
      "nct": "NCT02065791",
      "tE": 245,
      "tN": 2202,
      "cE": 340,
      "cN": 2199,
      "yi": -0.379061,
      "vi": 0.008072
    },
    {
      "name": "DAPA-CKD",
      "nct": "NCT03036150",
      "tE": 197,
      "tN": 2152,
      "cE": 312,
      "cN": 2152,
      "yi": -0.520424,
      "vi": 0.009336
    },
    {
      "name": "EMPA-KIDNEY",
      "nct": "NCT03594110",
      "tE": 432,
      "tN": 3304,
      "cE": 558,
      "cN": 3305,
      "yi": -0.300433,
      "vi": 0.004819
    }
  ]
}
