{
  "k": 4,
  "pooled_logOR": 1.853402,
  "pooled_se": 0.289071,
  "pooled_OR": 6.381492,
  "ci_low_OR": 2.543263,
  "ci_high_OR": 16.012283,
  "tau2": 3.583561e-07,
  "I2": 0.00016,
  "H2": 1.000002,
  "Q": 5.03423,
  "Qdf": 3,
  "Qp": 0.169308,
  "PI_low_OR": 2.543258,
  "PI_high_OR": 16.012315,
  "pi_df_convention": "t_{k-1}_Cochrane_v6.5",
  "hksj_floor_applied": false,
  "method": "REML+HKSJ",
  "trials": [
    {
      "name": "ENDEAR",
      "nct": "NCT02193074",
      "tE": 49,
      "tN": 80,
      "cE": 0,
      "cN": 41,
      "yi": 4.870826,
      "vi": 2.076044
    },
    {
      "name": "CHERISH",
      "nct": "NCT02292537",
      "tE": 57,
      "tN": 84,
      "cE": 9,
      "cN": 42,
      "yi": 2.046497,
      "vi": 0.195995
    },
    {
      "name": "DEVOTE",
      "nct": "NCT04089566",
      "tE": 62,
      "tN": 73,
      "cE": 38,
      "cN": 72,
      "yi": 1.618013,
      "vi": 0.162766
    },
    {
      "name": "SUNFISH",
      "nct": "NCT02908685",
      "tE": 85,
      "tN": 120,
      "cE": 18,
      "cN": 60,
      "yi": 1.734601,
      "vi": 0.119701
    }
  ]
}
