{
  "k": 2,
  "pooled_logOR": -0.507256,
  "pooled_se": 0.189296,
  "pooled_OR": 0.602146,
  "ci_low_OR": 0.05434,
  "ci_high_OR": 6.672402,
  "tau2": 0.062791,
  "I2": 87.292818,
  "H2": 7.869566,
  "Q": 7.869566,
  "Qdf": 1,
  "Qp": 0.005027,
  "PI_low_OR": 0.011136,
  "PI_high_OR": 32.559508,
  "pi_df_convention": "t_{k-1}_Cochrane_v6.5",
  "hksj_floor_applied": false,
  "method": "REML+HKSJ",
  "trials": [
    {
      "name": "SOLOIST-WHF",
      "nct": "NCT03521934",
      "tE": 245,
      "tN": 608,
      "cE": 355,
      "cN": 614,
      "yi": -0.708434,
      "vi": 0.013514
    },
    {
      "name": "SCORED",
      "nct": "NCT03315143",
      "tE": 400,
      "tN": 5292,
      "cE": 540,
      "cN": 5292,
      "yi": -0.32914,
      "vi": 0.004767
    }
  ]
}
