{
  "k": 4,
  "pooled_logOR": 0.880224,
  "pooled_se": 0.313325,
  "pooled_OR": 2.411439,
  "ci_low_OR": 0.889658,
  "ci_high_OR": 6.536257,
  "tau2": 0.340816,
  "I2": 85.692653,
  "H2": 6.989416,
  "Q": 22.321876,
  "Qdf": 3,
  "Qp": 0.000056,
  "PI_low_OR": 0.292776,
  "PI_high_OR": 19.8617,
  "pi_df_convention": "t_{k-1}_Cochrane_v6.5",
  "hksj_floor_applied": false,
  "method": "REML+HKSJ",
  "trials": [
    {
      "name": "MEASURE 4",
      "nct": "NCT02696785",
      "tE": 49,
      "tN": 116,
      "cE": 23,
      "cN": 117,
      "yi": 1.094928,
      "vi": 0.08945
    },
    {
      "name": "BE MOBILE 1",
      "nct": "NCT03928704",
      "tE": 122,
      "tN": 254,
      "cE": 50,
      "cN": 132,
      "yi": 0.415915,
      "vi": 0.047968
    },
    {
      "name": "BE MOBILE 2",
      "nct": "NCT03928743",
      "tE": 175,
      "tN": 332,
      "cE": 48,
      "cN": 110,
      "yi": 0.364474,
      "vi": 0.049046
    },
    {
      "name": "SELECT-AXIS 2",
      "nct": "NCT04169373",
      "tE": 111,
      "tN": 211,
      "cE": 36,
      "cN": 209,
      "yi": 1.674133,
      "vi": 0.052567
    }
  ]
}
