{
  "k": 3,
  "pooled_logOR": -0.462089,
  "pooled_se": 0.117145,
  "pooled_OR": 0.629966,
  "ci_low_OR": 0.380556,
  "ci_high_OR": 1.042836,
  "tau2": 0,
  "I2": 0,
  "H2": 1,
  "Q": 1.424111,
  "Qdf": 2,
  "Qp": 0.490635,
  "PI_low_OR": 0.380556,
  "PI_high_OR": 1.042836,
  "pi_df_convention": "t_{k-1}_Cochrane_v6.5",
  "hksj_floor_applied": true,
  "method": "REML+HKSJ",
  "trials": [
    {
      "name": "PARTNER 3",
      "nct": "NCT02675114",
      "tE": 42,
      "tN": 496,
      "cE": 68,
      "cN": 454,
      "yi": -0.644098,
      "vi": 0.043309
    },
    {
      "name": "Evolut Low Risk",
      "nct": "NCT02701283",
      "tE": 38,
      "tN": 725,
      "cE": 49,
      "cN": 678,
      "yi": -0.342437,
      "vi": 0.049769
    },
    {
      "name": "NOTION",
      "nct": "NCT01057173",
      "tE": 19,
      "tN": 145,
      "cE": 22,
      "cN": 135,
      "yi": -0.255498,
      "vi": 0.114872
    }
  ]
}
