{
  "k": 4,
  "pooled_logOR": -0.252548,
  "pooled_se": 0.171621,
  "pooled_OR": 0.776819,
  "ci_low_OR": 0.449903,
  "ci_high_OR": 1.341285,
  "tau2": 0.072152,
  "I2": 56.375475,
  "H2": 2.292289,
  "Q": 6.974798,
  "Qdf": 3,
  "Qp": 0.072705,
  "PI_low_OR": 0.281682,
  "PI_high_OR": 2.142299,
  "pi_df_convention": "t_{k-1}_Cochrane_v6.5",
  "hksj_floor_applied": false,
  "method": "REML+HKSJ",
  "trials": [
    {
      "name": "PARTNER 3",
      "nct": "NCT02675114",
      "tE": 42,
      "tN": 503,
      "cE": 68,
      "cN": 497,
      "yi": -0.553779,
      "vi": 0.043016
    },
    {
      "name": "Evolut Low Risk",
      "nct": "NCT02701283",
      "tE": 38,
      "tN": 730,
      "cE": 47,
      "cN": 684,
      "yi": -0.295378,
      "vi": 0.050607
    },
    {
      "name": "NOTION",
      "nct": "NCT01057173",
      "tE": 18,
      "tN": 145,
      "cE": 24,
      "cN": 135,
      "yi": -0.422339,
      "vi": 0.114105
    },
    {
      "name": "SCOPE 2",
      "nct": "NCT03192813",
      "tE": 56,
      "tN": 398,
      "cE": 47,
      "cN": 398,
      "yi": 0.20118,
      "vi": 0.044907
    }
  ]
}
