{
  "k": 2,
  "pooled_logOR": -0.577325,
  "pooled_se": 0.446604,
  "pooled_OR": 0.561398,
  "ci_low_OR": 0.001927,
  "ci_high_OR": 163.583294,
  "tau2": 0.371337,
  "I2": 93.038112,
  "H2": 14.363919,
  "Q": 14.363919,
  "Qdf": 1,
  "Qp": 0.000151,
  "PI_low_OR": 0.000038,
  "PI_high_OR": 8285.956296,
  "pi_df_convention": "t_{k-1}_Cochrane_v6.5",
  "hksj_floor_applied": false,
  "method": "REML+HKSJ",
  "trials": [
    {
      "name": "DESTINY-Breast04",
      "nct": "NCT03734029",
      "tE": 172,
      "tN": 373,
      "cE": 130,
      "cN": 184,
      "yi": -1.034361,
      "vi": 0.037
    },
    {
      "name": "DESTINY-Breast06",
      "nct": "NCT04494425",
      "tE": 224,
      "tN": 436,
      "cE": 236,
      "cN": 430,
      "yi": -0.140914,
      "vi": 0.018573
    }
  ]
}
