{
  "k": 3,
  "effect_type": "MD",
  "pooled_MD": -16.705172,
  "pooled_se": 2.762899,
  "ci_low_MD": -28.592967,
  "ci_high_MD": -4.817376,
  "tau2": 22.315944,
  "I2": 97.838126,
  "H2": 46.256169,
  "Q": 86.078022,
  "Qdf": 2,
  "Qp": 2.034207e-19,
  "PI_low_MD": -40.25195,
  "PI_high_MD": 6.841606,
  "pi_df_convention": "t_{k-1}_Cochrane_v6.5",
  "hksj_floor_applied": false,
  "method": "REML+HKSJ+continuous",
  "trials": [
    {
      "name": "SURMOUNT-1",
      "nct": "NCT04184622",
      "md": -17.8,
      "se": 0.587
    },
    {
      "name": "SURMOUNT-2",
      "nct": "NCT04657003",
      "md": -11.5,
      "se": 0.638
    },
    {
      "name": "SURMOUNT-3",
      "nct": "NCT04657016",
      "md": -20.9,
      "se": 0.944
    }
  ]
}
