{
  "k": 2,
  "pooled_logOR": 0.000438,
  "pooled_se": 0.002565,
  "pooled_OR": 1.000438,
  "ci_low_OR": 0.968354,
  "ci_high_OR": 1.033586,
  "tau2": 0,
  "I2": 0,
  "H2": 1,
  "Q": 3.287895e-06,
  "Qdf": 1,
  "Qp": 0.998553,
  "PI_low_OR": 0.968354,
  "PI_high_OR": 1.033586,
  "pi_df_convention": "t_{k-1}_Cochrane_v6.5",
  "hksj_floor_applied": true,
  "method": "REML+HKSJ",
  "trials": [
    {
      "name": "SURPASS-2",
      "nct": "NCT03987919",
      "tE": 0,
      "tN": 470,
      "cE": 0,
      "cN": 469,
      "yi": -0.002128,
      "vi": 4.004255
    },
    {
      "name": "SURPASS-4",
      "nct": "NCT03730662",
      "tE": 0,
      "tN": 997,
      "cE": 0,
      "cN": 1000,
      "yi": 0.003003,
      "vi": 4.002002
    }
  ]
}
