{
  "k": 3,
  "pooled_logOR": 1.429861,
  "pooled_se": 0.255806,
  "pooled_OR": 4.178116,
  "ci_low_OR": 1.389881,
  "ci_high_OR": 12.559826,
  "tau2": 0.091204,
  "I2": 40.654997,
  "H2": 1.685062,
  "Q": 3.230774,
  "Qdf": 2,
  "Qp": 0.198814,
  "PI_low_OR": 0.761067,
  "PI_high_OR": 22.937098,
  "pi_df_convention": "t_{k-1}_Cochrane_v6.5",
  "hksj_floor_applied": false,
  "method": "REML+HKSJ",
  "trials": [
    {
      "name": "OCTAVE Induction 1",
      "nct": "NCT01465763",
      "tE": 88,
      "tN": 476,
      "cE": 10,
      "cN": 122,
      "yi": 0.932245,
      "vi": 0.12287
    },
    {
      "name": "OCTAVE Induction 2",
      "nct": "NCT01458951",
      "tE": 71,
      "tN": 429,
      "cE": 4,
      "cN": 112,
      "yi": 1.677984,
      "vi": 0.276137
    },
    {
      "name": "OCTAVE Sustain",
      "nct": "NCT01458574",
      "tE": 80,
      "tN": 197,
      "cE": 22,
      "cN": 198,
      "yi": 1.699294,
      "vi": 0.072183
    }
  ]
}
