{
  "k": 4,
  "pooled_logOR": -0.193569,
  "pooled_se": 0.056099,
  "pooled_OR": 0.824013,
  "ci_low_OR": 0.689283,
  "ci_high_OR": 0.985077,
  "tau2": 0.005333,
  "I2": 44.038645,
  "H2": 1.786947,
  "Q": 5.297497,
  "Qdf": 3,
  "Qp": 0.151265,
  "PI_low_OR": 0.614692,
  "PI_high_OR": 1.104613,
  "pi_df_convention": "t_{k-1}_Cochrane_v6.5",
  "hksj_floor_applied": false,
  "method": "REML+HKSJ",
  "trials": [
    {
      "name": "POISE-3",
      "nct": "NCT03505723",
      "tE": 433,
      "tN": 4757,
      "cE": 561,
      "cN": 4778,
      "yi": -0.28404,
      "vi": 0.00456
    },
    {
      "name": "TRAAP",
      "nct": "NCT02302456",
      "tE": 156,
      "tN": 1947,
      "cE": 188,
      "cN": 1944,
      "yi": -0.206322,
      "vi": 0.012857
    },
    {
      "name": "TRAAP2",
      "nct": "NCT03064854",
      "tE": 556,
      "tN": 2274,
      "cE": 653,
      "cN": 2277,
      "yi": -0.217077,
      "vi": 0.004528
    },
    {
      "name": "HALT-IT",
      "nct": "NCT01658124",
      "tE": 222,
      "tN": 5994,
      "cE": 226,
      "cN": 6015,
      "yi": -0.014917,
      "vi": 0.009275
    }
  ]
}
