{
  "k": 3,
  "pooled_logOR": 0.999278,
  "pooled_se": 0.148416,
  "pooled_OR": 2.716321,
  "ci_low_OR": 1.434325,
  "ci_high_OR": 5.14416,
  "tau2": 0.020379,
  "I2": 32.99749,
  "H2": 1.492481,
  "Q": 3.096883,
  "Qdf": 2,
  "Qp": 0.212579,
  "PI_low_OR": 1.119906,
  "PI_high_OR": 6.588409,
  "pi_df_convention": "t_{k-1}_Cochrane_v6.5",
  "hksj_floor_applied": false,
  "method": "REML+HKSJ",
  "trials": [
    {
      "name": "U-EXCEL",
      "nct": "NCT03345849",
      "tE": 130,
      "tN": 263,
      "cE": 77,
      "cN": 263,
      "yi": 0.859127,
      "vi": 0.033574
    },
    {
      "name": "U-EXCEED",
      "nct": "NCT03345836",
      "tE": 96,
      "tN": 247,
      "cE": 52,
      "cN": 248,
      "yi": 0.873939,
      "vi": 0.041372
    },
    {
      "name": "U-ENDURE",
      "nct": "NCT03345823",
      "tE": 94,
      "tN": 252,
      "cE": 34,
      "cN": 250,
      "yi": 1.329618,
      "vi": 0.051009
    }
  ]
}
