{
  "k": 2,
  "pooled_logOR": -0.725695,
  "pooled_se": 0.174825,
  "pooled_OR": 0.483988,
  "ci_low_OR": 0.052494,
  "ci_high_OR": 4.462304,
  "tau2": 0,
  "I2": 0,
  "H2": 1,
  "Q": 0.922849,
  "Qdf": 1,
  "Qp": 0.336728,
  "PI_low_OR": 0.052494,
  "PI_high_OR": 4.462304,
  "pi_df_convention": "t_{k-1}_Cochrane_v6.5",
  "hksj_floor_applied": true,
  "method": "REML+HKSJ",
  "trials": [
    {
      "name": "VIALE-A",
      "nct": "NCT02993523",
      "tE": 161,
      "tN": 286,
      "cE": 109,
      "cN": 145,
      "yi": -0.854738,
      "vi": 0.051163
    },
    {
      "name": "VIALE-C",
      "nct": "NCT03069352",
      "tE": 78,
      "tN": 143,
      "cE": 45,
      "cN": 68,
      "yi": -0.488847,
      "vi": 0.093906
    }
  ]
}
