{
  "k": 3,
  "pooled_logOR": -1.140264,
  "pooled_se": 0.419474,
  "pooled_OR": 0.319735,
  "ci_low_OR": 0.052596,
  "ci_high_OR": 1.943685,
  "tau2": 0.47484,
  "I2": 90.706165,
  "H2": 10.759821,
  "Q": 20.089396,
  "Qdf": 2,
  "Qp": 0.000043,
  "PI_low_OR": 0.009939,
  "PI_high_OR": 10.285899,
  "pi_df_convention": "t_{k-1}_Cochrane_v6.5",
  "hksj_floor_applied": false,
  "method": "REML+HKSJ",
  "trials": [
    {
      "name": "CLL14",
      "nct": "NCT02242942",
      "tE": 50,
      "tN": 216,
      "cE": 93,
      "cN": 216,
      "yi": -0.92038,
      "vi": 0.044907
    },
    {
      "name": "MURANO",
      "nct": "NCT02005471",
      "tE": 32,
      "tN": 194,
      "cE": 114,
      "cN": 195,
      "yi": -1.96361,
      "vi": 0.05854
    },
    {
      "name": "CLL13/GAIA",
      "nct": "NCT02950051",
      "tE": 53,
      "tN": 229,
      "cE": 79,
      "cN": 229,
      "yi": -0.559005,
      "vi": 0.043875
    }
  ]
}
