{
  "k": 3,
  "pooled_logOR": 1.530404,
  "pooled_se": 0.211607,
  "pooled_OR": 4.620043,
  "ci_low_OR": 1.858801,
  "ci_high_OR": 11.483101,
  "tau2": 0,
  "I2": 0,
  "H2": 1,
  "Q": 1.480655,
  "Qdf": 2,
  "Qp": 0.476958,
  "PI_low_OR": 1.858801,
  "PI_high_OR": 11.483101,
  "pi_df_convention": "t_{k-1}_Cochrane_v6.5",
  "hksj_floor_applied": true,
  "method": "REML+HKSJ",
  "trials": [
    {
      "name": "TRuE-V1 (Rosmarin 2022)",
      "nct": "NCT04052425",
      "tE": 50,
      "tN": 222,
      "cE": 5,
      "cN": 109,
      "yi": 1.799482,
      "vi": 0.235429
    },
    {
      "name": "TRuE-V2 (Rosmarin 2022)",
      "nct": "NCT04057573",
      "tE": 67,
      "tN": 224,
      "cE": 12,
      "cN": 110,
      "yi": 1.248508,
      "vi": 0.114832
    },
    {
      "name": "UpA-Vitiligo Phase 2/3 (Passeron 2024)",
      "nct": "NCT04927975",
      "tE": 28,
      "tN": 70,
      "cE": 5,
      "cN": 55,
      "yi": 1.89712,
      "vi": 0.279524
    }
  ]
}
