{
  "k": 2,
  "pooled_logOR": -0.003735,
  "pooled_se": 0.000202,
  "pooled_OR": 0.996272,
  "ci_low_OR": 0.993721,
  "ci_high_OR": 0.998829,
  "tau2": 0,
  "I2": 0,
  "H2": 1,
  "Q": 2.030759e-08,
  "Qdf": 1,
  "Qp": 0.999886,
  "PI_low_OR": 0.993721,
  "PI_high_OR": 0.998829,
  "pi_df_convention": "t_{k-1}_Cochrane_v6.5",
  "hksj_floor_applied": true,
  "method": "REML+HKSJ",
  "trials": [
    {
      "name": "SPOTLIGHT",
      "nct": "NCT03504397",
      "tE": 0,
      "tN": 283,
      "cE": 0,
      "cN": 282,
      "yi": -0.003534,
      "vi": 4.007067
    },
    {
      "name": "GLOW",
      "nct": "NCT03653507",
      "tE": 0,
      "tN": 254,
      "cE": 0,
      "cN": 253,
      "yi": -0.003937,
      "vi": 4.007874
    }
  ]
}
