source	record_id	title	journal_or_status	year_or_start	url	stage	decision	axis_failed	quantity_reported_instead	synthesis_candidate
PubMed	42542200	Impact of estimated total blood volume on NT-proBNP response to angiotensin receptor-neprilysin inhibition in acute heart failure: insights from the PREMIER study	American heart journal	2026	https://pubmed.ncbi.nlm.nih.gov/42542200/	TiAb	exclude	COMPARATOR	NT-proBNP response; PREMIER randomised against standard treatment, not enalapril	N
PubMed	42382224	Provider Preferences About a Polypill for Heart Failure With Reduced Ejection Fraction: Development of a Multicenter Physician Survey Containing a Discrete Choice Experiment	Journal of cardiac failure - intersections	2026	https://pubmed.ncbi.nlm.nih.gov/42382224/	TiAb	exclude	RANDOMISATION	discrete-choice preference weights	N
PubMed	42211603	Expert Opinion on Optimising Guideline-Directed Medical Therapy and Expanding the Role of Angiotensin Receptor-Neprilysin Inhibitors (ARNIs) for Heart Failure Management in India	Cureus	2026	https://pubmed.ncbi.nlm.nih.gov/42211603/	TiAb	exclude	RANDOMISATION	narrative expert opinion	N
PubMed	41923142	Sacubitril/Valsartan Versus Enalapril in Chagas Cardiomyopathy With Heart Failure With Reduced Ejection Fraction: A Systematic Review and Meta-Analysis	Cardiology in review	2026	https://pubmed.ncbi.nlm.nih.gov/41923142/	TiAb	exclude	RANDOMISATION	pooled estimate across trials	Y
PubMed	41912806	The NPR1 agonist antibody XXB750 in heart failure: a phase 2 randomized trial	Nature medicine	2026	https://pubmed.ncbi.nlm.nih.gov/41912806/	TiAb	exclude	INTERVENTION	XXB750 is the intervention; sacubitril/valsartan is an active reference arm	N
PubMed	41910669	You evaluation of the PARACHUTE-HF trial: role of sacubitril/valsartan compared to enalapril on outcomes in patients with heart failure from Chagas disease	Heart failure reviews	2026	https://pubmed.ncbi.nlm.nih.gov/41910669/	TiAb	exclude	RANDOMISATION	narrative commentary on PARACHUTE-HF	N
PubMed	41870675	ANSWER-HF: sacubitril-valsartan reduces NT-proBNP in heart failure due to Chagas cardiomyopathy despite no reverse remodeling	Heart failure reviews	2026	https://pubmed.ncbi.nlm.nih.gov/41870675/	TiAb	exclude	RANDOMISATION	narrative commentary on ANSWER-HF	N
PubMed	41773097	Efficacy and Safety of Sacubitril/Valsartan Versus Enalapril in the Treatment of Heart Failure With Reduced Ejection Fraction: A Systematic Review and Meta-Analysis	Cureus	2026	https://pubmed.ncbi.nlm.nih.gov/41773097/	TiAb	exclude	RANDOMISATION	pooled estimate across trials	Y
PubMed	41725865	Challenges in managing pediatric heart failure, especially in resource-limited settings	Annals of pediatric cardiology	2025	https://pubmed.ncbi.nlm.nih.gov/41725865/	TiAb	exclude	RANDOMISATION	editorial narrative	N
PubMed	41501364	Early drop in blood pressure following angiotensin receptor-neprilysin inhibitor initiation in decompensated heart failure	Hypertension research	2026	https://pubmed.ncbi.nlm.nih.gov/41501364/	TiAb	exclude	RANDOMISATION	observational blood-pressure change	N
PubMed	41396086	Sacubitril-Valsartan vs Enalapril in Heart Failure Due to Chagas Disease: Primary Results of ANSWER-HF Randomized Trial	Journal of the American College of Cardiology	2026	https://pubmed.ncbi.nlm.nih.gov/41396086/	FullText	exclude	OUTCOME	primary: between-group difference in LVEF change at 6 months (0.9 pp, 95% CI -0.9 to 2.6). Secondary: WIN RATIO 1.80 (1.27-2.63) over a hierarchical composite. No time-to-first-event hazard ratio for the composite.	N
PubMed	41335448	Sacubitril/Valsartan vs Enalapril in Heart Failure Due to Chagas Disease: An Open-Label, Multicenter Randomized Clinical Trial (PARACHUTE-HF)	JAMA	2026	https://pubmed.ncbi.nlm.nih.gov/41335448/	FullText	exclude	OUTCOME	WIN RATIO 1.52 (1.28-1.82) over a hierarchical composite of CV death, HF hospitalisation, then 12-week NT-proBNP change. No time-to-first-event hazard ratio for the composite.	N
PubMed	41085477	Reply to the letter regarding the article Sacubitril/valsartan versus enalapril in chronic Chagas cardiomyopathy with heart failure: Baseline characteristics of the PARACHUTE-HF trial	European journal of heart failure	2025	https://pubmed.ncbi.nlm.nih.gov/41085477/	TiAb	exclude	RANDOMISATION	correspondence	N
PubMed	41085412	Letter regarding the article Sacubitril/valsartan versus enalapril in chronic Chagas cardiomyopathy with heart failure: Baseline characteristics of the PARACHUTE-HF trial	European journal of heart failure	2025	https://pubmed.ncbi.nlm.nih.gov/41085412/	TiAb	exclude	RANDOMISATION	correspondence	N
PubMed	40916703	Sacubitril/valsartan versus enalapril in chronic Chagas cardiomyopathy with heart failure: Baseline characteristics of the PARACHUTE-HF trial	European journal of heart failure	2025	https://pubmed.ncbi.nlm.nih.gov/40916703/	TiAb	exclude	OUTCOME	baseline characteristics only; no effect estimate of any kind	N
PubMed	40839760	Sacubitril/valsartan and quality of life assessed using the EQ-5D-3L level sum score in patients with HFrEF and HFmrEF/HFpEF	European heart journal. Cardiovascular pharmacotherapy	2025	https://pubmed.ncbi.nlm.nih.gov/40839760/	TiAb	exclude	OUTCOME	EQ-5D-3L level sum score change	N
PubMed	40835369	Evidentiary Landscape of Heart Failure Therapies, Regulatory Decisions, and Translation Into Guidelines	Journal of the American College of Cardiology	2025	https://pubmed.ncbi.nlm.nih.gov/40835369/	TiAb	exclude	RANDOMISATION	narrative review	N
PubMed	40755965	Comparative renal effects of angiotensin receptor neprilysin inhibitors and ACEi/ARB: a systematic review and meta-analysis	Clinical kidney journal	2025	https://pubmed.ncbi.nlm.nih.gov/40755965/	TiAb	exclude	RANDOMISATION	pooled renal outcome estimates	Y
PubMed	40678912	Changes in cardiac structure and function are associated with health-related quality of life in HFrEF: Results from the EVALUATE-HF trial	European journal of heart failure	2025	https://pubmed.ncbi.nlm.nih.gov/40678912/	TiAb	exclude	OUTCOME	association between echocardiographic change and KCCQ score	N
PubMed	40510943	Evaluation of the 6-Month Effect of Sacubitril-Valsartan Compared to ACEI and ARB on LVEF in Heart Failure Patients: A Double-Blind Randomized Clinical Trial	Journal of pharmacy and bioallied sciences	2025	https://pubmed.ncbi.nlm.nih.gov/40510943/	TiAb	exclude	OUTCOME	change in LVEF at 6 months	N
PubMed	40450497	Effects of Sacubitril/Valsartan on Renal Function in Adults With Heart Failure: A Systematic Review and Meta-Analysis of Randomised Controlled Trials	Heart, lung and circulation	2025	https://pubmed.ncbi.nlm.nih.gov/40450497/	TiAb	exclude	RANDOMISATION	pooled renal function estimates	Y
PubMed	40389107	Uptitration of Sacubitril/Valsartan in Acute Heart Failure: Insight from the PREMIER Study	Journal of cardiac failure	2026	https://pubmed.ncbi.nlm.nih.gov/40389107/	TiAb	exclude	COMPARATOR	PREMIER randomised against standard treatment, not enalapril	N
PubMed	40353367	Association between NT-proBNP changes and clinical outcomes in paediatric patients with heart failure: Insights from PANORAMA-HF and PARADIGM-HF	ESC heart failure	2025	https://pubmed.ncbi.nlm.nih.gov/40353367/	TiAb	exclude	OUTCOME	association between NT-proBNP change and outcomes	N
PubMed	40319618	Cost-Effectiveness Analysis of ARNI Compared With ACEI Among Patients With HFrEF in Malaysia	Value in health regional issues	2025	https://pubmed.ncbi.nlm.nih.gov/40319618/	TiAb	exclude	RANDOMISATION	incremental cost-effectiveness ratio	N
PubMed	40268473	Effects of Sacubitril/Valsartan on Myocardial Tissue in Heart Failure With Left Ventricular Ejection Fraction Below 50	Circulation journal	2025	https://pubmed.ncbi.nlm.nih.gov/40268473/	TiAb	exclude	OUTCOME	myocardial tissue characterisation measures	N
PubMed	40265590	Comprehensive Analysis of the Effects of Sacubitril/Valsartan According to Sex Among Patients With HFrEF in PARADIGM-HF	Journal of the American Heart Association	2025	https://pubmed.ncbi.nlm.nih.gov/40265590/	TiAb	exclude	OUTCOME	sex-subgroup hazard ratios, not the trial-level estimand; secondary report of PARADIGM-HF	N
PubMed	40088233	Effects of Sacubitril/Valsartan According to Natriuretic Peptide Levels in Patients Enrolled in PARADIGM-HF and PARAGON-HF	JACC. Heart failure	2025	https://pubmed.ncbi.nlm.nih.gov/40088233/	TiAb	exclude	OUTCOME	natriuretic-peptide subgroup estimates pooled across an HFrEF and an HFpEF trial	N
PubMed	39970741	Sacubitril/Valsartan vs ACE Inhibitors or ARBs: A Systematic Review and Meta-Analysis of Randomized Trials	JACC. Advances	2025	https://pubmed.ncbi.nlm.nih.gov/39970741/	TiAb	exclude	RANDOMISATION	pooled estimate across trials	Y
PubMed	39927747	Impact of heart failure medications on cognitive function: A systematic review	European journal of clinical investigation	2025	https://pubmed.ncbi.nlm.nih.gov/39927747/	TiAb	exclude	RANDOMISATION	narrative synthesis of cognitive outcomes	Y
PubMed	39888167	Real-world comparative effectiveness of sacubitril/valsartan versus RAS inhibition alone in patients with de novo heart failure	ESC heart failure	2025	https://pubmed.ncbi.nlm.nih.gov/39888167/	TiAb	exclude	RANDOMISATION	adjusted estimates from a non-randomised cohort	N
PubMed	39792134	Sacubitril/valsartan versus valsartan initiation in patients naive to renin-angiotensin system inhibitors: Insights from PARAGLIDE-HF	European journal of heart failure	2025	https://pubmed.ncbi.nlm.nih.gov/39792134/	TiAb	exclude	COMPARATOR	comparator is valsartan	N
PubMed	39661383	Angiotensin Receptor-Neprilysin Inhibitor Prescribing Patterns in Patients Hospitalized for Heart Failure	JAMA cardiology	2025	https://pubmed.ncbi.nlm.nih.gov/39661383/	TiAb	exclude	RANDOMISATION	prescribing proportions	N
PubMed	39563094	Effects of sacubitril/valsartan according to background beta-blocker therapy in patients with HFrEF: Insights from PARADIGM-HF	European journal of heart failure	2025	https://pubmed.ncbi.nlm.nih.gov/39563094/	TiAb	exclude	OUTCOME	background-therapy subgroup estimates; secondary report of PARADIGM-HF	N
PubMed	39544776	Enhancing ventricular remodeling and cardiac function in post-acute myocardial infarction with sacubitril/valsartan	American journal of translational research	2024	https://pubmed.ncbi.nlm.nih.gov/39544776/	TiAb	exclude	POPULATION	post-acute myocardial infarction, not chronic HFrEF	N
PubMed	39473218	The in-hospital administration of sacubitril/valsartan in acute myocardial infarction: A meta-analysis	ESC heart failure	2025	https://pubmed.ncbi.nlm.nih.gov/39473218/	TiAb	exclude	RANDOMISATION	pooled estimate across trials	Y
PubMed	39439294	Visit-to-visit changes in heart rate in heart failure: A pooled participant-level analysis of PARADIGM-HF and PARAGON-HF	European journal of heart failure	2025	https://pubmed.ncbi.nlm.nih.gov/39439294/	TiAb	exclude	OUTCOME	heart-rate change and its association with outcome	N
PubMed	39387766	Race in Heart Failure: A Pooled Participant-Level Analysis of the Global PARADIGM-HF and PARAGON-HF Trials	JACC. Heart failure	2025	https://pubmed.ncbi.nlm.nih.gov/39387766/	TiAb	exclude	OUTCOME	race-subgroup estimates pooled across an HFrEF and an HFpEF trial	N
PubMed	39320292	Asymptomatic vs Symptomatic Hypotension With Sacubitril/Valsartan in HFrEF in PARADIGM-HF	Journal of the American College of Cardiology	2024	https://pubmed.ncbi.nlm.nih.gov/39320292/	TiAb	exclude	OUTCOME	hypotension event rates	N
PubMed	39319469	Sacubitril/Valsartan in Pediatric Heart Failure (PANORAMA-HF): A Randomized, Multicenter, Double-Blind Trial	Circulation	2024	https://pubmed.ncbi.nlm.nih.gov/39319469/	FullText	exclude	POPULATION	children 1 month to <18 years. Also fails OUTCOME: global rank endpoint, Mann-Whitney probability 0.52 (0.47-0.58), MW odds 0.91 (0.72-1.14).	N
PubMed	39284545	Incidence and risk factors of hypotension-related adverse events among Japanese patients receiving sacubitril/valsartan or enalapril: PARALLEL-HF	Journal of cardiology	2025	https://pubmed.ncbi.nlm.nih.gov/39284545/	TiAb	exclude	OUTCOME	hypotension-related adverse event incidence	N
PubMed	39262640	Influenza Vaccination and Cardiovascular Events in Japanese Patients With Heart Failure - Findings From the PARALLEL-HF Trial	Circulation reports	2024	https://pubmed.ncbi.nlm.nih.gov/39262640/	TiAb	exclude	OUTCOME	vaccination-stratified event rates	N
PubMed	39260836	Comparative effects of sacubitril/valsartan and ACEI/ARB on endothelial function and arterial stiffness: a protocol for systematic review and meta-analysis	BMJ open	2024	https://pubmed.ncbi.nlm.nih.gov/39260836/	TiAb	exclude	RANDOMISATION	protocol for a synthesis; no results	Y
PubMed	39217458	Therapeutic Effects of Heart Failure Medical Therapies on Standardized Kidney Outcomes: IPD Analysis of 6 Randomized Clinical Trials	Circulation	2024	https://pubmed.ncbi.nlm.nih.gov/39217458/	TiAb	exclude	OUTCOME	standardised kidney composite outcomes	Y
PubMed	39215531	In-hospital initiation of angiotensin receptor-neprilysin inhibition in acute heart failure: the PREMIER trial	European heart journal	2024	https://pubmed.ncbi.nlm.nih.gov/39215531/	TiAb	exclude	COMPARATOR	randomised against standard treatment, not enalapril	N
PubMed	39210725	Effects of Sacubitril/Valsartan on All-Cause Hospitalizations in Heart Failure: Post Hoc Analysis of PARADIGM-HF and PARAGON-HF	JAMA cardiology	2024	https://pubmed.ncbi.nlm.nih.gov/39210725/	TiAb	exclude	OUTCOME	all-cause hospitalisation rates	N
PubMed	39163041	Sacubitril-Valsartan in Patients Requiring Hemodialysis	JAMA network open	2024	https://pubmed.ncbi.nlm.nih.gov/39163041/	TiAb	exclude	POPULATION	haemodialysis population	N
PubMed	39111953	Sacubitril/Valsartan Versus Enalapril in Chronic Chagas Cardiomyopathy: Rationale and Design of the PARACHUTE-HF Trial	JACC. Heart failure	2024	https://pubmed.ncbi.nlm.nih.gov/39111953/	TiAb	exclude	OUTCOME	trial design description; no effect estimate	N
PubMed	38938237	Sacubitril/Valsartan and Cognitive Outcomes in Heart Failure With Reduced Ejection Fraction	JACC. Advances	2023	https://pubmed.ncbi.nlm.nih.gov/38938237/	TiAb	exclude	OUTCOME	cognitive outcome measures	N
PubMed	38904251	Aptamer Proteomics for Biomarker Discovery in HFpEF: The PARAGON-HF Proteomic Substudy	Journal of the American Heart Association	2024	https://pubmed.ncbi.nlm.nih.gov/38904251/	TiAb	exclude	POPULATION	HFpEF	N
PubMed	38863978	Effect of sacubitril-valsartan on left ventricular remodeling in patients with acute myocardial infarction after primary PCI: a systematic review and meta-analysis	Frontiers in pharmacology	2024	https://pubmed.ncbi.nlm.nih.gov/38863978/	TiAb	exclude	RANDOMISATION	pooled remodelling estimates	Y
PubMed	38842957	Sacubitril/Valsartan in Patients With Heart Failure and Deterioration in eGFR to <30 mL/min/1.73 m2	JACC. Heart failure	2024	https://pubmed.ncbi.nlm.nih.gov/38842957/	TiAb	exclude	OUTCOME	renal-function subgroup estimates	N
PubMed	38764991	Is Sacubitril/Valsartan a Superior Agent in Heart Failure With Reduced Ejection Fraction? A Review of Randomized Comparative Trials	Hospital pharmacy	2024	https://pubmed.ncbi.nlm.nih.gov/38764991/	TiAb	exclude	RANDOMISATION	narrative review of trials	Y
PubMed	38705701	Sacubitril-valsartan vs ACE/ARB in pediatric heart failure: A retrospective cohort study	Journal of heart and lung transplantation	2024	https://pubmed.ncbi.nlm.nih.gov/38705701/	TiAb	exclude	RANDOMISATION	retrospective cohort estimates	N
PubMed	38635062	Efficacy of early administration of sacubitril/valsartan after coronary artery revascularization in AMI complicated by moderate-to-severe mitral regurgitation: a randomized controlled trial	Heart and vessels	2024	https://pubmed.ncbi.nlm.nih.gov/38635062/	TiAb	exclude	POPULATION	acute myocardial infarction with mitral regurgitation	N
PubMed	38597935	Sacubitril/valsartan compared to equivalent/sub-equivalent dose ARB or ACEI in HFrEF: a meta-analysis of randomized trials	European journal of clinical pharmacology	2024	https://pubmed.ncbi.nlm.nih.gov/38597935/	TiAb	exclude	RANDOMISATION	pooled estimate across trials	Y
PubMed	38588927	Effects of Sacubitril/Valsartan Across the Spectrum of Renal Impairment in Patients With Heart Failure	Journal of the American College of Cardiology	2024	https://pubmed.ncbi.nlm.nih.gov/38588927/	TiAb	exclude	OUTCOME	renal-function subgroup estimates	N
PubMed	38508844	Sacubitril/Valsartan in Patients Hospitalized With Decompensated Heart Failure	Journal of the American College of Cardiology	2024	https://pubmed.ncbi.nlm.nih.gov/38508844/	TiAb	undetermined	-	title does not name comparator or reported quantity; abstract not retrieved before the ClinicalTrials.gov 429 halt. Carried to full text.	N
PubMed	38465175	The Safety and Efficacy of the Early Use of Sacubitril/Valsartan After Acute Myocardial Infarction: A Meta-Analysis of Randomized Controlled Trials	Cureus	2024	https://pubmed.ncbi.nlm.nih.gov/38465175/	TiAb	exclude	RANDOMISATION	pooled estimate across trials	Y
PubMed	38216822	Add-on Sacubitril/Valsartan Therapy Induces Left Ventricular Remodeling in Non-responders to Cardiac Resynchronization Therapy	Cardiology and therapy	2024	https://pubmed.ncbi.nlm.nih.gov/38216822/	TiAb	exclude	COMPARATOR	no enalapril comparator; add-on design	N
PubMed	38134075	Real-world analysis of integration of sacubitril/valsartan into clinical practice in Saudi Arabia	Medicine	2023	https://pubmed.ncbi.nlm.nih.gov/38134075/	TiAb	exclude	RANDOMISATION	descriptive real-world statistics	N
PubMed	37989299	Efficacy and Safety of Sacubitril/Valsartan in Japanese Patients According to Baseline Systolic Blood Pressure - Subgroup Analysis of PARALLEL-HF	Circulation journal	2023	https://pubmed.ncbi.nlm.nih.gov/37989299/	TiAb	exclude	OUTCOME	blood-pressure subgroup estimates; secondary report of PARALLEL-HF	N
PubMed	37917889	Effectiveness and Safety of Sacubitril/Valsartan in Heart Failure with Preserved Ejection Fraction: A Systematic Review and Meta-Analysis	Alternative therapies in health and medicine	2024	https://pubmed.ncbi.nlm.nih.gov/37917889/	TiAb	exclude	RANDOMISATION	pooled estimate across trials	Y
PubMed	37619492	Angiotensin Receptor-Neprilysin Inhibitor Effects on Atherosclerotic Cardiovascular Disease Events: A Meta-Analysis of Randomized Controlled Trials	The American journal of cardiology	2023	https://pubmed.ncbi.nlm.nih.gov/37619492/	TiAb	exclude	RANDOMISATION	pooled ASCVD event estimates	Y
PubMed	37601056	The efficacy and safety of sacubitril/valsartan compared with ACEI/ARB in the treatment of heart failure following acute myocardial infarction: a systematic review and meta-analysis	Frontiers in pharmacology	2023	https://pubmed.ncbi.nlm.nih.gov/37601056/	TiAb	exclude	RANDOMISATION	pooled estimate across trials	Y
PubMed	37554618	Effects of Angiotensin Receptor-Neprilysin Inhibitors Versus Enalapril or Valsartan on Patients With Heart Failure: A Systematic Review and Meta-Analysis	Cureus	2023	https://pubmed.ncbi.nlm.nih.gov/37554618/	TiAb	exclude	RANDOMISATION	pooled estimate across trials	Y
PubMed	37427009	Pathophysiological Rationale and Clinical Evidence for Neurohormonal Modulation in Heart Failure with Preserved Ejection Fraction	Cardiac failure review	2023	https://pubmed.ncbi.nlm.nih.gov/37427009/	TiAb	exclude	RANDOMISATION	narrative review	N
PubMed	37407154	Prevalent and Incident Anemia in PARADIGM-HF and the Effect of Sacubitril/Valsartan	JACC. Heart failure	2023	https://pubmed.ncbi.nlm.nih.gov/37407154/	TiAb	exclude	OUTCOME	anaemia incidence and prevalence	N
PubMed	37313196	Efficacy and safety of sacubitril/valsartan in heart failure compared to renin-angiotensin-aldosterone system inhibitors: a systematic review and meta-analysis of randomised controlled trials	Archives of medical science	2023	https://pubmed.ncbi.nlm.nih.gov/37313196/	TiAb	exclude	RANDOMISATION	pooled estimate across trials	Y
PubMed	37195574	The efficacy and safety of sacubitril/valsartan in chronic kidney disease: a systematic review and meta-analysis	International urology and nephrology	2024	https://pubmed.ncbi.nlm.nih.gov/37195574/	TiAb	exclude	RANDOMISATION	pooled estimate across trials	Y
PubMed	37077749	Evaluation of early left-sided cardiac reverse remodeling under combined therapy of sacubitril-valsartan and spironolactone compared with ACEI and spironolactone	Frontiers in cardiovascular medicine	2023	https://pubmed.ncbi.nlm.nih.gov/37077749/	TiAb	exclude	OUTCOME	echocardiographic reverse-remodelling measures	N
PubMed	37000983	Effects of Sacubitril-Valsartan in Patients With Various Types of Heart Failure: A Meta-analysis	Journal of cardiovascular pharmacology	2023	https://pubmed.ncbi.nlm.nih.gov/37000983/	TiAb	exclude	RANDOMISATION	pooled estimate across trials	Y
PubMed	36943907	Urinary cGMP/BNP Ratio, Sacubitril/Valsartan, and Outcomes in HFrEF: An Analysis of the PARADIGM-HF Trial	Circulation. Heart failure	2023	https://pubmed.ncbi.nlm.nih.gov/36943907/	TiAb	exclude	OUTCOME	biomarker ratio and its association with outcome	N
PubMed	36874318	The Effect of Sacubitril-Valsartan on Ventricular Arrhythmia Burden in Patients With HFrEF	Cureus	2023	https://pubmed.ncbi.nlm.nih.gov/36874318/	TiAb	exclude	OUTCOME	ventricular arrhythmia burden	N
PubMed	36871177	Effect of sacubitril-valsartan on the incidence of atrial fibrillation: A meta-analysis	Journal of cardiovascular electrophysiology	2023	https://pubmed.ncbi.nlm.nih.gov/36871177/	TiAb	exclude	RANDOMISATION	pooled atrial fibrillation incidence	Y
PubMed	36812948	Variation in Renal Function Following Transition to Sacubitril/Valsartan in Patients With Heart Failure	Journal of the American College of Cardiology	2023	https://pubmed.ncbi.nlm.nih.gov/36812948/	TiAb	exclude	OUTCOME	renal function change	N
PubMed	36808581	Cost-effectiveness in unstable economies: the case of sacubitril/valsartan in HFrEF in Argentina	Health economics review	2023	https://pubmed.ncbi.nlm.nih.gov/36808581/	TiAb	exclude	RANDOMISATION	incremental cost-effectiveness ratio	N
PubMed	36712243	Effects of sacubitril/valsartan on cardiac reverse remodeling and cardiac resynchronization in patients with acute myocardial infarction	Frontiers in cardiovascular medicine	2022	https://pubmed.ncbi.nlm.nih.gov/36712243/	TiAb	exclude	POPULATION	acute myocardial infarction	N
PubMed	36609948	Sacubitril/valsartan improves all-cause mortality in heart failure patients with reduced ejection fraction and chronic kidney disease	Cardiovascular drugs and therapy	2024	https://pubmed.ncbi.nlm.nih.gov/36609948/	TiAb	exclude	RANDOMISATION	adjusted estimates from a comparative non-randomised study	N
PubMed	36601956	Baseline Characteristics of Pediatric Patients With Heart Failure Due to Systemic Left Ventricular Systolic Dysfunction in the PANORAMA-HF Trial	Circulation. Heart failure	2023	https://pubmed.ncbi.nlm.nih.gov/36601956/	TiAb	exclude	POPULATION	paediatric population	N
PubMed	36561058	Effectiveness of sacubitril-valsartan versus ACE inhibitors in patients hospitalized for acute heart failure: a retrospective cohort study of the RICA registry	Journal of geriatric cardiology	2022	https://pubmed.ncbi.nlm.nih.gov/36561058/	TiAb	exclude	RANDOMISATION	retrospective registry estimates	N
PubMed	36530836	Effects of Sacubitril/Valsartan on Glycemic Control in Japanese Patients With Heart Failure and/or Hypertension	Circulation reports	2022	https://pubmed.ncbi.nlm.nih.gov/36530836/	TiAb	exclude	OUTCOME	glycaemic measures	N
PubMed	36527023	Effect of sacubitril/valsartan and ACEI/ARB on glycaemia and the development of diabetes: a systematic review and meta-analysis of randomised controlled trials	BMC medicine	2022	https://pubmed.ncbi.nlm.nih.gov/36527023/	TiAb	exclude	RANDOMISATION	pooled glycaemic estimates	Y
PubMed	36475871	Efficacy and Safety of Sacubitril/Valsartan Compared With ACEI/ARB on Health-Related Quality of Life in Heart Failure Patients: A Meta-Analysis	The Annals of pharmacotherapy	2023	https://pubmed.ncbi.nlm.nih.gov/36475871/	TiAb	exclude	RANDOMISATION	pooled quality-of-life estimates	Y
PubMed	36404386	Estimating the Time to Benefit for Therapies in HFrEF: A Case Study of Sacubitril-Valsartan Using Reconstructed Data from a Randomized Controlled Trial	Drugs and aging	2022	https://pubmed.ncbi.nlm.nih.gov/36404386/	TiAb	exclude	OUTCOME	time-to-benefit estimate reconstructed from published curves	N
PubMed	36304540	A systematic review and meta-analysis of sacubitril-valsartan in the treatment of ventricular remodeling in patients with heart failure after acute myocardial infarction	Frontiers in cardiovascular medicine	2022	https://pubmed.ncbi.nlm.nih.gov/36304540/	TiAb	exclude	RANDOMISATION	pooled remodelling estimates	Y
PubMed	36148074	Effect of sacubitril/valsartan on the occurrence of cardiac arrhythmias and the risk of sudden cardiac death in heart failure: A meta-analysis of randomized controlled trials	Frontiers in cardiovascular medicine	2022	https://pubmed.ncbi.nlm.nih.gov/36148074/	TiAb	exclude	RANDOMISATION	pooled arrhythmia and sudden-death estimates	Y
PubMed	36132549	The Relationship between Angiotensin-Neprilysin Treatment, Echocardiographic Parameters, and NT-proBNP Levels in HFpEF Patients with Acute Decompensated Heart Failure (RETRACTED)	Computational and mathematical methods in medicine	2022	https://pubmed.ncbi.nlm.nih.gov/36132549/	TiAb	exclude	POPULATION	HFpEF; record is a retracted publication	N
PubMed	36062622	Sacubitril/Valsartan in Patients With Heart Failure and Concomitant End-Stage Kidney Disease	Journal of the American Heart Association	2022	https://pubmed.ncbi.nlm.nih.gov/36062622/	TiAb	exclude	POPULATION	end-stage kidney disease	N
PubMed	35990952	Effects of sacubitril/valsartan on life quality in chronic heart failure: A systematic review and meta-analysis of randomized controlled trials	Frontiers in cardiovascular medicine	2022	https://pubmed.ncbi.nlm.nih.gov/35990952/	TiAb	exclude	RANDOMISATION	pooled quality-of-life estimates	Y
PubMed	35921043	Sacubitril/valsartan in heart failure: efficacy and safety in and outside clinical trials	ESC heart failure	2022	https://pubmed.ncbi.nlm.nih.gov/35921043/	TiAb	exclude	RANDOMISATION	narrative review	N
PubMed	35874853	The comparative effects of sacubitril/valsartan versus enalapril on pulmonary hypertension due to heart failure with a reduced ejection fraction	Pulmonary circulation	2022	https://pubmed.ncbi.nlm.nih.gov/35874853/	TiAb	exclude	OUTCOME	pulmonary haemodynamic measures	N
PubMed	35859597	Effect of Sacubitril/Valsartan on Reducing the Risk of Arrhythmia: A Systematic Review and Meta-Analysis of Randomized Controlled Trials	Frontiers in cardiovascular medicine	2022	https://pubmed.ncbi.nlm.nih.gov/35859597/	TiAb	exclude	RANDOMISATION	pooled arrhythmia estimates	Y
PubMed	35772853	Tolerability of Sacubitril/Valsartan in Patients With Advanced Heart Failure: Analysis of the LIFE Trial Run-In	JACC. Heart failure	2022	https://pubmed.ncbi.nlm.nih.gov/35772853/	TiAb	exclude	COMPARATOR	LIFE randomised against valsartan; this record reports run-in tolerability	N
PubMed	35761118	The Prevalence of Adverse Drug Reactions and Adverse Drug Events from Heart Failure Medications in Frail Older Adults: A Systematic Review	Drugs and aging	2022	https://pubmed.ncbi.nlm.nih.gov/35761118/	TiAb	exclude	RANDOMISATION	pooled adverse-event prevalence	Y
PubMed	35717169	Effects of sacubitril/valsartan on glycemia in patients with diabetes and heart failure: the PARAGON-HF and PARADIGM-HF trials	Cardiovascular diabetology	2022	https://pubmed.ncbi.nlm.nih.gov/35717169/	TiAb	exclude	OUTCOME	glycaemic measures	N
PubMed	35654526	Clinical Outcomes Related to Background Diuretic Use and New Diuretic Initiation in Patients With HFrEF	JACC. Heart failure	2022	https://pubmed.ncbi.nlm.nih.gov/35654526/	TiAb	exclude	OUTCOME	diuretic-use subgroup estimates	N
PubMed	35560696	Changes in cardiac biomarkers in association with alterations in cardiac structure and function, and health status in HFrEF: the EVALUATE-HF trial	European journal of heart failure	2022	https://pubmed.ncbi.nlm.nih.gov/35560696/	TiAb	exclude	OUTCOME	biomarker and echocardiographic change	N
PubMed	35523577	Angiotensin-converting enzyme inhibitor therapy after heart transplant: From molecular basis to clinical effects	Clinical transplantation	2022	https://pubmed.ncbi.nlm.nih.gov/35523577/	TiAb	exclude	POPULATION	heart transplant recipients	N
PubMed	35469709	Renin-angiotensin-aldosterone system inhibition in patients affected by heart failure: Position Paper of the Italian Society of Cardiology	European journal of internal medicine	2022	https://pubmed.ncbi.nlm.nih.gov/35469709/	TiAb	exclude	RANDOMISATION	consensus statement	N
PubMed	35400328	Effects of Sacubitril/Valsartan Versus Telmisartan in Type 2 Diabetic or Pre-Diabetic Patients with Hypertension and Without Heart Failure: Rationale and Design	Cardiovascular and hematological disorders drug targets	2022	https://pubmed.ncbi.nlm.nih.gov/35400328/	TiAb	exclude	POPULATION	hypertension without heart failure	N
PubMed	35343504	Position paper of the Italian Society of Cardiology: RAAS blockade in heart failure patients - Part I (Italian)	Giornale italiano di cardiologia	2022	https://pubmed.ncbi.nlm.nih.gov/35343504/	TiAb	exclude	RANDOMISATION	consensus statement	N
PubMed	35282662	Comparing the efficacy of angiotensin receptor-neprilysin inhibitor and enalapril in acute anterior STEMI patients after primary percutaneous coronary intervention: a prospective randomized trial	Cardiovascular diagnosis and therapy	2022	https://pubmed.ncbi.nlm.nih.gov/35282662/	TiAb	exclude	POPULATION	acute anterior STEMI, not chronic HFrEF	N
PubMed	35222898	The Difference between Sacubitril Valsartan and Valsartan on Vascular Endothelial Function, APN, MMP-9, and BNP Levels in Patients with Hypertension and Chronic Heart Failure	Journal of healthcare engineering	2022	https://pubmed.ncbi.nlm.nih.gov/35222898/	TiAb	exclude	COMPARATOR	comparator is valsartan	N
PubMed	35200707	What the near Future Holds for Sacubitril/Valsartan: A Summary of Major Ongoing Studies	Journal of cardiovascular development and disease	2022	https://pubmed.ncbi.nlm.nih.gov/35200707/	TiAb	exclude	RANDOMISATION	narrative review	N
PubMed	35081164	Role of sacubitril-valsartan in the prevention of atrial fibrillation occurrence in patients with heart failure: A systematic review and meta-analysis of randomized controlled trials	PloS one	2022	https://pubmed.ncbi.nlm.nih.gov/35081164/	TiAb	exclude	RANDOMISATION	pooled atrial fibrillation estimates	Y
PubMed	35035857	Effects and Safety of Sacubitril/Valsartan for Patients with Myocardial Infarction: A Systematic Review and Meta-Analysis (RETRACTED)	Journal of healthcare engineering	2022	https://pubmed.ncbi.nlm.nih.gov/35035857/	TiAb	exclude	RANDOMISATION	pooled estimate; record is a retracted publication	Y
PubMed	35027945	Long-Term Mortality and Morbidity Related to CHFrEF in Palestinian Patients Maintained on Submaximal Sacubitril/Valsartan Doses: A Pilot Study	Journal of the renin-angiotensin-aldosterone system	2021	https://pubmed.ncbi.nlm.nih.gov/35027945/	TiAb	exclude	RANDOMISATION	single-arm pilot statistics	N
PubMed	34988519	Heart failure treatment in patients with cardiac implantable electronic devices: Opportunity for improvement	Heart rhythm O2	2021	https://pubmed.ncbi.nlm.nih.gov/34988519/	TiAb	exclude	RANDOMISATION	descriptive prescribing statistics	N
PubMed	34969175	Effect of sacubitril/valsartan on investigator-reported ventricular arrhythmias in PARADIGM-HF	European journal of heart failure	2022	https://pubmed.ncbi.nlm.nih.gov/34969175/	TiAb	exclude	OUTCOME	ventricular arrhythmia event estimates	N
PubMed	34889576	Variation in early diffusion of sacubitril/valsartan and implications for understanding novel drug diffusion	The American journal of managed care	2021	https://pubmed.ncbi.nlm.nih.gov/34889576/	TiAb	exclude	RANDOMISATION	prescribing diffusion statistics	N
PubMed	34797518	Comparing Sacubitril/Valsartan Against Sodium-Glucose Cotransporter 2 Inhibitors in Heart Failure: A Systematic Review and Network Meta-analysis	Clinical drug investigation	2022	https://pubmed.ncbi.nlm.nih.gov/34797518/	TiAb	exclude	RANDOMISATION	network meta-analysis estimates	Y
PubMed	34783839	Effect of Sacubitril/Valsartan vs Standard Medical Therapies on Plasma NT-proBNP Concentration and Submaximal Exercise Capacity in HFpEF: The PARALLAX Randomized Clinical Trial	JAMA	2021	https://pubmed.ncbi.nlm.nih.gov/34783839/	TiAb	exclude	COMPARATOR	comparator is individualised standard medical therapy; population HFpEF	N
PubMed	34758252	Angiotensin Receptor-Neprilysin Inhibition in Acute Myocardial Infarction (PARADISE-MI)	The New England journal of medicine	2021	https://pubmed.ncbi.nlm.nih.gov/34758252/	TiAb	exclude	COMPARATOR	comparator is ramipril; population acute myocardial infarction	N
PubMed	34716749	The benefits of sacubitril-valsartan in patients with acute myocardial infarction: a systematic review and meta-analysis	ESC heart failure	2021	https://pubmed.ncbi.nlm.nih.gov/34716749/	TiAb	exclude	RANDOMISATION	pooled estimate across trials	Y
PubMed	34703947	The early effect of dapagliflozin on strain and tissue Doppler parameters of diastolic function in diabetic patients with HFrEF	Archives of medical sciences. Atherosclerotic diseases	2021	https://pubmed.ncbi.nlm.nih.gov/34703947/	TiAb	exclude	INTERVENTION	intervention is dapagliflozin	N
PubMed	34675566	Cost-Effectiveness Analysis of Sacubitril/Valsartan Compared to Enalapril for Heart Failure Patients in Indonesia	ClinicoEconomics and outcomes research	2021	https://pubmed.ncbi.nlm.nih.gov/34675566/	TiAb	exclude	RANDOMISATION	incremental cost-effectiveness ratio	N
PubMed	34668596	Rationale and design of a multi-center randomized controlled trial on sacubitril-valsartan versus enalapril on left ventricular remodeling in ST-elevation myocardial infarction: The PERI-STEMI study	Clinical cardiology	2021	https://pubmed.ncbi.nlm.nih.gov/34668596/	TiAb	exclude	POPULATION	ST-elevation myocardial infarction	N
PubMed	34645527	Sacubitril/valsartan is well tolerated in patients with longstanding heart failure and history of cancer and improves ventricular function: real-world data	Cardio-oncology	2021	https://pubmed.ncbi.nlm.nih.gov/34645527/	TiAb	exclude	RANDOMISATION	real-world descriptive statistics	N
PubMed	34617669	Benefits and adverse effects of sacubitril/valsartan in patients with chronic heart failure: A systematic review and meta-analysis	Pharmacology research and perspectives	2021	https://pubmed.ncbi.nlm.nih.gov/34617669/	TiAb	exclude	RANDOMISATION	pooled estimate across trials	Y
PubMed	34591356	A randomized clinical trial on the short-term effects of 12-week sacubitril/valsartan vs enalapril on peak oxygen consumption in HFrEF: the ACTIVITY-HF study	European journal of heart failure	2021	https://pubmed.ncbi.nlm.nih.gov/34591356/	TiAb	exclude	OUTCOME	peak oxygen consumption	N
PubMed	34570120	ANMCO Position paper: Use of sacubitril/valsartan in hospitalized patients with acute heart failure (Italian)	Giornale italiano di cardiologia	2021	https://pubmed.ncbi.nlm.nih.gov/34570120/	TiAb	exclude	RANDOMISATION	consensus statement	N
PubMed	34464468	Efficacy and safety of early initiation of Sacubitril/Valsartan in patients after acute myocardial infarction: A meta-analysis	Clinical cardiology	2021	https://pubmed.ncbi.nlm.nih.gov/34464468/	TiAb	exclude	RANDOMISATION	pooled estimate across trials	Y
PubMed	34456644	ANMCO POSITION PAPER: Use of sacubitril/valsartan in hospitalized patients with acute heart failure	European heart journal supplements	2021	https://pubmed.ncbi.nlm.nih.gov/34456644/	TiAb	exclude	RANDOMISATION	consensus statement	N
PubMed	34428592	Sleep Outcomes From AWAKE-HF: A Randomized Clinical Trial of Sacubitril/Valsartan vs Enalapril in Patients With HFrEF	Journal of cardiac failure	2021	https://pubmed.ncbi.nlm.nih.gov/34428592/	TiAb	exclude	OUTCOME	accelerometer-derived sleep measures	N
PubMed	34402869	Sacubitril-valsartan versus enalapril for acute decompensated heart failure: a cost-effectiveness analysis	European journal of preventive cardiology	2021	https://pubmed.ncbi.nlm.nih.gov/34402869/	TiAb	exclude	RANDOMISATION	incremental cost-effectiveness ratio	N
PubMed	34395116	Comparison of Sacubitril/Valsartan Versus Enalapril in the Management of Heart Failure	Cureus	2021	https://pubmed.ncbi.nlm.nih.gov/34395116/	TiAb	undetermined	-	title names the right comparison but neither design nor reported quantity is determinable from it; abstract not retrieved before the halt. Carried to full text.	N
PubMed	34350772	Clinical Effectiveness of Sacubitril/Valsartan Among Patients Hospitalized for Heart Failure With Reduced Ejection Fraction	Journal of the American Heart Association	2021	https://pubmed.ncbi.nlm.nih.gov/34350772/	TiAb	exclude	RANDOMISATION	observational effectiveness estimates	N
PubMed	34125356	Five Years of Sacubitril/Valsartan - a Safety Analysis of Randomized Clinical Trials and Real-World Pharmacovigilance	Cardiovascular drugs and therapy	2022	https://pubmed.ncbi.nlm.nih.gov/34125356/	TiAb	exclude	RANDOMISATION	pooled safety estimates and pharmacovigilance signals	Y
PubMed	34101308	Effect of sacubitril/valsartan vs enalapril on changes in heart failure therapies over time: the PARADIGM-HF trial	European journal of heart failure	2021	https://pubmed.ncbi.nlm.nih.gov/34101308/	TiAb	exclude	OUTCOME	changes in background heart failure therapy over time	N
PubMed	34101002	Development and external validation of prognostic models to predict sudden and pump-failure death in patients with HFrEF from PARADIGM-HF and ATMOSPHERE	Clinical research in cardiology	2021	https://pubmed.ncbi.nlm.nih.gov/34101002/	TiAb	exclude	OUTCOME	prognostic model discrimination and calibration	N
PubMed	33997628	Renal Outcomes in Patients with Systolic Heart Failure Treated With Sacubitril-Valsartan or ACEI/ARB	Mayo Clinic proceedings. Innovations, quality and outcomes	2021	https://pubmed.ncbi.nlm.nih.gov/33997628/	TiAb	exclude	RANDOMISATION	observational renal outcome estimates	N
PubMed	33992607	Sacubitril/valsartan versus enalapril on exercise capacity in patients with heart failure with reduced ejection fraction: A randomized, double-blind, active-controlled study	American heart journal	2021	https://pubmed.ncbi.nlm.nih.gov/33992607/	TiAb	exclude	OUTCOME	exercise capacity (peak VO2 / 6-minute walk)	N
PubMed	33984319	Days alive out of hospital in heart failure: Insights from the PARADIGM-HF and CHARM trials	American heart journal	2021	https://pubmed.ncbi.nlm.nih.gov/33984319/	TiAb	exclude	OUTCOME	days alive and out of hospital	N
PubMed	33931815	Angiotensin receptor-neprilysin inhibition in patients with acute decompensated heart failure: an expert consensus position paper	Heart failure reviews	2022	https://pubmed.ncbi.nlm.nih.gov/33931815/	TiAb	exclude	RANDOMISATION	consensus statement	N
PubMed	33929386	Adverse Events of Sacubitril/Valsartan: A Meta-analysis of Randomized Controlled Trials	Journal of cardiovascular pharmacology	2021	https://pubmed.ncbi.nlm.nih.gov/33929386/	TiAb	exclude	RANDOMISATION	pooled adverse-event estimates	Y
PubMed	33879733	A study of the sequential treatment of acute heart failure with sacubitril/valsartan by recombinant human brain natriuretic peptide: A randomized controlled trial	Medicine	2021	https://pubmed.ncbi.nlm.nih.gov/33879733/	TiAb	exclude	INTERVENTION	sequential recombinant human BNP strategy; no enalapril comparator	N
PubMed	33850915	Narrative review in the current role of angiotensin receptor-neprilysin inhibitors	Annals of translational medicine	2021	https://pubmed.ncbi.nlm.nih.gov/33850915/	TiAb	exclude	RANDOMISATION	narrative review	N
PubMed	33847047	Prospective ARNI vs ACE inhibitor trial to DetermIne Superiority in reducing heart failure Events after Myocardial Infarction (PARADISE-MI): design and baseline characteristics	European journal of heart failure	2021	https://pubmed.ncbi.nlm.nih.gov/33847047/	TiAb	exclude	COMPARATOR	comparator is ramipril; population acute myocardial infarction	N
PubMed	33822031	Renal protection in chronic heart failure: focus on sacubitril/valsartan	European heart journal. Cardiovascular pharmacotherapy	2021	https://pubmed.ncbi.nlm.nih.gov/33822031/	TiAb	exclude	RANDOMISATION	narrative review	N
PubMed	33733623	The restricted mean survival time as a replacement for the hazard ratio and the number needed to treat in long-term studies	ESC heart failure	2021	https://pubmed.ncbi.nlm.nih.gov/33733623/	TiAb	exclude	OUTCOME	restricted mean survival time (methodological paper)	N
PubMed	33731544	Efficacy and Safety of Sacubitril/Valsartan in Japanese Patients With Chronic Heart Failure and Reduced Ejection Fraction - Results From the PARALLEL-HF Study	Circulation journal	2021	https://pubmed.ncbi.nlm.nih.gov/33731544/	FullText	INCLUDE	-	MEETS ALL FOUR. Randomised 1:1; 225 Japanese adults NYHA II-IV LVEF<=35%; sacubitril/valsartan 200 mg bid vs enalapril 10 mg bid; composite of CV death or HF hospitalisation as HAZARD RATIO 1.09 (95% CI 0.65-1.82), P=0.6260, median follow-up 33.9 months.	N
PubMed	33663237	Hemodynamic Effects of Sacubitril-Valsartan Versus Enalapril in Patients With Heart Failure in the EVALUATE-HF Study	Circulation. Heart failure	2021	https://pubmed.ncbi.nlm.nih.gov/33663237/	TiAb	exclude	OUTCOME	haemodynamic and aortic stiffness measures	N
PubMed	33624080	Sinergy between drugs and devices in the fight against sudden cardiac death and heart failure	European journal of preventive cardiology	2021	https://pubmed.ncbi.nlm.nih.gov/33624080/	TiAb	exclude	RANDOMISATION	narrative review	N
PubMed	33545266	Real-world effectiveness and safety of sacubitril/valsartan in heart failure: A systematic review	International journal of cardiology	2021	https://pubmed.ncbi.nlm.nih.gov/33545266/	TiAb	exclude	RANDOMISATION	synthesis of observational studies	Y
PubMed	33530704	Efficacy and Safety of Sacubitril/Valsartan in High-Risk Patients in the PIONEER-HF Trial	Circulation. Heart failure	2021	https://pubmed.ncbi.nlm.nih.gov/33530704/	TiAb	exclude	OUTCOME	time-averaged proportional change in NT-proBNP	N
PubMed	33522249	Clinical Characteristics and Outcomes of Patients With HFrEF and Chronic Obstructive Pulmonary Disease: Insights From PARADIGM-HF	Journal of the American Heart Association	2021	https://pubmed.ncbi.nlm.nih.gov/33522249/	TiAb	exclude	OUTCOME	COPD subgroup estimates	N
PubMed	33489085	Potential mechanisms of beneficial effect of sacubitril/valsartan on glycemic control	Therapeutic advances in endocrinology and metabolism	2020	https://pubmed.ncbi.nlm.nih.gov/33489085/	TiAb	exclude	RANDOMISATION	narrative mechanistic review	N
PubMed	33357641	Efficacy and safety of sacubitril/valsartan compared with enalapril in patients with chronic heart failure and reduced ejection fraction: Results from PARADIGM-HF India sub-study	Indian heart journal	2020	https://pubmed.ncbi.nlm.nih.gov/33357641/	TiAb	exclude	OUTCOME	regional subgroup estimates; secondary report of PARADIGM-HF	N
PubMed	33314487	OUTSTEP-HF: randomised controlled trial comparing short-term effects of sacubitril/valsartan versus enalapril on daily physical activity in HFrEF	European journal of heart failure	2021	https://pubmed.ncbi.nlm.nih.gov/33314487/	TiAb	exclude	OUTCOME	accelerometer-measured daily physical activity	N
PubMed	33305513	Rationale and methods of a randomized trial evaluating the effect of neprilysin inhibition on left ventricular remodelling	ESC heart failure	2021	https://pubmed.ncbi.nlm.nih.gov/33305513/	TiAb	exclude	OUTCOME	left ventricular remodelling measures	N
PubMed	33301829	Sacubitril/valsartan for the management of heart failure: A perspective viewpoint on current evidence	International journal of cardiology	2021	https://pubmed.ncbi.nlm.nih.gov/33301829/	TiAb	exclude	RANDOMISATION	narrative viewpoint	N
PubMed	33292750	Use of Sacubitril/valsartan in patients with cardio toxicity and heart failure due to chemotherapy	Cardio-oncology	2020	https://pubmed.ncbi.nlm.nih.gov/33292750/	TiAb	exclude	POPULATION	chemotherapy-induced cardiotoxicity	N
PubMed	33277825	Heart failure in the last year: progress and perspective	ESC heart failure	2020	https://pubmed.ncbi.nlm.nih.gov/33277825/	TiAb	exclude	RANDOMISATION	narrative review	N
PubMed	33257469	Beneficial and harmful effects of sacubitril/valsartan in patients with heart failure: a systematic review of randomised clinical trials with meta-analysis and trial sequential analysis	Open heart	2020	https://pubmed.ncbi.nlm.nih.gov/33257469/	TiAb	exclude	RANDOMISATION	pooled estimate with trial sequential analysis	Y
PubMed	33211601	Sacubitril-valsartan improves conduit vessel function and functional capacity and reduces inflammation in heart failure with reduced ejection fraction	Journal of applied physiology	2021	https://pubmed.ncbi.nlm.nih.gov/33211601/	TiAb	exclude	OUTCOME	vascular function and inflammatory markers	N
PubMed	33189630	Improvement of Health Status Following Initiation of Sacubitril/Valsartan in Heart Failure and Reduced Ejection Fraction	JACC. Heart failure	2021	https://pubmed.ncbi.nlm.nih.gov/33189630/	TiAb	exclude	RANDOMISATION	observational health-status change	N
PubMed	33155868	Association of Sacubitril/Valsartan with Metabolic Parameters in Patients with Reduced Ejection Fraction Heart Failure at a Multidisciplinary Clinic	Metabolic syndrome and related disorders	2021	https://pubmed.ncbi.nlm.nih.gov/33155868/	TiAb	exclude	RANDOMISATION	observational metabolic parameter change	N
PubMed	33068250	Management of patients with chronic heart failure and type 2 diabetes mellitus: the SCODIAC-II study	Internal and emergency medicine	2021	https://pubmed.ncbi.nlm.nih.gov/33068250/	TiAb	exclude	RANDOMISATION	observational management statistics	N
PubMed	33039448	Estimating the Lifetime Benefits of Treatments for Heart Failure	JACC. Heart failure	2020	https://pubmed.ncbi.nlm.nih.gov/33039448/	TiAb	exclude	OUTCOME	projected event-free survival gain	N
PubMed	32978755	The AWAKE-HF Study: Sacubitril/Valsartan Impact on Daily Physical Activity and Sleep in Heart Failure	American journal of cardiovascular drugs	2021	https://pubmed.ncbi.nlm.nih.gov/32978755/	TiAb	exclude	OUTCOME	accelerometer-measured activity and sleep	N
PubMed	32977362	Efficacy and safety of sacubitril-valsartan in heart failure: a meta-analysis of randomized controlled trials	ESC heart failure	2020	https://pubmed.ncbi.nlm.nih.gov/32977362/	TiAb	exclude	RANDOMISATION	pooled estimate across trials	Y
PubMed	32945737	Alternative payment models and innovation: a case study of US health system adoption of a sacubitril/valsartan to treat acute decompensated heart failure	Journal of medical economics	2020	https://pubmed.ncbi.nlm.nih.gov/32945737/	TiAb	exclude	RANDOMISATION	health-system adoption case study	N
PubMed	32919915	Angiotensin-Neprilysin Inhibition in Black Americans: Data From the PIONEER-HF Trial	JACC. Heart failure	2020	https://pubmed.ncbi.nlm.nih.gov/32919915/	TiAb	exclude	OUTCOME	NT-proBNP change by race subgroup	N
PubMed	32919914	Similar Yet Different: Examining the Effects of Sacubitril/Valsartan by Race in the PIONEER-HF Trial	JACC. Heart failure	2020	https://pubmed.ncbi.nlm.nih.gov/32919914/	TiAb	exclude	RANDOMISATION	editorial comment	N
PubMed	32868662	Benefits of early administration of Sacubitril/Valsartan in patients with ST-elevation myocardial infarction after primary percutaneous coronary intervention	Coronary artery disease	2021	https://pubmed.ncbi.nlm.nih.gov/32868662/	TiAb	exclude	POPULATION	ST-elevation myocardial infarction	N
PubMed	32854838	Angiotensin Receptor-Neprilysin Inhibition Based on History of Heart Failure and Use of Renin-Angiotensin System Antagonists	Journal of the American College of Cardiology	2020	https://pubmed.ncbi.nlm.nih.gov/32854838/	TiAb	exclude	OUTCOME	subgroup estimates by prior therapy history	N
PubMed	32848403	Cardiovascular Outcomes with Sacubitril-Valsartan in Heart Failure: Emerging Clinical Data	Therapeutics and clinical risk management	2020	https://pubmed.ncbi.nlm.nih.gov/32848403/	TiAb	exclude	RANDOMISATION	narrative review	N
PubMed	32809261	Serum potassium in the PARADIGM-HF trial	European journal of heart failure	2020	https://pubmed.ncbi.nlm.nih.gov/32809261/	TiAb	exclude	OUTCOME	serum potassium and hyperkalaemia rates	N
PubMed	32801725	Impact of Sacubitril/Valsartan on Patient Outcomes in Heart Failure: Evidence to Date	Therapeutics and clinical risk management	2020	https://pubmed.ncbi.nlm.nih.gov/32801725/	TiAb	exclude	RANDOMISATION	narrative review	N
PubMed	32800511	Efficacy and Safety of Sacubitril/Valsartan by Dose Level Achieved in the PIONEER-HF Trial	JACC. Heart failure	2020	https://pubmed.ncbi.nlm.nih.gov/32800511/	TiAb	exclude	OUTCOME	NT-proBNP change by achieved dose	N
PubMed	32800508	NT-proBNP Response to Sacubitril/Valsartan in Hospitalized Heart Failure Patients With Reduced Ejection Fraction: TRANSITION Study	JACC. Heart failure	2020	https://pubmed.ncbi.nlm.nih.gov/32800508/	TiAb	exclude	COMPARATOR	pre-discharge vs post-discharge initiation; no enalapril comparator. Reports NT-proBNP response.	N
PubMed	32739172	Effects of sacubitril/valsartan in patients with heart failure and chronic kidney disease: A meta-analysis	European journal of pharmacology	2020	https://pubmed.ncbi.nlm.nih.gov/32739172/	TiAb	exclude	RANDOMISATION	pooled estimate across trials	Y
PubMed	32648251	Feasibility of sacubitril/valsartan initiation early after acute decompensated heart failure	Cardiology journal	2020	https://pubmed.ncbi.nlm.nih.gov/32648251/	TiAb	exclude	RANDOMISATION	feasibility and tolerability proportions	N
PubMed	32641226	Sacubitril/Valsartan in Advanced Heart Failure With Reduced Ejection Fraction: Rationale and Design of the LIFE Trial	JACC. Heart failure	2020	https://pubmed.ncbi.nlm.nih.gov/32641226/	TiAb	exclude	COMPARATOR	comparator is valsartan	N
PubMed	32468672	Rationale and study design of OUTSTEP-HF: a randomised controlled study to assess the effect of sacubitril/valsartan and enalapril on physical activity measured by accelerometry in HFrEF	European journal of heart failure	2020	https://pubmed.ncbi.nlm.nih.gov/32468672/	TiAb	exclude	OUTCOME	accelerometer-measured physical activity	N
PubMed	32466836	Use of the Win Ratio in Cardiovascular Trials	JACC. Heart failure	2020	https://pubmed.ncbi.nlm.nih.gov/32466836/	TiAb	exclude	OUTCOME	win ratio (methodological paper)	N
PubMed	32407608	Liver function and prognosis, and influence of sacubitril/valsartan in patients with heart failure with reduced ejection fraction	European journal of heart failure	2020	https://pubmed.ncbi.nlm.nih.gov/32407608/	TiAb	exclude	OUTCOME	liver-function subgroup and prognostic estimates	N
PubMed	32369265	Introduction of sacubitril/valsartan in primary care follow-up of heart failure: a prospective observational study (THESEUS)	ESC heart failure	2020	https://pubmed.ncbi.nlm.nih.gov/32369265/	TiAb	exclude	RANDOMISATION	prospective observational statistics	N
PubMed	32297449	Angiotensin receptor neprilysin inhibition versus individualized RAAS blockade: design and rationale of the PARALLAX trial	ESC heart failure	2020	https://pubmed.ncbi.nlm.nih.gov/32297449/	TiAb	exclude	COMPARATOR	comparator is individualised RAAS blockade	N
PubMed	32259909	LCZ696 and preservation of renal function in heart failure: A meta-analysis of 6 randomized trials	Reviews in cardiovascular medicine	2020	https://pubmed.ncbi.nlm.nih.gov/32259909/	TiAb	exclude	RANDOMISATION	pooled renal estimates	Y
PubMed	32248695	Representativeness of the PIONEER-HF Clinical Trial Population in Patients Hospitalized With Heart Failure and Reduced Ejection Fraction	Circulation. Heart failure	2020	https://pubmed.ncbi.nlm.nih.gov/32248695/	TiAb	exclude	RANDOMISATION	representativeness proportions	N
PubMed	32221582	Effects of dapagliflozin in DAPA-HF according to background heart failure therapy	European heart journal	2020	https://pubmed.ncbi.nlm.nih.gov/32221582/	TiAb	exclude	INTERVENTION	intervention is dapagliflozin	N
PubMed	36263291	Angiotensin Receptor-Neprilysin Inhibition (ARNI) in Heart Failure	International journal of heart failure	2020	https://pubmed.ncbi.nlm.nih.gov/36263291/	TiAb	exclude	RANDOMISATION	narrative review	N
PubMed	32153122	Sacubitril/valsartan in patients with heart failure with reduced ejection fraction with end-stage of renal disease	ESC heart failure	2020	https://pubmed.ncbi.nlm.nih.gov/32153122/	TiAb	exclude	POPULATION	end-stage renal disease	N
PubMed	32128057	Evaluating the safety and tolerability of inpatient sacubitril/valsartan initiation in a community hospital	Journal of community hospital internal medicine perspectives	2020	https://pubmed.ncbi.nlm.nih.gov/32128057/	TiAb	exclude	RANDOMISATION	single-centre tolerability proportions	N
PubMed	32021227	Understanding the early mortality benefit observed in the PARADIGM-HF trial: considerations for the management of heart failure with sacubitril/valsartan	Vascular health and risk management	2020	https://pubmed.ncbi.nlm.nih.gov/32021227/	TiAb	exclude	RANDOMISATION	narrative review	N
PubMed	32000355	New pharmacological treatments for heart failure with reduced ejection fraction (HFrEF): A Bayesian network meta-analysis	Medicine	2020	https://pubmed.ncbi.nlm.nih.gov/32000355/	TiAb	exclude	RANDOMISATION	Bayesian network meta-analysis estimates	Y
PubMed	31997538	Highlights in heart failure	ESC heart failure	2019	https://pubmed.ncbi.nlm.nih.gov/31997538/	TiAb	exclude	RANDOMISATION	narrative review	N
PubMed	31995119	Prognostic Models Derived in PARADIGM-HF and Validated in ATMOSPHERE and the Swedish Heart Failure Registry	JAMA cardiology	2020	https://pubmed.ncbi.nlm.nih.gov/31995119/	TiAb	exclude	OUTCOME	prognostic model performance	N
PubMed	31906682	Innovations in pharmacological treatment of heart failure (Czech)	Vnitrni lekarstvi	2019	https://pubmed.ncbi.nlm.nih.gov/31906682/	TiAb	exclude	RANDOMISATION	narrative review	N
PubMed	31838035	Comparative Effectiveness of Sacubitril-Valsartan Versus ACE/ARB Therapy in Heart Failure With Reduced Ejection Fraction	JACC. Heart failure	2020	https://pubmed.ncbi.nlm.nih.gov/31838035/	TiAb	exclude	RANDOMISATION	observational comparative effectiveness estimates	N
PubMed	31825471	Initiation of Angiotensin-Neprilysin Inhibition After Acute Decompensated Heart Failure: Secondary Analysis of the Open-label Extension of the PIONEER-HF Trial	JAMA cardiology	2020	https://pubmed.ncbi.nlm.nih.gov/31825471/	TiAb	exclude	OUTCOME	NT-proBNP change in open-label extension	N
PubMed	31789711	The eligible population of the PARADIGM-HF trial in a real-world outpatient clinic and its cardiovascular risk between 2005 and 2016	Journal of cardiovascular medicine	2020	https://pubmed.ncbi.nlm.nih.gov/31789711/	TiAb	exclude	RANDOMISATION	eligibility proportions in a cohort	N
PubMed	31772612	LCZ696 Therapy Reduces Ventricular Tachyarrhythmia Inducibility in a Myocardial Infarction-Induced Heart Failure Rat Model	Cardiovascular therapeutics	2019	https://pubmed.ncbi.nlm.nih.gov/31772612/	TiAb	exclude	POPULATION	rat model, not adult humans	N
PubMed	36262737	Real-World Eligibility for Sacubitril/Valsartan in HFrEF Patients in Korea: Data from the Korean Acute Heart Failure (KorAHF) Registry	International journal of heart failure	2019	https://pubmed.ncbi.nlm.nih.gov/36262737/	TiAb	exclude	RANDOMISATION	registry eligibility proportions	N
PubMed	31638338	Activity Sensors to Evaluate the Effect of Sacubitril/Valsartan on Quality-of-Life in Heart Failure: rationale and design of the AWAKE-HF study	ESC heart failure	2019	https://pubmed.ncbi.nlm.nih.gov/31638338/	TiAb	exclude	OUTCOME	accelerometer-measured activity	N
PubMed	31625704	Sacubitril/valsartan improves left ventricular longitudinal deformation in heart failure patients with reduced ejection fraction (RETRACTED)	Minerva cardioangiologica	2019	https://pubmed.ncbi.nlm.nih.gov/31625704/	TiAb	exclude	OUTCOME	longitudinal strain; record is a retracted publication	N
PubMed	31617977	ARNI (Angiotensin Receptor-Neprilysin Inhibitor): when, for whom and how? (French)	Revue medicale suisse	2019	https://pubmed.ncbi.nlm.nih.gov/31617977/	TiAb	exclude	RANDOMISATION	narrative review	N
PubMed	31559483	Optimizing heart failure treatment following cardiac resynchronization therapy	Clinical research in cardiology	2020	https://pubmed.ncbi.nlm.nih.gov/31559483/	TiAb	exclude	OUTCOME	post-CRT optimisation outcomes	N
PubMed	31531687	ARNIs: balancing the good and the bad of neuroendocrine response to HF	Clinical research in cardiology	2020	https://pubmed.ncbi.nlm.nih.gov/31531687/	TiAb	exclude	RANDOMISATION	commentary	N
PubMed	31514513	Angiotensin Receptor Neprilysin Inhibitor for Patients With Heart Failure and Reduced Ejection Fraction: Real-World Experience From Taiwan	Journal of cardiovascular pharmacology and therapeutics	2020	https://pubmed.ncbi.nlm.nih.gov/31514513/	TiAb	exclude	RANDOMISATION	observational real-world estimates	N
PubMed	31510768	Prognostic Implications of Congestion on Physical Examination Among Contemporary Patients With HFrEF: PARADIGM-HF	Circulation	2019	https://pubmed.ncbi.nlm.nih.gov/31510768/	TiAb	exclude	OUTCOME	prognostic association of congestion score	N
PubMed	31498903	Evaluation of Patients with Heart Failure to Determine Eligibility for Treatment with Sacubitril/Valsartan: Insights from a Veterans Administration Healthcare System	Pharmacotherapy	2019	https://pubmed.ncbi.nlm.nih.gov/31498903/	TiAb	exclude	RANDOMISATION	eligibility proportions	N
PubMed	31475296	Effect of Sacubitril-Valsartan vs Enalapril on Aortic Stiffness in Patients With Heart Failure and Reduced Ejection Fraction: A Randomized Clinical Trial (EVALUATE-HF)	JAMA	2019	https://pubmed.ncbi.nlm.nih.gov/31475296/	TiAb	exclude	OUTCOME	change in aortic characteristic impedance	N
PubMed	31219361	Cost-effectiveness of sacubitril/valsartan for the treatment of patients with heart failure with reduced ejection fraction in Portugal	Expert review of pharmacoeconomics and outcomes research	2020	https://pubmed.ncbi.nlm.nih.gov/31219361/	TiAb	exclude	RANDOMISATION	incremental cost-effectiveness ratio	N
PubMed	31172710	Sacubitril/Valsartan in Asian Patients with Heart Failure with Reduced Ejection Fraction	Korean circulation journal	2019	https://pubmed.ncbi.nlm.nih.gov/31172710/	TiAb	exclude	RANDOMISATION	narrative review	N
PubMed	31132222	Sacubitril/valsartan eligibility and outcomes in the ESC-EORP-HFA Heart Failure Long-Term Registry	European journal of heart failure	2019	https://pubmed.ncbi.nlm.nih.gov/31132222/	TiAb	exclude	RANDOMISATION	registry eligibility and outcome proportions	N
PubMed	31119890	Hydralazine and nitrates in the treatment of heart failure with reduced ejection fraction	ESC heart failure	2019	https://pubmed.ncbi.nlm.nih.gov/31119890/	TiAb	exclude	INTERVENTION	intervention is hydralazine/nitrates	N
PubMed	31101372	Cost-Utility Analysis of Sacubitril/Valsartan Use Compared With Standard Care in Chronic Heart Failure Patients With Reduced Ejection Fraction in South Korea	Clinical therapeutics	2019	https://pubmed.ncbi.nlm.nih.gov/31101372/	TiAb	exclude	RANDOMISATION	cost-utility ratio	N
PubMed	31093657	Cardiovascular biomarkers in patients with acute decompensated heart failure randomized to sacubitril-valsartan or enalapril in the PIONEER-HF trial	European heart journal	2019	https://pubmed.ncbi.nlm.nih.gov/31093657/	TiAb	exclude	OUTCOME	biomarker concentration change	N
PubMed	31078482	Outcomes and Effect of Treatment According to Etiology in HFrEF: An Analysis of PARADIGM-HF	JACC. Heart failure	2019	https://pubmed.ncbi.nlm.nih.gov/31078482/	TiAb	exclude	OUTCOME	aetiology subgroup estimates; secondary report of PARADIGM-HF	N
PubMed	31029493	Neurohormonal modulation: The new paradigm of pharmacological treatment of heart failure	Revista portuguesa de cardiologia	2019	https://pubmed.ncbi.nlm.nih.gov/31029493/	TiAb	exclude	RANDOMISATION	narrative review	N
PubMed	31023122	Lower Hospitalization and Healthcare Costs With Sacubitril/Valsartan Versus ACEI or ARB in a Retrospective Analysis of Patients With Heart Failure	Journal of the American Heart Association	2019	https://pubmed.ncbi.nlm.nih.gov/31023122/	TiAb	exclude	RANDOMISATION	retrospective cost and utilisation estimates	N
PubMed	30982680	Sacubitril/valsartan in heart failure with reduced ejection fraction patients: Real world experience on advanced chronic kidney disease, hypotension, and dose escalation	Journal of cardiology	2019	https://pubmed.ncbi.nlm.nih.gov/30982680/	TiAb	exclude	RANDOMISATION	observational tolerability statistics	N
PubMed	30955360	Clinical Outcomes in Patients With Acute Decompensated Heart Failure Randomly Assigned to Sacubitril/Valsartan or Enalapril in the PIONEER-HF Trial	Circulation	2019	https://pubmed.ncbi.nlm.nih.gov/30955360/	TiAb	exclude	OUTCOME	exploratory composite of death, HF rehospitalisation, LVAD implantation or transplant listing; not the pre-specified estimand and not the trial primary	N
PubMed	30846338	B-Type Natriuretic Peptide During Treatment With Sacubitril/Valsartan: The PARADIGM-HF Trial	Journal of the American College of Cardiology	2019	https://pubmed.ncbi.nlm.nih.gov/30846338/	TiAb	exclude	OUTCOME	BNP and NT-proBNP concentrations	N
PubMed	30796605	Assessing suitability for sacubitril-valsartan therapy in an Irish cohort: challenges and opportunities	Irish journal of medical science	2019	https://pubmed.ncbi.nlm.nih.gov/30796605/	TiAb	exclude	RANDOMISATION	eligibility proportions	N
PubMed	30788621	Sacubitril/valsartan reduces ventricular arrhythmias in parallel with left ventricular reverse remodeling in heart failure with reduced ejection fraction	Clinical research in cardiology	2019	https://pubmed.ncbi.nlm.nih.gov/30788621/	TiAb	exclude	RANDOMISATION	observational arrhythmia burden change	N
PubMed	30784673	Effects of Sacubitril/Valsartan on Biomarkers of Extracellular Matrix Regulation in Patients With HFrEF	Journal of the American College of Cardiology	2019	https://pubmed.ncbi.nlm.nih.gov/30784673/	TiAb	exclude	OUTCOME	extracellular matrix biomarker change	N
PubMed	30741494	Reduced loop diuretic use in patients taking sacubitril/valsartan compared with enalapril: the PARADIGM-HF trial	European journal of heart failure	2019	https://pubmed.ncbi.nlm.nih.gov/30741494/	TiAb	exclude	OUTCOME	loop diuretic dose change	N
PubMed	30679005	Sacubitril/valsartan: A practical guide	Revista portuguesa de cardiologia	2019	https://pubmed.ncbi.nlm.nih.gov/30679005/	TiAb	exclude	RANDOMISATION	narrative review	N
PubMed	30484837	Estimated 5-Year Number Needed to Treat to Prevent Cardiovascular Death or Heart Failure Hospitalization With ARNI vs Standard Therapy for HFrEF: An Analysis of Data From the PARADIGM-HF Trial	JAMA cardiology	2018	https://pubmed.ncbi.nlm.nih.gov/30484837/	TiAb	exclude	OUTCOME	5-year number needed to treat	N
PubMed	30415601	Angiotensin-Neprilysin Inhibition in Acute Decompensated Heart Failure (PIONEER-HF)	The New England journal of medicine	2019	https://pubmed.ncbi.nlm.nih.gov/30415601/	TiAb	exclude	OUTCOME	time-averaged proportional change in NT-proBNP from baseline to weeks 4 and 8	N
PubMed	30414818	Initiation, Continuation, Switching, and Withdrawal of Heart Failure Medical Therapies During Hospitalization	JACC. Heart failure	2019	https://pubmed.ncbi.nlm.nih.gov/30414818/	TiAb	exclude	RANDOMISATION	narrative review of prescribing practice	N
PubMed	30359220	Novel Possibilities in Pharmacotherapy of Patients With Chronic Heart Failure (Russian)	Kardiologiia	2018	https://pubmed.ncbi.nlm.nih.gov/30359220/	TiAb	exclude	RANDOMISATION	narrative review	N
PubMed	30281045	ANMCO position paper on sacubitril/valsartan in the management of patients with heart failure (Italian)	Giornale italiano di cardiologia	2018	https://pubmed.ncbi.nlm.nih.gov/30281045/	TiAb	exclude	RANDOMISATION	consensus statement	N
PubMed	30204280	Growth differentiation factor-15 is not modified by sacubitril/valsartan and is an independent marker of risk in patients with HFrEF: the PARADIGM-HF trial	European journal of heart failure	2018	https://pubmed.ncbi.nlm.nih.gov/30204280/	TiAb	exclude	OUTCOME	GDF-15 concentration and its prognostic association	N
PubMed	30122239	Sacubitril/valsartan: A novel angiotensin receptor-neprilysin inhibitor	Indian heart journal	2018	https://pubmed.ncbi.nlm.nih.gov/30122239/	TiAb	exclude	RANDOMISATION	narrative review	N
PubMed	30054868	Sacubitril/Valsartan (LCZ696): A Novel Treatment for Heart Failure and its Estimated Cost Effectiveness, Budget Impact, and Disease Burden Reduction in Germany	PharmacoEconomics	2018	https://pubmed.ncbi.nlm.nih.gov/30054868/	TiAb	exclude	RANDOMISATION	cost-effectiveness and budget impact estimates	N
PubMed	30047502	Angiotensin Receptor Neprilysin Inhibitor in Japanese Patients With Heart Failure and Reduced Ejection Fraction - Baseline Characteristics and Treatment of PARALLEL-HF Trial	Circulation journal	2018	https://pubmed.ncbi.nlm.nih.gov/30047502/	TiAb	exclude	OUTCOME	baseline characteristics only; no effect estimate	N
PubMed	29979147	Sacubitril/Valsartan: potential treatment for paediatric heart failure	Cardiology in the young	2018	https://pubmed.ncbi.nlm.nih.gov/29979147/	TiAb	exclude	POPULATION	paediatric	N
PubMed	29945530	The use of sacubitril/valsartan in anthracycline-induced cardiomyopathy: A mini case series	Journal of oncology pharmacy practice	2019	https://pubmed.ncbi.nlm.nih.gov/29945530/	TiAb	exclude	RANDOMISATION	case series	N
PubMed	29926350	Neprilysin Inhibitors: Filling a Gap in Heart Failure Management, Albeit Amidst Controversy and at a Significant Cost	American journal of cardiovascular drugs	2019	https://pubmed.ncbi.nlm.nih.gov/29926350/	TiAb	exclude	RANDOMISATION	narrative review	N
PubMed	29917003	Sacubitril/valsartan: from a large clinical trial to clinical practice	Journal of cardiovascular medicine	2018	https://pubmed.ncbi.nlm.nih.gov/29917003/	TiAb	exclude	RANDOMISATION	narrative review	N
PubMed	29895587	Characteristics and Treatments of Patients Enrolled in the CHAMP-HF Registry Compared With Patients Enrolled in the PARADIGM-HF Trial	Journal of the American Heart Association	2018	https://pubmed.ncbi.nlm.nih.gov/29895587/	TiAb	exclude	RANDOMISATION	registry-vs-trial descriptive comparison	N
PubMed	29891240	Angiotensin receptor-neprilysin inhibitors: A new paradigm in heart failure with reduced ejection fraction	International journal of cardiology	2019	https://pubmed.ncbi.nlm.nih.gov/29891240/	TiAb	exclude	RANDOMISATION	narrative review	N
PubMed	29776559	Angioedema in heart failure patients treated with sacubitril/valsartan (LCZ696) or enalapril in the PARADIGM-HF study	International journal of cardiology	2018	https://pubmed.ncbi.nlm.nih.gov/29776559/	TiAb	exclude	OUTCOME	angioedema event counts	N
PubMed	29748349	Independent Prognostic Value of Serum Soluble ST2 Measurements in Patients With HFrEF in the PARADIGM-HF Trial	Circulation. Heart failure	2018	https://pubmed.ncbi.nlm.nih.gov/29748349/	TiAb	exclude	OUTCOME	biomarker prognostic association	N
PubMed	29687191	Sacubitril/Valsartan: From Clinical Trials to Real-world Experience	Current treatment options in cardiovascular medicine	2018	https://pubmed.ncbi.nlm.nih.gov/29687191/	TiAb	exclude	RANDOMISATION	narrative review	N
PubMed	29661699	Effect of neprilysin inhibition on renal function in patients with type 2 diabetes and chronic heart failure receiving target doses of RAS inhibitors: a secondary analysis of the PARADIGM-HF trial	The lancet. Diabetes and endocrinology	2018	https://pubmed.ncbi.nlm.nih.gov/29661699/	TiAb	exclude	OUTCOME	eGFR decline rate	N
PubMed	29655829	Renal Effects and Associated Outcomes During Angiotensin-Neprilysin Inhibition in Heart Failure	JACC. Heart failure	2018	https://pubmed.ncbi.nlm.nih.gov/29655829/	TiAb	exclude	OUTCOME	renal function change and associated outcomes	N
PubMed	29653636	Rationale and design of the comParIson Of sacubitril/valsartaN versus Enalapril on Effect on nt-pRo-bnp in patients stabilized from an acute Heart Failure episode (PIONEER-HF) trial	American heart journal	2018	https://pubmed.ncbi.nlm.nih.gov/29653636/	TiAb	exclude	OUTCOME	NT-proBNP change (trial design paper)	N
PubMed	29643067	Incidence, Predictors, and Outcomes Associated With Hypotensive Episodes Among Heart Failure Patients Receiving Sacubitril/Valsartan or Enalapril: The PARADIGM-HF Trial	Circulation. Heart failure	2018	https://pubmed.ncbi.nlm.nih.gov/29643067/	TiAb	exclude	OUTCOME	hypotensive episode incidence	N
PubMed	29617523	Effects of Sacubitril/Valsartan on Physical and Social Activity Limitations in Patients With Heart Failure: A Secondary Analysis of the PARADIGM-HF Trial	JAMA cardiology	2018	https://pubmed.ncbi.nlm.nih.gov/29617523/	TiAb	exclude	OUTCOME	KCCQ physical and social limitation scores	N
PubMed	29601093	Cost-Effectiveness Analysis of Sacubitril/Valsartan for the Treatment of Heart Failure with Reduced Ejection Fraction in the United States	Pharmacotherapy	2018	https://pubmed.ncbi.nlm.nih.gov/29601093/	TiAb	exclude	RANDOMISATION	incremental cost-effectiveness ratio	N
PubMed	29544929	Angiotensin receptor neprilysin inhibition provides superior cardioprotection compared to angiotensin converting enzyme inhibition after experimental myocardial infarction	International journal of cardiology	2018	https://pubmed.ncbi.nlm.nih.gov/29544929/	TiAb	exclude	POPULATION	experimental animal model	N
PubMed	29542073	Combination Therapy of Renin Angiotensin System Inhibitors and Beta-Blockers in Patients with Heart Failure	Advances in experimental medicine and biology	2018	https://pubmed.ncbi.nlm.nih.gov/29542073/	TiAb	exclude	RANDOMISATION	narrative review	N
PubMed	29501368	A novel agent in the treatment of heart failure with depressed systolic function (Spanish)	Archivos de cardiologia de Mexico	2018	https://pubmed.ncbi.nlm.nih.gov/29501368/	TiAb	exclude	RANDOMISATION	narrative review	N
PubMed	29469206	Impact of sacubitril-valsartan combination in patients with chronic heart failure and sleep apnoea syndrome: the ENTRESTO-SAS study design	ESC heart failure	2018	https://pubmed.ncbi.nlm.nih.gov/29469206/	TiAb	exclude	OUTCOME	apnoea-hypopnoea index	N
PubMed	29464879	Insights into implementation of sacubitril/valsartan into clinical practice	ESC heart failure	2018	https://pubmed.ncbi.nlm.nih.gov/29464879/	TiAb	exclude	RANDOMISATION	implementation descriptive statistics	N
PubMed	29464817	The role of angiotensin receptor-neprilysin inhibitors in cardiovascular disease - existing evidence, knowledge gaps, and future directions	European journal of heart failure	2018	https://pubmed.ncbi.nlm.nih.gov/29464817/	TiAb	exclude	RANDOMISATION	narrative review	N
PubMed	29431251	Effect of sacubitril/valsartan on recurrent events in PARADIGM-HF	European journal of heart failure	2018	https://pubmed.ncbi.nlm.nih.gov/29431251/	FullText	exclude	OUTCOME	RECURRENT-EVENT RATE RATIO: negative binomial RR 0.77 (0.67-0.89); LWYY RR 0.78 (0.68-0.90); WLW HR 0.79 (0.71-0.89); joint frailty HR 0.75 (0.66-0.86). Counts repeat events per person; the estimand counts each person once at first event.	N
PubMed	29369824	Was the Enalapril Dose Too Low in the PARADIGM-HF Trial?	Cardiology in review	2018	https://pubmed.ncbi.nlm.nih.gov/29369824/	TiAb	exclude	RANDOMISATION	narrative review	N
PubMed	29318651	Effect of the angiotensin receptor-neprilysin inhibitor sacubitril/valsartan on the pharmacokinetics and pharmacodynamics of a single dose of furosemide	British journal of clinical pharmacology	2018	https://pubmed.ncbi.nlm.nih.gov/29318651/	TiAb	exclude	OUTCOME	pharmacokinetic and pharmacodynamic parameters	N
PubMed	29269379	Cost-effectiveness of sacubitril/valsartan in the treatment of heart failure with reduced ejection fraction	Heart	2018	https://pubmed.ncbi.nlm.nih.gov/29269379/	TiAb	exclude	RANDOMISATION	incremental cost-effectiveness ratio	N
PubMed	29265423	PARADIGM-HF Trial: Secondary Analyses Address Unanswered Questions	Pharmacotherapy	2018	https://pubmed.ncbi.nlm.nih.gov/29265423/	TiAb	exclude	RANDOMISATION	narrative review of secondary analyses	N
PubMed	29239515	Rationale and design of TRANSITION: a randomized trial of pre-discharge vs post-discharge initiation of sacubitril/valsartan	ESC heart failure	2018	https://pubmed.ncbi.nlm.nih.gov/29239515/	TiAb	exclude	COMPARATOR	comparator is a different initiation timing, not enalapril	N
PubMed	29193563	Sacubitril/valsartan reduces serum uric acid concentration, an independent predictor of adverse outcomes in PARADIGM-HF	European journal of heart failure	2018	https://pubmed.ncbi.nlm.nih.gov/29193563/	TiAb	exclude	OUTCOME	serum uric acid concentration	N
PubMed	29185253	Cost-effectiveness of sacubitril/valsartan in chronic heart-failure patients with reduced ejection fraction	Swiss medical weekly	2017	https://pubmed.ncbi.nlm.nih.gov/29185253/	TiAb	exclude	RANDOMISATION	incremental cost-effectiveness ratio	N
PubMed	29137346	Safety of the neprilysin/renin-angiotensin system inhibitor LCZ696	Oncotarget	2017	https://pubmed.ncbi.nlm.nih.gov/29137346/	TiAb	exclude	RANDOMISATION	narrative safety review	N
PubMed	29129252	Design for the sacubitril/valsartan (LCZ696) compared with enalapril study of pediatric patients with heart failure due to systemic left ventricle systolic dysfunction (PANORAMA-HF study)	American heart journal	2017	https://pubmed.ncbi.nlm.nih.gov/29129252/	TiAb	exclude	POPULATION	paediatric	N
PubMed	29042791	Profile of sacubitril/valsartan in the treatment of heart failure: patient selection and perspectives	Vascular health and risk management	2017	https://pubmed.ncbi.nlm.nih.gov/29042791/	TiAb	exclude	RANDOMISATION	narrative review	N
PubMed	28959905	Cost-effectiveness of sacubitril/valsartan versus enalapril in patients with heart failure and reduced ejection fraction	Journal of medical economics	2018	https://pubmed.ncbi.nlm.nih.gov/28959905/	TiAb	exclude	RANDOMISATION	incremental cost-effectiveness ratio	N
PubMed	28844335	Sacubitril/valsartan: An important piece in the therapeutic puzzle of heart failure	Revista portuguesa de cardiologia	2017	https://pubmed.ncbi.nlm.nih.gov/28844335/	TiAb	exclude	RANDOMISATION	narrative review	N
PubMed	28800834	Benefits and Harms of Sacubitril in Adults With Heart Failure and Reduced Left Ventricular Ejection Fraction	The American journal of cardiology	2017	https://pubmed.ncbi.nlm.nih.gov/28800834/	TiAb	exclude	RANDOMISATION	narrative/systematic review of benefits and harms	Y
PubMed	28793821	The Effects of LCZ696 in Patients With Hypertension Compared With Angiotensin Receptor Blockers: A Meta-Analysis of Randomized Controlled Trials	Journal of cardiovascular pharmacology and therapeutics	2017	https://pubmed.ncbi.nlm.nih.gov/28793821/	TiAb	exclude	POPULATION	hypertension, not heart failure	Y
PubMed	28784687	Health-Related Quality of Life Outcomes in PARADIGM-HF	Circulation. Heart failure	2017	https://pubmed.ncbi.nlm.nih.gov/28784687/	TiAb	exclude	OUTCOME	KCCQ quality-of-life scores	N
PubMed	28720639	Angioedema Spotlight: A Closer Examination of Sacubitril/Valsartan Safety Results	Journal of the American Board of Family Medicine	2017	https://pubmed.ncbi.nlm.nih.gov/28720639/	TiAb	exclude	RANDOMISATION	narrative safety commentary	N
PubMed	28577679	The effects of sacubitril/valsartan on coronary outcomes in PARADIGM-HF	American heart journal	2017	https://pubmed.ncbi.nlm.nih.gov/28577679/	TiAb	exclude	OUTCOME	coronary event outcomes, not the pre-specified composite	N
PubMed	28330649	Effect of sacubitril/valsartan versus enalapril on glycaemic control in patients with heart failure and diabetes: a post-hoc analysis from the PARADIGM-HF trial	The lancet. Diabetes and endocrinology	2017	https://pubmed.ncbi.nlm.nih.gov/28330649/	TiAb	exclude	OUTCOME	HbA1c and glycaemic measures	N
PubMed	28292483	An Economic Evaluation of Sacubitril/Valsartan for Heart Failure Patients in the Netherlands	Value in health	2017	https://pubmed.ncbi.nlm.nih.gov/28292483/	TiAb	exclude	RANDOMISATION	incremental cost-effectiveness ratio	N
PubMed	28285069	Sacubitril/Valsartan: The Newest Addition to the Toolbox for Guideline-Directed Medical Therapy of Heart Failure	The American journal of medicine	2017	https://pubmed.ncbi.nlm.nih.gov/28285069/	TiAb	exclude	RANDOMISATION	narrative review	N
PubMed	28281174	Potential Expanded Indications for Neprilysin Inhibitors	Current heart failure reports	2017	https://pubmed.ncbi.nlm.nih.gov/28281174/	TiAb	exclude	RANDOMISATION	narrative review	N
PubMed	28244205	What proportion of patients with chronic heart failure are eligible for sacubitril-valsartan?	European journal of heart failure	2017	https://pubmed.ncbi.nlm.nih.gov/28244205/	TiAb	exclude	RANDOMISATION	eligibility proportions	N
PubMed	28158398	Systolic blood pressure, cardiovascular outcomes and efficacy and safety of sacubitril/valsartan (LCZ696) in patients with chronic heart failure and reduced ejection fraction: results from PARADIGM-HF	European heart journal	2017	https://pubmed.ncbi.nlm.nih.gov/28158398/	TiAb	exclude	OUTCOME	blood-pressure subgroup estimates; secondary report of PARADIGM-HF	N
PubMed	28133468	Changing the treatment of heart failure with reduced ejection fraction: clinical use of sacubitril-valsartan combination	Journal of geriatric cardiology	2016	https://pubmed.ncbi.nlm.nih.gov/28133468/	TiAb	exclude	RANDOMISATION	narrative review	N
PubMed	28060547	The safety of sacubitril-valsartan for the treatment of chronic heart failure	Expert opinion on drug safety	2017	https://pubmed.ncbi.nlm.nih.gov/28060547/	TiAb	exclude	RANDOMISATION	narrative safety review	N
PubMed	28024961	Efficacy and safety of sacubitril/valsartan (LCZ696) in Japanese patients with chronic heart failure and reduced ejection fraction: Rationale for and design of the randomized, double-blind PARALLEL-HF study	Journal of cardiology	2017	https://pubmed.ncbi.nlm.nih.gov/28024961/	TiAb	exclude	OUTCOME	trial design description; no effect estimate	N
PubMed	28004291	Sacubitril/Valsartan (LCZ696) in Heart Failure	Handbook of experimental pharmacology	2017	https://pubmed.ncbi.nlm.nih.gov/28004291/	TiAb	exclude	RANDOMISATION	narrative review	N
PubMed	27908347	Prognostic Implications of Changes in N-Terminal Pro-B-Type Natriuretic Peptide in Patients With Heart Failure	Journal of the American College of Cardiology	2016	https://pubmed.ncbi.nlm.nih.gov/27908347/	TiAb	exclude	OUTCOME	prognostic association of NT-proBNP change	N
PubMed	27868321	Dementia-related adverse events in PARADIGM-HF and other trials in heart failure with reduced ejection fraction	European journal of heart failure	2017	https://pubmed.ncbi.nlm.nih.gov/27868321/	TiAb	exclude	OUTCOME	dementia-related adverse event rates	N
PubMed	27842179	Reduced Risk of Hyperkalemia During Treatment of Heart Failure With MRAs by Use of Sacubitril/Valsartan Compared With Enalapril: A Secondary Analysis of the PARADIGM-HF Trial	JAMA cardiology	2017	https://pubmed.ncbi.nlm.nih.gov/27842179/	TiAb	exclude	OUTCOME	hyperkalaemia event rates	N
PubMed	27747488	Angiotensin-Neprilysin Inhibition as a Paradigm for All?	Current cardiology reports	2016	https://pubmed.ncbi.nlm.nih.gov/27747488/	TiAb	exclude	RANDOMISATION	narrative review	N
PubMed	27618854	Effects of Sacubitril/Valsartan in the PARADIGM-HF Trial According to Background Therapy	Circulation. Heart failure	2016	https://pubmed.ncbi.nlm.nih.gov/27618854/	TiAb	exclude	OUTCOME	background-therapy subgroup estimates; secondary report of PARADIGM-HF	N
PubMed	27574931	Limitations of Sacubitril/Valsartan in the Management of Heart Failure	American journal of therapeutics	2017	https://pubmed.ncbi.nlm.nih.gov/27574931/	TiAb	exclude	RANDOMISATION	narrative commentary	N
PubMed	27573608	Practical considerations on the introduction of sacubitril/valsartan in clinical practice: Current evidence and early experience	International journal of cardiology	2016	https://pubmed.ncbi.nlm.nih.gov/27573608/	TiAb	exclude	RANDOMISATION	editorial	N
PubMed	27571284	Cost-Effectiveness of Sacubitril-Valsartan in Patients With Heart Failure With Reduced Ejection Fraction	Annals of internal medicine	2016	https://pubmed.ncbi.nlm.nih.gov/27571284/	TiAb	exclude	RANDOMISATION	incremental cost-effectiveness ratio	N
PubMed	27471351	Critical Questions about PARADIGM-HF and the Future	Acta Cardiologica Sinica	2016	https://pubmed.ncbi.nlm.nih.gov/27471351/	TiAb	exclude	RANDOMISATION	narrative review	N
PubMed	27438344	Cost-effectiveness Analysis of Sacubitril/Valsartan vs Enalapril in Patients With Heart Failure and Reduced Ejection Fraction	JAMA cardiology	2016	https://pubmed.ncbi.nlm.nih.gov/27438344/	TiAb	exclude	RANDOMISATION	incremental cost-effectiveness ratio	N
PubMed	27417000	Influence of Sacubitril/Valsartan (LCZ696) on 30-Day Readmission After Heart Failure Hospitalization	Journal of the American College of Cardiology	2016	https://pubmed.ncbi.nlm.nih.gov/27417000/	TiAb	exclude	OUTCOME	30-day readmission rate	N
PubMed	27395349	Efficacy of Sacubitril/Valsartan Relative to a Prior Decompensation: The PARADIGM-HF Trial	JACC. Heart failure	2016	https://pubmed.ncbi.nlm.nih.gov/27395349/	TiAb	exclude	OUTCOME	subgroup estimates by prior decompensation; secondary report of PARADIGM-HF	N
PubMed	27324636	Role of Angiotensin Receptor-Neprilysin Inhibition in Heart Failure	Current atherosclerosis reports	2016	https://pubmed.ncbi.nlm.nih.gov/27324636/	TiAb	exclude	RANDOMISATION	narrative review	N
PubMed	27296397	Factors Associated With Noncompletion During the Run-In Period Before Randomization and Influence on the Estimated Benefit of LCZ696 in the PARADIGM-HF Trial	Circulation. Heart failure	2016	https://pubmed.ncbi.nlm.nih.gov/27296397/	TiAb	exclude	OUTCOME	run-in noncompletion proportions and their influence	N
PubMed	27283779	Efficacy of sacubitril/valsartan vs enalapril at lower than target doses in heart failure with reduced ejection fraction: the PARADIGM-HF trial	European journal of heart failure	2016	https://pubmed.ncbi.nlm.nih.gov/27283779/	TiAb	exclude	OUTCOME	achieved-dose subgroup estimates; secondary report of PARADIGM-HF	N
PubMed	27274196	Spotlight on valsartan-sacubitril fixed-dose combination for heart failure: the evidence to date	Drug design, development and therapy	2016	https://pubmed.ncbi.nlm.nih.gov/27274196/	TiAb	exclude	RANDOMISATION	narrative review	N
PubMed	27207980	The neprilysin pathway in heart failure: a review and guide on the use of sacubitril/valsartan	Heart	2016	https://pubmed.ncbi.nlm.nih.gov/27207980/	TiAb	exclude	RANDOMISATION	narrative review	N
PubMed	27170530	Initiating sacubitril/valsartan (LCZ696) in heart failure: results of TITRATION, a double-blind, randomized comparison of two uptitration regimens	European journal of heart failure	2016	https://pubmed.ncbi.nlm.nih.gov/27170530/	TiAb	exclude	COMPARATOR	comparator is a second uptitration regimen, not enalapril	N
PubMed	27143684	Importance of Clinical Worsening of Heart Failure Treated in the Outpatient Setting: Evidence From PARADIGM-HF	Circulation	2016	https://pubmed.ncbi.nlm.nih.gov/27143684/	TiAb	exclude	OUTCOME	outpatient worsening event rates	N
PubMed	27092662	Combined Neprilysin and RAS Inhibition in Cardiovascular Diseases: A Review of Clinical Studies	Journal of cardiovascular pharmacology	2016	https://pubmed.ncbi.nlm.nih.gov/27092662/	TiAb	exclude	RANDOMISATION	narrative review	N
PubMed	27038730	The PARADIGM of ARNIs: Assessing reasons for non-implementation in heart failure	International journal of cardiology	2016	https://pubmed.ncbi.nlm.nih.gov/27038730/	TiAb	exclude	RANDOMISATION	editorial	N
PubMed	29144684	Sacubitril / Valsartan -- Benefit Assessment According to Social Code Book V section 35a (IQWiG report; esummary title and journal fields were empty, resolved by efetch)	IQWiG Reports (non-journal)	2016	https://pubmed.ncbi.nlm.nih.gov/29144684/	TiAb	exclude	RANDOMISATION	health-technology-assessment benefit rating	Y
PubMed	26976916	Combined Angiotensin Receptor Antagonism and Neprilysin Inhibition	Circulation	2016	https://pubmed.ncbi.nlm.nih.gov/26976916/	TiAb	exclude	RANDOMISATION	narrative review	N
PubMed	26915374	Influence of Ejection Fraction on Outcomes and Efficacy of Sacubitril/Valsartan (LCZ696) in Heart Failure with Reduced Ejection Fraction: PARADIGM-HF	Circulation. Heart failure	2016	https://pubmed.ncbi.nlm.nih.gov/26915374/	TiAb	exclude	OUTCOME	ejection-fraction subgroup estimates; secondary report of PARADIGM-HF	N
PubMed	26873495	Sacubitril/Valsartan: A Review in Chronic Heart Failure with Reduced Ejection Fraction	Drugs	2016	https://pubmed.ncbi.nlm.nih.gov/26873495/	TiAb	exclude	RANDOMISATION	narrative review	N
PubMed	26873036	Combining angiotensin II receptor 1 antagonism and neprilysin inhibition for the treatment of heart failure	Expert review of clinical pharmacology	2016	https://pubmed.ncbi.nlm.nih.gov/26873036/	TiAb	exclude	RANDOMISATION	narrative review	N
PubMed	26754626	Risk Related to Pre-Diabetes Mellitus and Diabetes Mellitus in Heart Failure With Reduced Ejection Fraction: Insights From PARADIGM-HF	Circulation. Heart failure	2016	https://pubmed.ncbi.nlm.nih.gov/26754626/	TiAb	exclude	OUTCOME	diabetes-status subgroup estimates; secondary report of PARADIGM-HF	N
PubMed	26746371	Influenza Vaccination in Patients With Chronic Heart Failure: The PARADIGM-HF Trial	JACC. Heart failure	2016	https://pubmed.ncbi.nlm.nih.gov/26746371/	TiAb	exclude	OUTCOME	vaccination uptake and associated event rates	N
PubMed	26626162	A Review of New Pharmacologic Treatments for Patients With Chronic Heart Failure With Reduced Ejection Fraction	Journal of clinical pharmacology	2016	https://pubmed.ncbi.nlm.nih.gov/26626162/	TiAb	exclude	RANDOMISATION	narrative review	N
PubMed	26541915	Comparing LCZ696 with enalapril according to baseline risk using the MAGGIC and EMPHASIS-HF risk scores: an analysis of mortality and morbidity in PARADIGM-HF	Journal of the American College of Cardiology	2015	https://pubmed.ncbi.nlm.nih.gov/26541915/	TiAb	exclude	OUTCOME	risk-score subgroup estimates; secondary report of PARADIGM-HF	N
PubMed	26469827	A new class of drugs for systolic heart failure: The PARADIGM-HF study	Cleveland Clinic journal of medicine	2015	https://pubmed.ncbi.nlm.nih.gov/26469827/	TiAb	exclude	RANDOMISATION	narrative review	N
PubMed	26386501	Combined angiotensin receptor/neprilysin inhibitors: a review of the new paradigm in the management of chronic heart failure	Clinical therapeutics	2015	https://pubmed.ncbi.nlm.nih.gov/26386501/	TiAb	exclude	RANDOMISATION	narrative review	N
PubMed	26231885	Efficacy and safety of LCZ696 (sacubitril-valsartan) according to age: insights from PARADIGM-HF	European heart journal	2015	https://pubmed.ncbi.nlm.nih.gov/26231885/	TiAb	exclude	OUTCOME	age subgroup estimates; secondary report of PARADIGM-HF	N
PubMed	26209000	Angiotensin receptor neprilysin inhibition in heart failure: mechanistic action and clinical impact	Journal of cardiac failure	2015	https://pubmed.ncbi.nlm.nih.gov/26209000/	TiAb	exclude	RANDOMISATION	narrative review	N
PubMed	26175499	Dual Angiotensin Receptor and Neprilysin Inhibition with Sacubitril/Valsartan in Chronic Systolic Heart Failure: Understanding the New PARADIGM	The Annals of pharmacotherapy	2015	https://pubmed.ncbi.nlm.nih.gov/26175499/	TiAb	exclude	RANDOMISATION	narrative review	N
PubMed	26049379	Chronic heart failure: what does the horizon look like?	Current opinion in cardiology	2015	https://pubmed.ncbi.nlm.nih.gov/26049379/	TiAb	exclude	RANDOMISATION	narrative review	N
PubMed	26022006	Effect of the angiotensin-receptor-neprilysin inhibitor LCZ696 compared with enalapril on mode of death in heart failure patients	European heart journal	2015	https://pubmed.ncbi.nlm.nih.gov/26022006/	TiAb	exclude	OUTCOME	mode-of-death specific hazard ratios, not the pre-specified composite	N
PubMed	25864789	LCZ696 (angiotensin-neprilysin inhibition): the new kid on the heart failure block?	Journal of pharmacy practice	2015	https://pubmed.ncbi.nlm.nih.gov/25864789/	TiAb	exclude	RANDOMISATION	narrative review	N
PubMed	25849438	Drug therapy for patients with systolic heart failure after the PARADIGM-HF trial: in need of a new paradigm of LCZ696 implementation in clinical practice	BMC medicine	2015	https://pubmed.ncbi.nlm.nih.gov/25849438/	TiAb	exclude	RANDOMISATION	commentary	N
PubMed	25833460	LCZ696: the next step in improving RAS inhibition?	Current hypertension reports	2015	https://pubmed.ncbi.nlm.nih.gov/25833460/	TiAb	exclude	RANDOMISATION	narrative review	N
PubMed	25813256	The new drug is much more effective than ACE inhibitors in chronic heart failure (Czech)	Vnitrni lekarstvi	2015	https://pubmed.ncbi.nlm.nih.gov/25813256/	TiAb	exclude	RANDOMISATION	narrative review	N
PubMed	25766951	The path to an angiotensin receptor antagonist-neprilysin inhibitor in the treatment of heart failure	Journal of the American College of Cardiology	2015	https://pubmed.ncbi.nlm.nih.gov/25766951/	TiAb	exclude	RANDOMISATION	historical article	N
PubMed	25756942	Neprilysin inhibition to treat heart failure: a tale of science, serendipity, and second chances	European journal of heart failure	2015	https://pubmed.ncbi.nlm.nih.gov/25756942/	TiAb	exclude	RANDOMISATION	narrative review	N
PubMed	25597387	LCZ696: a new paradigm for the treatment of heart failure?	Expert opinion on pharmacotherapy	2015	https://pubmed.ncbi.nlm.nih.gov/25597387/	TiAb	exclude	RANDOMISATION	narrative review	N
PubMed	28834633	Clinical trials update from the European Society of Cardiology meeting 2014: PARADIGM-HF, CONFIRM-HF, SIGNIFY, atrial fibrillation, beta-blockers and heart failure, and vagal stimulation in heart failure	ESC heart failure	2014	https://pubmed.ncbi.nlm.nih.gov/28834633/	TiAb	exclude	RANDOMISATION	conference trials update	N
PubMed	25416329	A putative placebo analysis of the effects of LCZ696 on clinical outcomes in heart failure	European heart journal	2015	https://pubmed.ncbi.nlm.nih.gov/25416329/	TiAb	exclude	OUTCOME	indirectly derived effect versus a putative placebo, not the head-to-head estimand	N
PubMed	25403646	Angiotensin receptor neprilysin inhibition compared with enalapril on the risk of clinical progression in surviving patients with heart failure	Circulation	2015	https://pubmed.ncbi.nlm.nih.gov/25403646/	TiAb	exclude	OUTCOME	clinical progression measures in survivors, not the pre-specified composite	N
PubMed	25306450	Combined neprilysin and renin-angiotensin system inhibition for the treatment of heart failure	JACC. Heart failure	2014	https://pubmed.ncbi.nlm.nih.gov/25306450/	TiAb	exclude	RANDOMISATION	narrative review	N
PubMed	25176015	Angiotensin-neprilysin inhibition versus enalapril in heart failure (PARADIGM-HF)	The New England journal of medicine	2014	https://pubmed.ncbi.nlm.nih.gov/25176015/	FullText	INCLUDE	-	MEETS ALL FOUR. Double-blind randomised; 8442 adults NYHA II-IV LVEF<=40%; LCZ696 200 mg bid vs enalapril 10 mg bid; composite of CV death or first HF hospitalisation as HAZARD RATIO 0.80 (95% CI 0.73-0.87), P<0.001; 914/4187 vs 1117/4212; median follow-up 27 months.	N
PubMed	24828035	Baseline characteristics and treatment of patients in PARADIGM-HF	European journal of heart failure	2014	https://pubmed.ncbi.nlm.nih.gov/24828035/	TiAb	exclude	OUTCOME	baseline characteristics only; no effect estimate	N
PubMed	23663006	The potential role of valsartan + AHU377 (LCZ696) in the treatment of heart failure	Expert opinion on investigational drugs	2013	https://pubmed.ncbi.nlm.nih.gov/23663006/	TiAb	exclude	RANDOMISATION	narrative review	N
PubMed	23563576	Dual angiotensin receptor and neprilysin inhibition as an alternative to ACE inhibition in patients with chronic systolic heart failure: rationale for and design of PARADIGM-HF	European journal of heart failure	2013	https://pubmed.ncbi.nlm.nih.gov/23563576/	TiAb	exclude	OUTCOME	trial design description; no effect estimate	N
CTGov	NCT03168568	Differential Vascular and Endocrine Effects of Valsartan/Sacubitril in Heart Failure With Reduced Ejection Fraction (VASCEND)	COMPLETED	2017-05-04	https://clinicaltrials.gov/study/NCT03168568	TiAb	exclude	COMPARATOR	comparator arms are valsartan and placebo	N
CTGov	NCT04688294	The Bio-Clinical Effects of the Sacubitril-Valsartan Combination on Patients With Chronic Heart Failure	COMPLETED	2020-01-01	https://clinicaltrials.gov/study/NCT04688294	TiAb	exclude	COMPARATOR	comparator is valsartan	N
CTGov	NCT00913653	Safety/Tolerability, Pharmacokinetics/Pharmacodynamics of LCZ696 in Patients With Stable Heart Failure	COMPLETED	2009-05	https://clinicaltrials.gov/study/NCT00913653	TiAb	exclude	COMPARATOR	single-arm; reports pharmacokinetic and pharmacodynamic parameters	N
CTGov	NCT03909295	Open-label Extension Evaluating Safety and Tolerability of LCZ696 in Subjects Who Completed PARAGON-HF in Japan	TERMINATED	2019-05-07	https://clinicaltrials.gov/study/NCT03909295	TiAb	exclude	POPULATION	heart failure with preserved ejection fraction	N
CTGov	NCT03917459	COmparing arNi and Ace For Improving Erectile Dysfunction in mEN With reduCed Ejection Fraction Heart Failure	COMPLETED	2019-04-16	https://clinicaltrials.gov/study/NCT03917459	TiAb	exclude	OUTCOME	erectile function score	N
CTGov	NCT03190304	The Effect of Neprilysin (LCZ696) on Exercise Tolerance in Patients With Heart Failure	COMPLETED	2017-06-14	https://clinicaltrials.gov/study/NCT03190304	TiAb	exclude	OUTCOME	exercise tolerance and vasodilation measures	N
CTGov	NCT01353508	Sodium Excretion of LCZ696 in Patients With Hypertension, Heart Failure and Healthy Volunteers	COMPLETED	2011-03	https://clinicaltrials.gov/study/NCT01353508	TiAb	exclude	POPULATION	hypertension and healthy volunteers	N
CTGov	NCT04397302	Role of Sacubitril/Valsartan in the Improvement of Heart Failure With Reduced Ejection Fraction	COMPLETED	2019-01-13	https://clinicaltrials.gov/study/NCT04397302	TiAb	exclude	OUTCOME	haemodynamic and echocardiographic improvement	N
CTGov	NCT01920711	Efficacy and Safety of LCZ696 Compared to Valsartan on Morbidity and Mortality in Heart Failure Patients With Preserved Ejection Fraction (PARAGON-HF)	COMPLETED	2014-07-18	https://clinicaltrials.gov/study/NCT01920711	TiAb	exclude	COMPARATOR	comparator is valsartan; population HFpEF	N
CTGov	NCT07376265	A Real-world Study to Compare the Effectiveness of Sacubitril/Valsartan Versus ACEi/ARB in HFrEF Patients	COMPLETED	2023-10-20	https://clinicaltrials.gov/study/NCT07376265	TiAb	exclude	RANDOMISATION	real-world non-randomised effectiveness estimates	N
CTGov	NCT04781881	Special Drug Use Surveillance for Entresto Tablets	COMPLETED	2021-03-04	https://clinicaltrials.gov/study/NCT04781881	TiAb	exclude	RANDOMISATION	post-marketing surveillance statistics	N
CTGov	NCT07379788	ARNI Combined With SGLT2 Inhibitors on Functional Mitral Regurgitation Remodeling	COMPLETED	2025-01-01	https://clinicaltrials.gov/study/NCT07379788	TiAb	exclude	COMPARATOR	comparator is empagliflozin combination; no enalapril arm	N
CTGov	NCT02900378	randOmized stUdy Using acceleromeTry to Compare Sacubitril/valsarTan and Enalapril in Patients With Heart Failure (OUTSTEP-HF)	COMPLETED	2016-12-20	https://clinicaltrials.gov/study/NCT02900378	TiAb	exclude	OUTCOME	accelerometer-measured daily physical activity	N
CTGov	NCT05164653	Program of Angiotensin-Neprilysin Inhibition in Admitted Patients With Worsening Heart Failure (PREMIER)	ACTIVE_NOT_RECRUITING	2021-12-27	https://clinicaltrials.gov/study/NCT05164653	TiAb	exclude	COMPARATOR	comparator is standard treatment	N
CTGov	NCT05448872	Real World Experience in HFrEF Patients Treated With Sacubitril/Valsartan	COMPLETED	2020-11-23	https://clinicaltrials.gov/study/NCT05448872	TiAb	exclude	RANDOMISATION	observational descriptive statistics	N
CTGov	NCT02916160	Sacubitril-valsartan and Heart Failure Patients: the ENTRESTO-SAS Study	COMPLETED	2016-09-22	https://clinicaltrials.gov/study/NCT02916160	TiAb	exclude	OUTCOME	apnoea-hypopnoea index	N
CTGov	NCT04113109	Mechanisms Underlying Hypotensive Response to ARB/NEP Inhibition - Aim 2	COMPLETED	2019-11-01	https://clinicaltrials.gov/study/NCT04113109	TiAb	exclude	OUTCOME	mechanistic haemodynamic and renal clearance measures	N
CTGov	NCT03830814	The Effects of Sacubitril/Valsartan on the Heart Functions	COMPLETED	2017-01-01	https://clinicaltrials.gov/study/NCT03830814	TiAb	exclude	OUTCOME	echocardiographic function measures	N
CTGov	NCT04498780	Hemodynamic Effects of ARNI on Noninvasive Pressure-volume Analysis in Patients With Chronic Heart Failure	COMPLETED	2020-07-21	https://clinicaltrials.gov/study/NCT04498780	TiAb	exclude	OUTCOME	pressure-volume loop derived measures	N
CTGov	NCT03928158	LCZ696 in Advanced LV Hypertrophy and HFpEF	COMPLETED	2019-05-31	https://clinicaltrials.gov/study/NCT03928158	TiAb	exclude	POPULATION	HFpEF with advanced left ventricular hypertrophy	N
CTGov	NCT07417215	The Effect of Sacubitril and Valsartan on Heart Function in Chronic Hemodialysis Patients With HFpEF	COMPLETED	2026-01-30	https://clinicaltrials.gov/study/NCT07417215	TiAb	exclude	POPULATION	HFpEF on chronic haemodialysis	N
CTGov	NCT04753112	Treatment of PH With ARB and Neprilysin Inhibitor in HFpEF Patients With CardioMEMS Device	COMPLETED	2020-10-29	https://clinicaltrials.gov/study/NCT04753112	TiAb	exclude	POPULATION	HFpEF with pulmonary hypertension	N
CTGov	NCT03300427	The Effects of Sacubitril/Valsartan on Cardiac Oxygen Consumption and Efficiency of Cardiac Work in Heart Failure Patients	COMPLETED	2018-07-05	https://clinicaltrials.gov/study/NCT03300427	TiAb	exclude	OUTCOME	myocardial oxygen consumption and work efficiency	N
CTGov	NCT04575675	Dapagliflozin on Hypotensive Heart Failure Patients After Sacubitril/Valsartan Therapy	COMPLETED	2020-05-29	https://clinicaltrials.gov/study/NCT04575675	TiAb	exclude	INTERVENTION	intervention is dapagliflozin	N
CTGov	NCT06237309	REGN5381 in Adult Participants With Heart Failure With Reduced Ejection Fraction	TERMINATED	2024-04-11	https://clinicaltrials.gov/study/NCT06237309	TiAb	exclude	INTERVENTION	intervention is REGN5381	N
CTGov	NCT05353166	REGN5381 in Heart Failure Adult Participants With Elevated Pulmonary Capillary Wedge Pressure	COMPLETED	2022-06-30	https://clinicaltrials.gov/study/NCT05353166	TiAb	exclude	INTERVENTION	intervention is REGN5381	N
CTGov	NCT06142383	A Proof of Concept and Dose-finding Study of XXB750 in Patients With Heart Failure	TERMINATED	2023-12-12	https://clinicaltrials.gov/study/NCT06142383	TiAb	exclude	INTERVENTION	intervention is XXB750; sacubitril/valsartan is an active reference arm	N
CTGov	NCT02678312	Study to Evaluate LCZ696 Compared With Enalapril in Pediatric Patients With Heart Failure (PANORAMA-HF)	COMPLETED	2016-11-03	https://clinicaltrials.gov/study/NCT02678312	TiAb	exclude	POPULATION	children 1 month to <18 years	N
CTGov	NCT02970669	Study on the Effects of Sacubitril/Valsartan on Physical Activity and Sleep in HFrEF Patients (AWAKE-HF)	COMPLETED	2016-12-16	https://clinicaltrials.gov/study/NCT02970669	TiAb	exclude	OUTCOME	accelerometer-measured activity and sleep	N
CTGov	NCT03387163	Patient Reported Outcomes inVestigation Following Initiation of Drug Therapy With Entresto in Heart Failure	COMPLETED	2018-02-09	https://clinicaltrials.gov/study/NCT03387163	TiAb	exclude	RANDOMISATION	patient-reported outcome change without randomised comparison	N
CTGov	NCT06922253	Bioequivalence Study to Compare Sacubitril and Valsartan Tablets Versus Entresto Tablets	COMPLETED	2024-12-28	https://clinicaltrials.gov/study/NCT06922253	TiAb	exclude	OUTCOME	pharmacokinetic bioequivalence parameters	N
CTGov	NCT02887183	Effects of Sacubitril/Valsartan Therapy on Biomarkers, Myocardial Remodeling and Outcomes (PROVE-HF)	COMPLETED	2016-10-25	https://clinicaltrials.gov/study/NCT02887183	TiAb	exclude	COMPARATOR	single-arm; no enalapril comparator	N
CTGov	NCT05963282	Comparative Effectiveness of Entresto Versus ACEi/ARB in de Novo Heart Failure Patients	COMPLETED	2021-11-29	https://clinicaltrials.gov/study/NCT05963282	TiAb	exclude	RANDOMISATION	non-randomised comparative effectiveness estimates	N
CTGov	NCT02554890	Comparison of Sacubitril/Valsartan Versus Enalapril on Effect on NT-proBNP in Patients Stabilized From an Acute Heart Failure Episode (PIONEER-HF)	COMPLETED	2016-04-29	https://clinicaltrials.gov/study/NCT02554890	TiAb	exclude	OUTCOME	time-averaged proportional change in NT-proBNP	N
CTGov	NCT03717688	The Effects of Neprilysin on Glucagon-like Peptide-1	COMPLETED	2018-05-17	https://clinicaltrials.gov/study/NCT03717688	TiAb	exclude	OUTCOME	GLP-1 concentration	N
CTGov	NCT04735354	Sacubitril/Valsartan in HFrEF Patients: a Real World Study in India	COMPLETED	2020-10-27	https://clinicaltrials.gov/study/NCT04735354	TiAb	exclude	RANDOMISATION	observational descriptive statistics	N
CTGov	NCT07023016	Comparative Assessment of Sacubitril/Valsartan Versus Ramipril in Patients With Renal Dysfunction Hospitalized With Acute Decompensated Heart Failure	COMPLETED	2023-11-01	https://clinicaltrials.gov/study/NCT07023016	TiAb	exclude	COMPARATOR	comparator is ramipril	N
CTGov	NCT02690974	Description of Tolerability of LCZ696 in HFrEF Treated in Real Life Setting	COMPLETED	2016-03-08	https://clinicaltrials.gov/study/NCT02690974	TiAb	exclude	RANDOMISATION	observational tolerability proportions	N
CTGov	NCT04649229	Mechanisms Underlying Hypotensive Response to ARB/NEP Inhibition - Aim 3	COMPLETED	2021-05-27	https://clinicaltrials.gov/study/NCT04649229	TiAb	exclude	OUTCOME	mechanistic haemodynamic and renal clearance measures	N
CTGov	NCT02884206	Efficacy and Safety of LCZ696 Compared to Valsartan on Cognitive Function in Chronic Heart Failure and Preserved Ejection Fraction (PERSPECTIVE)	COMPLETED	2016-11-23	https://clinicaltrials.gov/study/NCT02884206	TiAb	exclude	COMPARATOR	comparator is valsartan; population HFpEF	N
CTGov	NCT04153136	The ENCHANTMENT HIV Study	COMPLETED	2020-09-11	https://clinicaltrials.gov/study/NCT04153136	TiAb	exclude	POPULATION	HIV with HFpEF	N
CTGov	NCT05243199	Sacubitril/Valsartan for CKD5 Stage Dialysis Patients	COMPLETED	2020-08-01	https://clinicaltrials.gov/study/NCT05243199	TiAb	exclude	POPULATION	CKD stage 5 on dialysis; comparator irbesartan	N
CTGov	NCT02787798	Evaluation of the Entresto Effect on Sympathetic Nervous System in Patients With Heart Failure	TERMINATED	2016-10	https://clinicaltrials.gov/study/NCT02787798	TiAb	exclude	OUTCOME	microneurography-derived sympathetic activity	N
CTGov	NCT05096039	Role of Sacubitril/Valsartan in Improving Provider Performance in Managing Heart Failure Under Medicare Alternative Payment Models	COMPLETED	2020-04-10	https://clinicaltrials.gov/study/NCT05096039	TiAb	exclude	RANDOMISATION	claims-based provider performance metrics	N
CTGov	NCT05613140	Sacubitril/Valsartan Treated Adult Patients With Chronic Heart Failure	COMPLETED	2021-08-02	https://clinicaltrials.gov/study/NCT05613140	TiAb	exclude	RANDOMISATION	observational descriptive statistics	N
CTGov	NCT01922089	Safety and Tolerability of Initiating LCZ696 in Heart Failure Patients (TITRATION)	COMPLETED	2013-11	https://clinicaltrials.gov/study/NCT01922089	TiAb	exclude	COMPARATOR	comparator is a second uptitration regimen, not enalapril	N
CTGov	NCT03066804	A Randomized, Double-blind Controlled Study Comparing LCZ696 to Medical Therapy for Comorbidities in HFpEF Patients (PARALLAX)	COMPLETED	2017-08-22	https://clinicaltrials.gov/study/NCT03066804	TiAb	exclude	COMPARATOR	comparator is individualised medical therapy; population HFpEF	N
CTGov	NCT02788656	Pulmonary Artery Pressure Reduction With ENTresto	TERMINATED	2016-09	https://clinicaltrials.gov/study/NCT02788656	TiAb	exclude	OUTCOME	implantable-monitor pulmonary artery pressure	N
CTGov	NCT02468232	Study of Efficacy and Safety of LCZ696 in Japanese Patients With Chronic Heart Failure and Reduced Ejection Fraction (PARALLEL-HF)	COMPLETED	2015-06-15	https://clinicaltrials.gov/study/NCT02468232	FullText	INCLUDE	-	Registry record for the trial included via PMID 33731544. Composite of CV death or HF hospitalisation reported as HAZARD RATIO 1.09 (0.65-1.82). NOTE: the registry primary-outcome-measure field was NOT read - that lookup was blocked by HTTP 429.	N
CTGov	NCT02754518	Demonstration of Reverse Remodeling Effects of Entresto Using Echocardiography Endocardial Surface Analysis	COMPLETED	2016-04	https://clinicaltrials.gov/study/NCT02754518	TiAb	exclude	COMPARATOR	single-arm; reports echocardiographic remodelling	N
CTGov	NCT05096143	A Cohort Study to Compare the Hospitalization Between Naive Sacubitril/Valsartan and Naive ACEi/ARBs HFrEF Patients Using US Electronic Health Records	COMPLETED	2020-06-03	https://clinicaltrials.gov/study/NCT05096143	TiAb	exclude	RANDOMISATION	non-randomised cohort hospitalisation estimates	N
CTGov	NCT02874794	Study of Effects of Sacubitril/Valsartan vs Enalapril on Aortic Stiffness in Patients With Mild to Moderate HF With Reduced Ejection Fraction (EVALUATE-HF)	COMPLETED	2016-08-17	https://clinicaltrials.gov/study/NCT02874794	TiAb	exclude	OUTCOME	change in aortic characteristic impedance	N
CTGov	NCT05021419	Efficacy of a Streamlined Heart Failure Optimization Protocol	COMPLETED	2022-07-17	https://clinicaltrials.gov/study/NCT05021419	TiAb	exclude	INTERVENTION	intervention is a care-delivery protocol	N
CTGov	NCT05387967	Safety and Tolerability of Sacubitril/Valsartan in Heart Failure Patient With Reduced Ejection Fraction	COMPLETED	2021-01-01	https://clinicaltrials.gov/study/NCT05387967	TiAb	exclude	RANDOMISATION	single-arm tolerability proportions	N
CTGov	NCT04023227	Efficacy and Safety of Sacubitril/Valsartan Compared With Enalapril on Morbidity, Mortality, and NT-proBNP Change in Patients With CCC (PARACHUTE-HF)	COMPLETED	2019-12-10	https://clinicaltrials.gov/study/NCT04023227	FullText	exclude	OUTCOME	WIN RATIO 1.52 (1.28-1.82) over a hierarchical composite. Registry record for the trial reported in PMID 41335448.	N
CTGov	NCT05989503	Initiation of ARNi and SGLT2i in Patients With HFrEF	COMPLETED	2023-08-04	https://clinicaltrials.gov/study/NCT05989503	TiAb	exclude	COMPARATOR	comparator is an SGLT2 inhibitor sequencing strategy	N
CTGov	NCT02661217	Comparison of Pre- and Post-discharge Initiation of LCZ696 Therapy in HFrEF Patients After an Acute Decompensation Event (TRANSITION)	COMPLETED	2016-02-12	https://clinicaltrials.gov/study/NCT02661217	TiAb	exclude	COMPARATOR	comparator is a different initiation timing, not enalapril	N
CTGov	NCT05991284	Sacubitril-Valsartan in Heart Failure With Preserved Ejection Fraction and Secondary Mitral Valve Regurgitation	COMPLETED	2024-02-29	https://clinicaltrials.gov/study/NCT05991284	TiAb	exclude	POPULATION	HFpEF	N
CTGov	NCT04736433	Replication of the PARADIGM-HF Heart Failure Trial in Healthcare Claims Data	COMPLETED	2020-09-22	https://clinicaltrials.gov/study/NCT04736433	TiAb	exclude	RANDOMISATION	claims-based emulation estimates, not a randomised trial	N
CTGov	NCT03988634	Changes in NT-proBNP, Safety, and Tolerability in HFpEF Patients With a Worsening HF Event (PARAGLIDE-HF)	COMPLETED	2019-06-29	https://clinicaltrials.gov/study/NCT03988634	TiAb	exclude	COMPARATOR	comparator is valsartan; population HFpEF	N
CTGov	NCT06697353	Observational Study of Real-world Outcomes in Patients With Heart Failure Who Initiate Vericiguat in Japan	COMPLETED	2024-11-01	https://clinicaltrials.gov/study/NCT06697353	TiAb	exclude	INTERVENTION	intervention is vericiguat	N
CTGov	NCT07341893	Sacubitril-valsartan in Patients With Heart Failure	COMPLETED	2025-08-01	https://clinicaltrials.gov/study/NCT07341893	TiAb	exclude	COMPARATOR	comparator is standard treatment of heart failure	N
CTGov	NCT05117736	ARNI Versus plAcebo in Patients With Congenital sYStemic Right Ventricle Heart Failure	TERMINATED	2022-03-15	https://clinicaltrials.gov/study/NCT05117736	TiAb	exclude	POPULATION	congenital systemic right ventricle	N
CTGov	NCT05348226	The ENVI Study: Effect of Entresto on Left Ventricular Remodelling on Cardiac MRI	COMPLETED	2021-06-09	https://clinicaltrials.gov/study/NCT05348226	TiAb	exclude	OUTCOME	cardiac MRI remodelling measures	N
CTGov	NCT02226120	Safety and Tolerability During Open-label Treatment With LCZ696 in Patients With CHF and Reduced Ejection Fraction	COMPLETED	2014-10-16	https://clinicaltrials.gov/study/NCT02226120	TiAb	exclude	COMPARATOR	open-label single-arm; reports tolerability proportions	N
CTGov	NCT07527767	Secondary Use of PARALLEL-HF Data	COMPLETED	2022-07-27	https://clinicaltrials.gov/study/NCT07527767	TiAb	exclude	OUTCOME	secondary data-use record for an included trial; no independent effect estimate	N
CTGov	NCT02816736	Entresto (LCZ696) In Advanced Heart Failure (LIFE Study)	COMPLETED	2017-03-02	https://clinicaltrials.gov/study/NCT02816736	TiAb	exclude	COMPARATOR	comparator is valsartan	N
CTGov	NCT06149104	A Safety Study of Sacubitril/Valsartan in Japanese Pediatric Patients With Heart Failure	COMPLETED	2023-12-04	https://clinicaltrials.gov/study/NCT06149104	TiAb	exclude	POPULATION	paediatric	N
CTGov	NCT04218435	Impact of Sacubitril/Valsartan on Quality of Life and Mortality of CKD vs Non-CKD in Heart Failure Patients	COMPLETED	2019-01-01	https://clinicaltrials.gov/study/NCT04218435	TiAb	exclude	RANDOMISATION	observational comparison by CKD status	N
CTGov	NCT01035255	This Study Will Evaluate the Efficacy and Safety of LCZ696 Compared to Enalapril on Morbidity and Mortality of Patients With Chronic Heart Failure (PARADIGM-HF)	TERMINATED	2009-12	https://clinicaltrials.gov/study/NCT01035255	FullText	INCLUDE	-	Registry record for the trial included via PMID 25176015. Composite of CV death or first HF hospitalisation as HAZARD RATIO 0.80 (0.73-0.87). Registry status TERMINATED reflects the pre-specified early stop for overwhelming benefit. NOTE: the registry primary-outcome-measure field was NOT read - that lookup was blocked by HTTP 429.	N
CTGov	NCT02924727	Prospective ARNI vs ACE Inhibitor Trial to DetermIne Superiority in Reducing Heart Failure Events After MI (PARADISE-MI)	COMPLETED	2016-12-09	https://clinicaltrials.gov/study/NCT02924727	TiAb	exclude	COMPARATOR	comparator is ramipril; population acute myocardial infarction	N
CTGov	NCT04434170	Effects of Sacubitril/Valsartan on Exercise Capacity, Natriuretic Peptides and Ventricular Remodeling in Heart Failure	COMPLETED	2018-10-15	https://clinicaltrials.gov/study/NCT04434170	TiAb	exclude	OUTCOME	exercise capacity, natriuretic peptides, remodelling	N
CTGov	NCT04587947	Influence of Sacubitril/Valsartan on Autonomic Cardiac Nervous System in Heart Failure Patients	COMPLETED	2020-04-01	https://clinicaltrials.gov/study/NCT04587947	TiAb	exclude	OUTCOME	autonomic function measures	N
CTGov	NCT02957409	PAtient RegisTry Assessing Effectiveness and Safety of Heart Failure treatmeNt With LCZ696 acrOss CaNada	COMPLETED	2016-05-20	https://clinicaltrials.gov/study/NCT02957409	TiAb	exclude	RANDOMISATION	registry descriptive statistics	N
CTGov	NCT03760588	Prevention of Cardiac Dysfunction During Breast Cancer Therapy	COMPLETED	2019-01-31	https://clinicaltrials.gov/study/NCT03760588	TiAb	exclude	POPULATION	breast cancer therapy cardioprotection	N
CTGov	NCT07088471	Cardiac Left Atrial Evaluation and Response in HFrEF With Sacubitril/Valsartan	COMPLETED	2024-11-01	https://clinicaltrials.gov/study/NCT07088471	TiAb	exclude	OUTCOME	left atrial echocardiographic measures	N
CTGov	NCT05848206	Impact of Formulary Coverage of Entresto on Prescription Abandonment/Rejection and Subsequent Treatment and Economic Outcomes	COMPLETED	2022-03-11	https://clinicaltrials.gov/study/NCT05848206	TiAb	exclude	RANDOMISATION	claims-based abandonment and cost outcomes	N
CTGov	NCT06090487	Is Sacubitril-valsartan Superior to Dapagliflozin in Improving Myocardial Function Performance	COMPLETED	2024-02-01	https://clinicaltrials.gov/study/NCT06090487	TiAb	exclude	COMPARATOR	comparator is dapagliflozin	N
CTGov	NCT05637853	Telemonitored Fast Track Medical Sequencing for Heart Failure With Reduced Ejection Fraction	ACTIVE_NOT_RECRUITING	2022-10-22	https://clinicaltrials.gov/study/NCT05637853	TiAb	exclude	INTERVENTION	intervention is a GDMT sequencing strategy	N
CTGov	NCT03552575	The Effects of Sacubitril/Valsartan Compared to Valsartan on LV Remodelling in Asymptomatic LV Systolic Dysfunction After MI	COMPLETED	2018-07-01	https://clinicaltrials.gov/study/NCT03552575	TiAb	exclude	COMPARATOR	comparator is valsartan	N
CTGov	NCT07130175	Radiofrequency Ablation for Polymorphic Ventricular Tachycardia With Heart Failure	COMPLETED	2022-12-31	https://clinicaltrials.gov/study/NCT07130175	TiAb	exclude	INTERVENTION	intervention is catheter ablation	N
CTGov	NCT02768298	Exercise Capacity Study of LCZ696 vs Enalapril in Patients With Chronic Heart Failure and Reduced Ejection Fraction	COMPLETED	2016-07-12	https://clinicaltrials.gov/study/NCT02768298	TiAb	exclude	OUTCOME	exercise capacity (peak VO2)	N
CTGov	NCT00887588	LCZ696 Compared to Valsartan in Patients With Chronic Heart Failure and Preserved Left-ventricular Ejection Fraction (PARAMOUNT)	COMPLETED	2009-11	https://clinicaltrials.gov/study/NCT00887588	TiAb	exclude	COMPARATOR	comparator is valsartan; population HFpEF	N
CTGov	NCT05881720	Sacubitril/Valsartan Versus Valsartan in Heart Failure	COMPLETED	2022-01-01	https://clinicaltrials.gov/study/NCT05881720	TiAb	exclude	COMPARATOR	comparator is valsartan	N
CTGov	NCT03785405	Open-label Extension Study to Evaluate Long-term Safety of Sacubitril/Valsartan in Pediatric Patients With HF	COMPLETED	2019-05-02	https://clinicaltrials.gov/study/NCT03785405	TiAb	exclude	POPULATION	paediatric	N
CTGov	NCT07465679	A Real-world Study of Clinical Treatment Guidelines for Patients With HFrEF Treated With Sacubitril/Valsartan	COMPLETED	2026-01-28	https://clinicaltrials.gov/study/NCT07465679	TiAb	exclude	RANDOMISATION	observational guideline-adherence statistics	N
CTGov	NCT03506412	Circulating NEP and NEP Inhibition Study in Heart Failure With Preserved Ejection Fraction	COMPLETED	2018-06-25	https://clinicaltrials.gov/study/NCT03506412	TiAb	exclude	POPULATION	HFpEF	N
CTGov	NCT04491136	Effective Study of ARNI on Ventricular Arrhythmia in HFrEF Patients With ICD or CRT-D (RHYTHM)	TERMINATED	2020-11-11	https://clinicaltrials.gov/study/NCT04491136	TiAb	exclude	OUTCOME	ventricular arrhythmia burden	N
CTGov	NCT05168787	Efficacy and Safety of Sacubitril/Valsartan in African American Patients With Heart Failure With Reduced Ejection Fraction	COMPLETED	2020-08-13	https://clinicaltrials.gov/study/NCT05168787	TiAb	exclude	RANDOMISATION	observational subgroup effectiveness estimates	N
CTGov	NCT03816306	Six Months Clinical and Echocardiographic Outcome of ARNI LCZ696 Therapy in HFrEF Patients	COMPLETED	2018-06-01	https://clinicaltrials.gov/study/NCT03816306	TiAb	exclude	RANDOMISATION	single-arm clinical and echocardiographic change	N
CTGov	NCT06029712	Heart Failure Polypill at a Safety Net Hospital	COMPLETED	2024-02-27	https://clinicaltrials.gov/study/NCT06029712	TiAb	exclude	INTERVENTION	intervention is a heart failure polypill	N
CTGov	NCT04141800	Spanish Study of Hyperkalaemia Incidence and Prognosis in Patients With Heart Failure and Reduced Ejection Fraction	COMPLETED	2019-04-30	https://clinicaltrials.gov/study/NCT04141800	TiAb	exclude	RANDOMISATION	observational hyperkalaemia incidence	N
