dashboard,trial_name,pmid,issues,expected_author,expected_year,expected_pages,expected_journal,snippet,source_url
ABALOPARATIDE_OSTEO_AUTO_FULL_REVIEW.html,NCT04974723,35524068,,Cosman F,2022,1703-1714,Osteoporosis international : a journal established as result of cooperation between the European Foundation for Osteoporosis and the National Osteoporosis Foundation of the USA,NCT NCT04974723: Number of Participants With a Nonvertebral Fracture. Source: ClinicalTrials.gov registry (AACT-verified); publication resolved live via NCT.,https://clinicaltrials.gov/study/NCT04974723
ABALOPARATIDE_OSTEO_AUTO_FULL_REVIEW.html,NCT03512262,41812602,,Deal C,2026,101686,Journal of clinical densitometry : the official journal of the International Society for Clinical Densitometry,NCT NCT03512262: Percent Change From Baseline in Lumbar Spine BMD at Month 12. Source: ClinicalTrials.gov registry (AACT-verified); publication resolved live via NCT.,https://clinicaltrials.gov/study/NCT03512262
ABALOPARATIDE_OSTEO_AUTO_FULL_REVIEW.html,NCT04064411,37417725,,Lewiecki EM,2023,1404-1414,Journal of bone and mineral research : the official journal of the American Society for Bone and Mineral Research,NCT NCT04064411: Percent Change From Baseline in Lumbar Spine BMD at Month 12. Source: ClinicalTrials.gov registry (AACT-verified); publication resolved live via NCT.,https://clinicaltrials.gov/study/NCT04064411
ABATACEPT_PSA_AUTO_FULL_REVIEW.html,ASTRAEA,28473423,,Mease PJ,2017,1550-1558,Annals of the rheumatic diseases,NCT NCT01860976: Proportion of ACR 20 Responders at Day 169. Source: ClinicalTrials.gov registry (AACT-verified); publication resolved live via NCT.,https://clinicaltrials.gov/study/NCT01860976
ABATACEPT_PSA_AUTO_FULL_REVIEW.html,NCT00534313,21128258,,Mease P,2011,939-948,Arthritis and rheumatism,"NCT NCT00534313: Long-term Period: Number of Participants With Death As Outcome, Serious Adverse Events (SAEs), Drug-related SAEs, SAEs L. Source: ClinicalTrials.gov registry (AACT-verified); publicat",https://clinicaltrials.gov/study/NCT00534313
ABATACEPT_RA_AUTO_FULL_REVIEW.html,NURTURE 1,28217871,,Blanco FJ,2017,1144-1153,"Arthritis & rheumatology (Hoboken, N.J.)",NCT NCT01350804: Percentage of Participants Achieving an American College of Rheumatology Response 20 (ACR20).. Source: ClinicalTrials.gov registry (AACT-verified); publication resolved live via NCT.,https://clinicaltrials.gov/study/NCT01350804
ABATACEPT_RA_AUTO_FULL_REVIEW.html,NCT03086343,35751108,,Bergman M,2022,155,Arthritis research & therapy,NCT NCT03086343: Change From Baseline in Disease Activity Score (DAS) 28 C-Reactive Protein (CRP) at Week 12 (Non-inferiority). Source: ClinicalTrials.gov registry (AACT-verified); publication resolve,https://clinicaltrials.gov/study/NCT03086343
ABATACEPT_RA_AUTO_FULL_REVIEW.html,NCT00048568,16785475,,Kremer JM,2006,865-876,Annals of internal medicine,NCT NCT00048568: Number of American College of Rheumatology 20 (ACR 20) Responders at Day 169. Source: ClinicalTrials.gov registry (AACT-verified); publication resolved live via NCT.,https://clinicaltrials.gov/study/NCT00048568
ABEMACICLIB_BREAST_AUTO_FULL_REVIEW.html,AMEERA-1,35840573,,Bardia A,2022,4116,Nature communications,"NCT NCT03284957: Parts A, C, F, H, J: Number of Participants With Study Treatment-Related Dose-Limiting Toxicities (DLTs). Source: ClinicalTrials.gov registry (AACT-verified); publication resolved liv",https://clinicaltrials.gov/study/NCT03284957
ABEMACICLIB_BREAST_AUTO_FULL_REVIEW.html,EMBER-3,39660834,,Jhaveri KL,2025,1189-1202,The New England journal of medicine,NCT NCT04975308: Investigator-assessed Progression Free Survival (PFS) (Between Arm A and Arm B). Source: ClinicalTrials.gov registry (AACT-verified); publication resolved live via NCT.,https://clinicaltrials.gov/study/NCT04975308
ABLATION_AF_REVIEW.html,CASTLE-AF,29385358,,Marrouche NF,2018,417-427,The New England journal of medicine,N Engl J Med 2018; 378:417-427,https://www.nejm.org/doi/full/10.1056/NEJMoa1707855
ABLATION_AF_REVIEW.html,CABANA,30874766,,Packer DL,2019,1261-1274,JAMA,JAMA 2019; 321(13):1261-1274,https://jamanetwork.com/journals/jama/fullarticle/2728676
ABLATION_AF_REVIEW.html,EAST-AFNET 4,32865375,,Kirchhof P,2020,1305-1316,The New England journal of medicine,N Engl J Med 2020; 383:1305-1316,https://www.nejm.org/doi/full/10.1056/NEJMoa2019422
ABLATION_AF_REVIEW.html,RAFT-AF,35313733,PAGE_MISMATCH,Parkash R,2022,1693-1704,Circulation,N Engl J Med 2022; 388:1-11,https://www.nejm.org/doi/full/10.1056/NEJMoa2204164
ACLIDINIUM_COPD_AUTO_FULL_REVIEW.html,NCT01001494,22441743,,Jones PW,2012,830-836,The European respiratory journal,NCT NCT01001494: Change From Baseline in Morning Pre-dose (Trough) Forced Expiratory Volume in the First Second (FEV1) at Week 24 on Trea. Source: ClinicalTrials.gov registry (AACT-verified); publicat,https://clinicaltrials.gov/study/NCT01001494
ACLIDINIUM_COPD_AUTO_FULL_REVIEW.html,NCT01908140,27492833,,Vogelmeier C,2016,1030-1039,The European respiratory journal,NCT NCT01908140: Peak Forced Expiratory Volume in One Second (FEV1) at Week 24. Source: ClinicalTrials.gov registry (AACT-verified); publication resolved live via NCT.,https://clinicaltrials.gov/study/NCT01908140
ACLIDINIUM_COPD_AUTO_FULL_REVIEW.html,NCT01462929,28074135,,McGarvey L,2016,e000148,BMJ open respiratory research,NCT NCT01462929: Change From Baseline in Normalised Forced Expiratory Volume in 1 Second (FEV1) Area Under the Curve Over the 24-h Period. Source: ClinicalTrials.gov registry (AACT-verified); publicat,https://clinicaltrials.gov/study/NCT01462929
ADALIMUMAB_PSA_AUTO_FULL_REVIEW.html,BE OPTIMAL,36493791,,McInnes IB,2023,25-37,"Lancet (London, England)",NCT NCT03895203: Percentage of Participants With an American College of Rheumatology (ACR) 50 Response at Week 16. Source: ClinicalTrials.gov registry (AACT-verified); publication resolved live via NC,https://clinicaltrials.gov/study/NCT03895203
ADALIMUMAB_PSA_AUTO_FULL_REVIEW.html,NCT04527380,41785908,,Ramanan AV,2026,e377-e388,The Lancet. Rheumatology,NCT NCT04527380: Percentage of Participants Achieving Juvenile Idiopathic Arthritis (JIA) American College of Rheumatology (ACR) 30 (Ixek. Source: ClinicalTrials.gov registry (AACT-verified); publicat,https://clinicaltrials.gov/study/NCT04527380
ADALIMUMAB_PSO_AUTO_FULL_REVIEW.html,VOYAGE 1,28057360,,Blauvelt A,2017,405-417,Journal of the American Academy of Dermatology,NCT NCT02207231: Percentage of Participants Who Achieved an Investigator's Global Assessment (IGA) Score of Cleared (0) or Minimal (1) in. Source: ClinicalTrials.gov registry (AACT-verified); publicat,https://clinicaltrials.gov/study/NCT02207231
ADALIMUMAB_PSO_AUTO_FULL_REVIEW.html,VIP,29776990,,Mehta NN,2018,e007394,Circulation. Cardiovascular imaging,NCT NCT01553058: Change in Vascular Inflammation. Source: ClinicalTrials.gov registry (AACT-verified); publication resolved live via NCT.,https://clinicaltrials.gov/study/NCT01553058
ADALIMUMAB_RA_AUTO_FULL_REVIEW.html,MUSICA,27214046,,Kaeley GS,2016,2584-2592,"Arthritis & rheumatology (Hoboken, N.J.)",NCT NCT01185288: Disease Activity Score for 28 Joints Based on C-reactive Protein (DAS28[CRP]) at Week 24. Source: ClinicalTrials.gov registry (AACT-verified); publication resolved live via NCT.,https://clinicaltrials.gov/study/NCT01185288
ADALIMUMAB_RA_AUTO_FULL_REVIEW.html,SELECT-COMPARE,31362993,,Fleischmann RM,2019,1454-1462,Annals of the rheumatic diseases,NCT NCT02629159: Percentage of Participants With an American College of Rheumatology 20% (ACR20) Response at Week 12. Source: ClinicalTrials.gov registry (AACT-verified); publication resolved live via,https://clinicaltrials.gov/study/NCT02629159
ADUCANUMAB_AD_AUTO_FULL_REVIEW.html,NCT05108922,40390253,,Salloway S,2025,e70293,Alzheimer's & dementia : the journal of the Alzheimer's Association,NCT NCT05108922: Percentage of Participants Who Reach Complete Amyloid Plaque Clearance on Florbetapir F18 Positron Emission Tomography (. Source: ClinicalTrials.gov registry (AACT-verified); publicat,https://clinicaltrials.gov/study/NCT05108922
ADUCANUMAB_AD_AUTO_FULL_REVIEW.html,EMERGE,34807243,,Salloway S,2022,13-21,JAMA neurology,NCT NCT02484547: Change From Baseline in Clinical Dementia Rating Scale - Sum of Boxes (CDR-SB) Score at Week 78. Source: ClinicalTrials.gov registry (AACT-verified); publication resolved live via NCT,https://clinicaltrials.gov/study/NCT02484547
ADUCANUMAB_AD_AUTO_FULL_REVIEW.html,ENGAGE,34807243,,Salloway S,2022,13-21,JAMA neurology,NCT NCT02477800: Change From Baseline in Clinical Dementia Rating Sum of Boxes (CDR-SB) Score at Week 78. Source: ClinicalTrials.gov registry (AACT-verified); publication resolved live via NCT.,https://clinicaltrials.gov/study/NCT02477800
AFLIBERCEPT_DME_AUTO_FULL_REVIEW.html,Protocol V,31037289,,Baker CW,2019,1880-1894,JAMA,NCT NCT01909791: Number of Eyes With at Least 5-letter Decrease in E-ETDRS Visual Acuity Letter Score From Baseline. Source: ClinicalTrials.gov registry (AACT-verified); publication resolved live via ,https://clinicaltrials.gov/study/NCT01909791
AFLIBERCEPT_DME_AUTO_FULL_REVIEW.html,NCT03622580,35085503,,Wykoff CC,2022,741-755,"Lancet (London, England)","NCT NCT03622580: Change From Baseline in BCVA in the Study Eye Averaged Over Weeks 48, 52, and 56, ITT and Treatment-Naive Populations. Source: ClinicalTrials.gov registry (AACT-verified); publication",https://clinicaltrials.gov/study/NCT03622580
AFLIBERCEPT_DME_AUTO_FULL_REVIEW.html,RHINE,35085503,,Wykoff CC,2022,741-755,"Lancet (London, England)","NCT NCT03622593: Change From Baseline in BCVA in the Study Eye Averaged Over Weeks 48, 52, and 56, ITT and Treatment-Naive Populations. Source: ClinicalTrials.gov registry (AACT-verified); publication",https://clinicaltrials.gov/study/NCT03622593
AFLIBERCEPT_RVO_AUTO_FULL_REVIEW.html,VIBRANT,32633861,,Shalchi Z,2020,CD009510,The Cochrane database of systematic reviews,NCT NCT01521559: Participants Who Gained at Least 15 Letters in Best Corrected Visual Acuity (BCVA) at Week 24 - LOCF. Source: ClinicalTrials.gov registry (AACT-verified); publication resolved live vi,https://clinicaltrials.gov/study/NCT01521559
AFLIBERCEPT_RVO_AUTO_FULL_REVIEW.html,NCT02118831,25001321,,Avery RL,2014,1636-1641,The British journal of ophthalmology,NCT NCT02118831: Serum Pharmacokinetics Following Treatment From 1st and 3rd Doses. Source: ClinicalTrials.gov registry (AACT-verified); publication resolved live via NCT.,https://clinicaltrials.gov/study/NCT02118831
AGALSIDASE_BETA_FABRY_AUTO_FULL_REVIEW.html,FIELD,23531228,,Rombach SM,2013,47,Orphanet journal of rare diseases,NCT NCT00701415: Skin Globotriaosylceramide (GL-3) Clearance From Superficial Skin Capillary Endothelium. Source: ClinicalTrials.gov registry (AACT-verified); publication resolved live via NCT.,https://clinicaltrials.gov/study/NCT00701415
AGALSIDASE_BETA_FABRY_AUTO_FULL_REVIEW.html,NCT00074984,17179052,,Banikazemi M,2007,77-86,Annals of internal medicine,"NCT NCT00074984: Number of Participants Experiencing a Clinically Significant Renal, Cardiac or Cerebrovascular Event and/or Death in Fab. Source: ClinicalTrials.gov registry (AACT-verified); publicat",https://clinicaltrials.gov/study/NCT00074984
AGALSIDASE_FABRY_AUTO_FULL_REVIEW.html,NCT01218659,27657681,,Benjamin ER,2017,430-438,Genetics in medicine : official journal of the American College of Medical Genetics,NCT NCT01218659: Annualized Rate Of Change From Baseline To Month 18 In Measured Glomerular Filtration Rate. Source: ClinicalTrials.gov registry (AACT-verified); publication resolved live via NCT.,https://clinicaltrials.gov/study/NCT01218659
AGALSIDASE_FABRY_AUTO_FULL_REVIEW.html,FIELD,23531228,,Rombach SM,2013,47,Orphanet journal of rare diseases,NCT NCT00701415: Skin Globotriaosylceramide (GL-3) Clearance From Superficial Skin Capillary Endothelium. Source: ClinicalTrials.gov registry (AACT-verified); publication resolved live via NCT.,https://clinicaltrials.gov/study/NCT00701415
AGRYLIN_ET_AUTO_FULL_REVIEW.html,NCT00202644,30368038,,Birgegård G,2018,105-109,Leukemia research,NCT NCT00202644: Change From Baseline in Left Ventricular Ejection Fraction (LVEF) Over Time. Source: ClinicalTrials.gov registry (AACT-verified); publication resolved live via NCT.,https://clinicaltrials.gov/study/NCT00202644
AGRYLIN_ET_AUTO_FULL_REVIEW.html,EMIX,26028965,,Cascavilla N,2015,2687-2694,"Drug design, development and therapy",NCT NCT01352585: Number of Patients With Platelet Count ≤600x10^9/L After 12 Months. Source: ClinicalTrials.gov registry (AACT-verified); publication resolved live via NCT.,https://clinicaltrials.gov/study/NCT01352585
ALECTINIB_ALK_NSCLC_AUTO_FULL_REVIEW.html,NCT02838420,30981696,,Zhou C,2019,437-446,The Lancet. Respiratory medicine,NCT NCT02838420: Progression-Free Survival (PFS) as Determined by Investigator Using Response Evaluation Criteria in Solid Tumor (RECIST). Source: ClinicalTrials.gov registry (AACT-verified); publicat,https://clinicaltrials.gov/study/NCT02838420
ALECTINIB_ALK_NSCLC_AUTO_FULL_REVIEW.html,NCT02604342,29668860,,Novello S,2018,1409-1416,Annals of oncology : official journal of the European Society for Medical Oncology,NCT NCT02604342: Progression-Free Survival (PFS) Using Response Evaluation Criteria in Solid Tumors (RECIST) Version 1.1 as Assessed by I. Source: ClinicalTrials.gov registry (AACT-verified); publicat,https://clinicaltrials.gov/study/NCT02604342
ALEMTUZUMAB_TX_AUTO_FULL_REVIEW.html,NCT01172418,22027927,,Ciancio G,2011,1348-1357,Transplantation,NCT NCT01172418: Incidence of Acute Rejection at One Year Post-transplant. Source: ClinicalTrials.gov registry (AACT-verified); publication resolved live via NCT.,https://clinicaltrials.gov/study/NCT01172418
ALEMTUZUMAB_TX_AUTO_FULL_REVIEW.html,NCT02105766,36240296,,Leonard A,2023,227-234,Blood advances,NCT NCT02105766: Number of Patients Who Have Sustained Donor Type Hemoglobin at One Year Post Transplant. Source: ClinicalTrials.gov registry (AACT-verified); publication resolved live via NCT.,https://clinicaltrials.gov/study/NCT02105766
ALIROCUMAB_LIPID_AUTO_FULL_REVIEW.html,NCT02107898,27452202,,Teramoto T,2016,1980-1987,Circulation journal : official journal of the Japanese Circulation Society,NCT NCT02107898: Percent Change From Baseline in Calculated LDL-C at Week 24 - Intent-to-Treat (ITT Analysis). Source: ClinicalTrials.gov registry (AACT-verified); publication resolved live via NCT.,https://clinicaltrials.gov/study/NCT02107898
ALIROCUMAB_LIPID_AUTO_FULL_REVIEW.html,NCT03415178,31879033,,Frias JP,2020,94-107,Clinical therapeutics,NCT NCT03415178: Percentage of SYDNEY-Associated Product Technical Complaints (PTCs) (Overall) at the Unsupervised Injections: Single-Arm. Source: ClinicalTrials.gov registry (AACT-verified); publicat,https://clinicaltrials.gov/study/NCT03415178
ALIROCUMAB_LIPID_AUTO_FULL_REVIEW.html,NCT01576484,27886619,,Dufour R,2017,754-760,International journal of cardiology,"NCT NCT01576484: Number of Participants Who Experienced Treatment Emergent Adverse Events (TEAEs), Serious TEAEs and TEAEs Leading to Dea. Source: ClinicalTrials.gov registry (AACT-verified); publicat",https://clinicaltrials.gov/study/NCT01576484
ALOGLIPTIN_T2D_AUTO_FULL_REVIEW.html,NCT01263483,22106975,,Seino Y,2011,21-29,Current medical research and opinion,NCT NCT01263483: Change From Baseline in Glycosylated Hemoglobin (Week 12).. Source: ClinicalTrials.gov registry (AACT-verified); publication resolved live via NCT.,https://clinicaltrials.gov/study/NCT01263483
ALOGLIPTIN_T2D_AUTO_FULL_REVIEW.html,NCT00328627,22419732,,DeFronzo RA,2012,1615-1622,The Journal of clinical endocrinology and metabolism,NCT NCT00328627: Change From Baseline to Week 26 in Glycosylated Hemoglobin (HbA1c) (Grouped Analysis). Source: ClinicalTrials.gov registry (AACT-verified); publication resolved live via NCT.,https://clinicaltrials.gov/study/NCT00328627
ALOGLIPTIN_T2D_AUTO_FULL_REVIEW.html,ENDURE,27787778,,Gordon J,2016,825-845,"Diabetes therapy : research, treatment and education of diabetes and related disorders",NCT NCT00856284: Change From Baseline in Glycosylated Hemoglobin (HbA1c) at Week 52. Source: ClinicalTrials.gov registry (AACT-verified); publication resolved live via NCT.,https://clinicaltrials.gov/study/NCT00856284
ALPELISIB_BREAST_AUTO_FULL_REVIEW.html,AMEERA-1,35840573,,Bardia A,2022,4116,Nature communications,"NCT NCT03284957: Parts A, C, F, H, J: Number of Participants With Study Treatment-Related Dose-Limiting Toxicities (DLTs). Source: ClinicalTrials.gov registry (AACT-verified); publication resolved liv",https://clinicaltrials.gov/study/NCT03284957
ALPELISIB_BREAST_AUTO_FULL_REVIEW.html,SOLAR-1,31091374,,André F,2019,1929-1940,The New England journal of medicine,NCT NCT02437318: Progression-free Survival (PFS) Per Investigator Assessment in the PIK3CA Mutant Cohort. Source: ClinicalTrials.gov registry (AACT-verified); publication resolved live via NCT.,https://clinicaltrials.gov/study/NCT02437318
AMIVANTAMAB_LUNG_AUTO_FULL_REVIEW.html,MARIPOSA,34911336,,Cho BC,2022,639-647,"Future oncology (London, England)",NCT NCT04487080: Progression-Free Survival (PFS) According to Response Evaluation Criteria in Solid Tumors (RECIST) Version 1.1 as Assess. Source: ClinicalTrials.gov registry (AACT-verified); publicat,https://clinicaltrials.gov/study/NCT04487080
AMIVANTAMAB_LUNG_AUTO_FULL_REVIEW.html,PAPILLON,37870976,,Zhou C,2023,2039-2051,The New England journal of medicine,NCT NCT04538664: Progression-Free Survival (PFS) According to Response Evaluation Criteria in Solid Tumors (RECIST) Version 1.1 as Assess. Source: ClinicalTrials.gov registry (AACT-verified); publicat,https://clinicaltrials.gov/study/NCT04538664
AMOXICILLIN_AOM_AUTO_FULL_REVIEW.html,NCT00377260,21098526,,Hoberman A,2011,114-120,Clinical pediatrics,"NCT NCT00377260: The Time to Resolution of Symptoms, Defined as Acute Otitis Media-Severity of Symptoms (AOM-SOS) Score of 0 or 1, Accord. Source: ClinicalTrials.gov registry (AACT-verified); publicat",https://clinicaltrials.gov/study/NCT00377260
AMOXICILLIN_AOM_AUTO_FULL_REVIEW.html,NCT03818815,34851411,,Muniz GB,2021,,Pediatrics,NCT NCT03818815: Number of Participants With Adverse Events. Source: ClinicalTrials.gov registry (AACT-verified); publication resolved live via NCT.,https://clinicaltrials.gov/study/NCT03818815
ANAMORELIN_CACHEXIA_AUTO_FULL_REVIEW.html,NCT01387269,26906526,,Temel JS,2016,519-531,The Lancet. Oncology,NCT NCT01387269: Change in Lean Body Mass. Source: ClinicalTrials.gov registry (AACT-verified); publication resolved live via NCT.,https://clinicaltrials.gov/study/NCT01387269
ANAMORELIN_CACHEXIA_AUTO_FULL_REVIEW.html,NCT01395914,28472437,,Currow D,2017,1949-1956,Annals of oncology : official journal of the European Society for Medical Oncology,NCT NCT01395914: Percentage of Participants With Treatment-emergent Adverse Events. Source: ClinicalTrials.gov registry (AACT-verified); publication resolved live via NCT.,https://clinicaltrials.gov/study/NCT01395914
ANAMORELIN_CACHEXIA_AUTO_FULL_REVIEW.html,NCT01387282,25351456,,Salsman JM,2015,1355-1364,Supportive care in cancer : official journal of the Multinational Association of Supportive Care in Cancer,NCT NCT01387282: Change in Lean Body Mass. Source: ClinicalTrials.gov registry (AACT-verified); publication resolved live via NCT.,https://clinicaltrials.gov/study/NCT01387282
ANDEXANET_BLEEDING_AUTO_FULL_REVIEW.html,NCT02220725,26559317,,Siegal DM,2015,2413-2424,The New England journal of medicine,NCT NCT02220725: Efficacy: Percent Change From Baseline in Anti-fXa Activity at the Nadir (Parts I and II). Source: ClinicalTrials.gov registry (AACT-verified); publication resolved live via NCT.,https://clinicaltrials.gov/study/NCT02220725
ANDEXANET_BLEEDING_AUTO_FULL_REVIEW.html,NCT02207725,26559317,,Siegal DM,2015,2413-2424,The New England journal of medicine,NCT NCT02207725: Efficacy: Percent Change From Baseline in Anti-fXa Activity at the Nadir (Parts I and II). Source: ClinicalTrials.gov registry (AACT-verified); publication resolved live via NCT.,https://clinicaltrials.gov/study/NCT02207725
ANDEXANET_BLEEDING_AUTO_FULL_REVIEW.html,NCT02329327,27573206,,Connolly SJ,2016,1131-1141,The New England journal of medicine,NCT NCT02329327: Percent Change From Baseline In Anti-fXa Activity By FXa Inhibitor. Source: ClinicalTrials.gov registry (AACT-verified); publication resolved live via NCT.,https://clinicaltrials.gov/study/NCT02329327
ANIDULAFUNGIN_CANDIDA_AUTO_FULL_REVIEW.html,NCT00805740,28459966,,Kullberg BJ,2017,2368-2377,The Journal of antimicrobial chemotherapy,NCT NCT00805740: Percentage of Participants With Global Response at End of Treatment (Day 14 To Day 42). Source: ClinicalTrials.gov registry (AACT-verified); publication resolved live via NCT.,https://clinicaltrials.gov/study/NCT00805740
ANIDULAFUNGIN_CANDIDA_AUTO_FULL_REVIEW.html,NCT00806351,28459966,,Kullberg BJ,2017,2368-2377,The Journal of antimicrobial chemotherapy,NCT NCT00806351: Global Response at End of Intravenous Treatment (EOIVT). Source: ClinicalTrials.gov registry (AACT-verified); publication resolved live via NCT.,https://clinicaltrials.gov/study/NCT00806351
ANIDULAFUNGIN_CANDIDA_AUTO_FULL_REVIEW.html,NCT00761267,30418357,,Roilides E,2019,275-279,The Pediatric infectious disease journal,NCT NCT00761267: Number of Participants With Treatment-Emergent Adverse Events (AEs) and Serious Adverse Events (SAEs). Source: ClinicalTrials.gov registry (AACT-verified); publication resolved live v,https://clinicaltrials.gov/study/NCT00761267
ANIDULAFUNGIN_FUNGAL_AUTO_FULL_REVIEW.html,NCT00841971,25376267,,Winston DJ,2014,2758-2764,American journal of transplantation : official journal of the American Society of Transplantation and the American Society of Transplant Surgeons,NCT NCT00841971: Frequency of Fungal Infection. Source: ClinicalTrials.gov registry (AACT-verified); publication resolved live via NCT.,https://clinicaltrials.gov/study/NCT00841971
ANIDULAFUNGIN_FUNGAL_AUTO_FULL_REVIEW.html,NCT00805740,28459966,,Kullberg BJ,2017,2368-2377,The Journal of antimicrobial chemotherapy,NCT NCT00805740: Percentage of Participants With Global Response at End of Treatment (Day 14 To Day 42). Source: ClinicalTrials.gov registry (AACT-verified); publication resolved live via NCT.,https://clinicaltrials.gov/study/NCT00805740
ANIDULAFUNGIN_FUNGAL_AUTO_FULL_REVIEW.html,NCT00806351,28459966,,Kullberg BJ,2017,2368-2377,The Journal of antimicrobial chemotherapy,NCT NCT00806351: Global Response at End of Intravenous Treatment (EOIVT). Source: ClinicalTrials.gov registry (AACT-verified); publication resolved live via NCT.,https://clinicaltrials.gov/study/NCT00806351
ANIFROLUMAB_LUPUS_2_AUTO_FULL_REVIEW.html,TULIP-LN1,35144924,,Jayne D,2022,496-506,Annals of the rheumatic diseases,NCT NCT02547922: Change From Baseline in 24-hour Urine Protein to Creatinine Ratio (UPCR). Source: ClinicalTrials.gov registry (AACT-verified); publication resolved live via NCT.,https://clinicaltrials.gov/study/NCT02547922
ANIFROLUMAB_LUPUS_2_AUTO_FULL_REVIEW.html,NCT01438489,28130918,,Furie R,2017,376-386,"Arthritis & rheumatology (Hoboken, N.J.)",NCT NCT01438489: Percentage of Participants Achieving an Systemic Lupus Erythematosus (SLE) Responder Index [SRI (4)] Response With Oral . Source: ClinicalTrials.gov registry (AACT-verified); publicat,https://clinicaltrials.gov/study/NCT01438489
ANIFROLUMAB_LUPUS_AUTO_FULL_REVIEW.html,TULIP-LN1,35144924,,Jayne D,2022,496-506,Annals of the rheumatic diseases,NCT NCT02547922: Change From Baseline in 24-hour Urine Protein to Creatinine Ratio (UPCR). Source: ClinicalTrials.gov registry (AACT-verified); publication resolved live via NCT.,https://clinicaltrials.gov/study/NCT02547922
ANIFROLUMAB_LUPUS_AUTO_FULL_REVIEW.html,NCT01438489,28130918,,Furie R,2017,376-386,"Arthritis & rheumatology (Hoboken, N.J.)",NCT NCT01438489: Percentage of Participants Achieving an Systemic Lupus Erythematosus (SLE) Responder Index [SRI (4)] Response With Oral . Source: ClinicalTrials.gov registry (AACT-verified); publicat,https://clinicaltrials.gov/study/NCT01438489
ANIFROLUMAB_SLE_AUTO_FULL_REVIEW.html,TULIP-LN1,35144924,,Jayne D,2022,496-506,Annals of the rheumatic diseases,NCT NCT02547922: Change From Baseline in 24-hour Urine Protein to Creatinine Ratio (UPCR). Source: ClinicalTrials.gov registry (AACT-verified); publication resolved live via NCT.,https://clinicaltrials.gov/study/NCT02547922
ANIFROLUMAB_SLE_AUTO_FULL_REVIEW.html,NCT01438489,28130918,,Furie R,2017,376-386,"Arthritis & rheumatology (Hoboken, N.J.)",NCT NCT01438489: Percentage of Participants Achieving an Systemic Lupus Erythematosus (SLE) Responder Index [SRI (4)] Response With Oral . Source: ClinicalTrials.gov registry (AACT-verified); publicat,https://clinicaltrials.gov/study/NCT01438489
ANTIVEGF_NAMD_NMA_REVIEW.html,IVAN,23870813,,Chakravarthy U,2013,1258-1267,"Lancet (London, England)",Chakravarthy U et al. Lancet 2013;382:1258-1267 (IVAN).,https://pubmed.ncbi.nlm.nih.gov/23870813/
APIXABAN_ACS_AUTO_FULL_REVIEW.html,NCT00313300,19470889,,Alexander JH,2009,2877-2885,Circulation,NCT NCT00313300: Event Rate of Composite of Adjudicated Major Bleeding and Clinically Relevant Non-Major Bleeding During the Treatment Pe. Source: ClinicalTrials.gov registry (AACT-verified); publicat,https://clinicaltrials.gov/study/NCT00313300
APIXABAN_ACS_AUTO_FULL_REVIEW.html,APPRAISE-2,21780946,,Alexander JH,2011,699-708,The New England journal of medicine,"NCT NCT00831441: Event Rate of Cardiovascular Death, Myocardial Infarction, or Ischemic Stroke During the Intended Treatment Period - Ran. Source: ClinicalTrials.gov registry (AACT-verified); publicat",https://clinicaltrials.gov/study/NCT00831441
APIXABAN_ACS_AUTO_FULL_REVIEW.html,NCT00852397,23748920,,Ogawa H,2013,2341-2348,Circulation journal : official journal of the Japanese Circulation Society,NCT NCT00852397: Percentage of Participants Who Had Composite of International Society on Thrombosis and Haemostasis (ISTH)-Defined Major. Source: ClinicalTrials.gov registry (AACT-verified); publicat,https://clinicaltrials.gov/study/NCT00852397
APIXABAN_ACS_AUTO_FULL_REVIEW.html,NCT02415400,29898844,,Lopes RD,2018,17-23,American heart journal,NCT NCT02415400: The Rate of International Society on Thrombosis and Haemostasis (ISTH) Major or Clinically Relevant Non-Major (CRNM) Ble. Source: ClinicalTrials.gov registry (AACT-verified); publicat,https://clinicaltrials.gov/study/NCT02415400
APIXABAN_AF_AUTO_FULL_REVIEW.html,PACIFIC-AF,35385695,,Piccini JP,2022,1383-1390,"Lancet (London, England)",NCT NCT04218266: Number of Participants With Composite of International Society on Thrombosis and Hemostasis (ISTH) Major Bleeding or Cli. Source: ClinicalTrials.gov registry (AACT-verified); publicat,https://clinicaltrials.gov/study/NCT04218266
APIXABAN_AF_AUTO_FULL_REVIEW.html,RENAL-AF,36335914,,Pokorney SD,2022,1735-1745,Circulation,NCT NCT02942407: Number of Participants Experiencing ISTH (International Society on Thrombosis and Haemostasis) Major or Clinically Relev. Source: ClinicalTrials.gov registry (AACT-verified); publicat,https://clinicaltrials.gov/study/NCT02942407
APIXABAN_VTE_AUTO_FULL_REVIEW.html,NCT02366871,32589230,,Guntupalli SR,2020,e207410,JAMA network open,NCT NCT02366871: Number of Participants With Incidence of Major Bleeding. Source: ClinicalTrials.gov registry (AACT-verified); publication resolved live via NCT.,https://clinicaltrials.gov/study/NCT02366871
APREMILAST_BEHCET_AUTO_FULL_REVIEW.html,NCT02307513,31722152,,Hatemi G,2019,1918-1928,The New England journal of medicine,NCT NCT02307513: Area Under the Curve (AUC) for the Number of Oral Ulcers From Baseline Through Week 12 (AUC W0-12). Source: ClinicalTrials.gov registry (AACT-verified); publication resolved live via ,https://clinicaltrials.gov/study/NCT02307513
APREMILAST_BEHCET_AUTO_FULL_REVIEW.html,NCT00866359,25875256,,Hatemi G,2015,1510-1518,The New England journal of medicine,NCT NCT00866359: Number of Oral Ulcers at Day 85. Source: ClinicalTrials.gov registry (AACT-verified); publication resolved live via NCT.,https://clinicaltrials.gov/study/NCT00866359
APREMILAST_PSA_AUTO_FULL_REVIEW.html,PALACE2,30018799,,Gladman DD,2018,e000669,RMD open,NCT NCT01212757: Percentage of Participants With an American College of Rheumatology 20% (ACR20) Response at Week 16. Source: ClinicalTrials.gov registry (AACT-verified); publication resolved live via,https://clinicaltrials.gov/study/NCT01212757
APREMILAST_PSA_AUTO_FULL_REVIEW.html,NCT01988103,37316690,,Mease PJ,2023,809-820,American journal of clinical dermatology,NCT NCT01988103: Percentage of Participants Who Achieved a 75% Improvement (Response) From Baseline in the Psoriasis Area and Severity In. Source: ClinicalTrials.gov registry (AACT-verified); publicat,https://clinicaltrials.gov/study/NCT01988103
APREPITANT_CINV_AUTO_FULL_REVIEW.html,NCT00819039,32839657,,Chain A,2020,528-539,The journal of pediatric pharmacology and therapeutics : JPPT : the official journal of PPAG,NCT NCT00819039: Area Under the Curve From 0-48 (AUC0-48) of Aprepitant Following a Single Oral Dose in Study Part 1. Source: ClinicalTrials.gov registry (AACT-verified); publication resolved live via,https://clinicaltrials.gov/study/NCT00819039
APREPITANT_CINV_AUTO_FULL_REVIEW.html,NCT01111851,22739139,,Van Laere K,2012,243-250,Clinical pharmacology and therapeutics,NCT NCT01111851: Brain NK1-receptor Occupancy at 24 Hours Post Dose. Source: ClinicalTrials.gov registry (AACT-verified); publication resolved live via NCT.,https://clinicaltrials.gov/study/NCT01111851
APREPITANT_CINV_AUTO_FULL_REVIEW.html,NCT01697579,30900392,,Mora J,2019,e27690,Pediatric blood & cancer,NCT NCT01697579: Maximum Concentration (Cmax) of Aprepitant in Participants 0 to <2 Years of Age. Source: ClinicalTrials.gov registry (AACT-verified); publication resolved live via NCT.,https://clinicaltrials.gov/study/NCT01697579
APREPITANT_PONV_AUTO_FULL_REVIEW.html,NCT00819039,32839657,,Chain A,2020,528-539,The journal of pediatric pharmacology and therapeutics : JPPT : the official journal of PPAG,NCT NCT00819039: Area Under the Curve From 0-48 (AUC0-48) of Aprepitant Following a Single Oral Dose in Study Part 1. Source: ClinicalTrials.gov registry (AACT-verified); publication resolved live via,https://clinicaltrials.gov/study/NCT00819039
APREPITANT_PONV_AUTO_FULL_REVIEW.html,NCT00734929,21081776,,Habib AS,2011,813-818,Anesthesia and analgesia,NCT NCT00734929: Cumulative Incidence of Emesis. Source: ClinicalTrials.gov registry (AACT-verified); publication resolved live via NCT.,https://clinicaltrials.gov/study/NCT00734929
ARGATROBAN_HIT_AUTO_FULL_REVIEW.html,NCT01304238,29169470,,Schindewolf M,2017,2636-2648,Journal of the American College of Cardiology,NCT NCT01304238: Number of Participants Diagnosed With Thrombosis and/or Pulmonary Embolism After the Occurrence of HIT II. Source: ClinicalTrials.gov registry (AACT-verified); publication resolved li,https://clinicaltrials.gov/study/NCT01304238
ARGATROBAN_HIT_AUTO_FULL_REVIEW.html,HIT,20435232,,Frame JN,2010,626-636,Clinical therapeutics,"NCT NCT00787332: New Thrombosis, Amputation, Death, Major and Minor Bleeding. Source: ClinicalTrials.gov registry (AACT-verified); publication resolved live via NCT.",https://clinicaltrials.gov/study/NCT00787332
ARIPIPRAZOLE_SCHIZO_AUTO_FULL_REVIEW.html,NCT02722967,38085556,,Jan M,2023,e44768,JMIR formative research,"NCT NCT02722967: Assessment of the Functionality of an Integrated Call Center for DMS by Adult Subjects With SCH, MDD, or BP1 Who Were Tr. Source: ClinicalTrials.gov registry (AACT-verified); publicat",https://clinicaltrials.gov/study/NCT02722967
ARIPIPRAZOLE_SCHIZO_AUTO_FULL_REVIEW.html,ATTAIN 266,28838583,,Correll CU,2017,784-792,Journal of the American Academy of Child and Adolescent Psychiatry,NCT NCT01149655: Overall Relapse Rate (in Percent) From Randomization to Exacerbation of Psychotic Symptoms/Impending Relapse.. Source: ClinicalTrials.gov registry (AACT-verified); publication resolve,https://clinicaltrials.gov/study/NCT01149655
ARIPIPRAZOLE_SCHIZO_AUTO_FULL_REVIEW.html,NCT01104766,26717533,,Durgam S,2015,e1574-82,The Journal of clinical psychiatry,NCT NCT01104766: Measurement of Schizophrenia Symptoms: Change From Baseline in Positive and Negative Syndrome Scale (PANSS) Total Score.. Source: ClinicalTrials.gov registry (AACT-verified); publicat,https://clinicaltrials.gov/study/NCT01104766
ARIPIPRAZOLE_SCHIZO_AUTO_FULL_REVIEW.html,APEX 239,18765484,,Findling RL,2008,1432-1441,The American journal of psychiatry,NCT NCT00102063: Change in Positive and Negative Syndrome Scale (PANSS) Total Score. Source: ClinicalTrials.gov registry (AACT-verified); publication resolved live via NCT.,https://clinicaltrials.gov/study/NCT00102063
ARNI_HF_REVIEW.html,PARADIGM-HF,25176015,,McMurray JJ,2014,993-1004,The New England journal of medicine,N Engl J Med 2014; 371:993-1004,https://www.nejm.org/doi/full/10.1056/NEJMoa1409077
ARNI_HF_REVIEW.html,PARAGON-HF,31475794,,Solomon SD,2019,1609-1620,The New England journal of medicine,N Engl J Med 2019; 381:1609-1620,https://www.nejm.org/doi/full/10.1056/NEJMoa1901907
ARNI_HF_REVIEW.html,PARADISE-MI,34758252,,Pfeffer MA,2021,1845-1855,The New England journal of medicine,N Engl J Med 2021; 385:1845-1855,https://www.nejm.org/doi/full/10.1056/NEJMoa2104508
ARNI_HF_REVIEW.html,PARAGLIDE-HF,37212758,PAGE_MISMATCH;JOURNAL_MISMATCH,Mentz RJ,2023,1-12,Journal of the American College of Cardiology,JAMA 2023; 329(12):990-1002,https://jamanetwork.com/journals/jama/fullarticle/2802730
ASCORBIC_ACID_SEPSIS_AUTO_FULL_REVIEW.html,NCT01434121,24484547,,Fowler AA 3rd,2014,32,Journal of translational medicine,"NCT NCT01434121: Number of Patients Who Experienced Ascorbic Acid Infusion Related Arterial Hypotension, Vomiting, or Tachycardia in Sept. Source: ClinicalTrials.gov registry (AACT-verified); publicat",https://clinicaltrials.gov/study/NCT01434121
ASCORBIC_ACID_SEPSIS_AUTO_FULL_REVIEW.html,CITRIS-ALI,31573637,,Fowler AA 3rd,2019,1261-1270,JAMA,NCT NCT02106975: Modified Change in Sequential Organ Failure Assessment (mSOFA) Score. Source: ClinicalTrials.gov registry (AACT-verified); publication resolved live via NCT.,https://clinicaltrials.gov/study/NCT02106975
ASFOTASE_HPP_AUTO_FULL_REVIEW.html,NCT02797821,32987199,,Seefried L,2021,115664,Bone,NCT NCT02797821: Change In Plasma PPi From Baseline To Pre-3rd Dose At Week 9. Source: ClinicalTrials.gov registry (AACT-verified); publication resolved live via NCT.,https://clinicaltrials.gov/study/NCT02797821
ASFOTASE_HPP_AUTO_FULL_REVIEW.html,NCT00952484,27699270,,Whyte MP,2016,e85971,JCI insight,NCT NCT00952484: Change in Rickets Severity on Skeletal Radiographs From Baseline to Week 24 as Measured by the Radiographic Global Impre. Source: ClinicalTrials.gov registry (AACT-verified); publicat,https://clinicaltrials.gov/study/NCT00952484
ATALUREN_DMD_AUTO_FULL_REVIEW.html,NCT00592553,32851872,,Campbell C,2020,973-984,Journal of comparative effectiveness research,NCT NCT00592553: Change From Baseline in 6MWD at Week 48. Source: ClinicalTrials.gov registry (AACT-verified); publication resolved live via NCT.,https://clinicaltrials.gov/study/NCT00592553
ATEZOLIZUMAB_BLADDER_AUTO_FULL_REVIEW.html,IMvigor130,32416780,,Galsky MD,2020,1547-1557,"Lancet (London, England)",NCT NCT02807636: Investigator Assessed Progression-Free Survival (PFS) in the Placebo+Gemcitabine+Carboplatin/Cisplatin Arm Versus Atezol. Source: ClinicalTrials.gov registry (AACT-verified); publicat,https://clinicaltrials.gov/study/NCT02807636
ATEZOLIZUMAB_BLADDER_AUTO_FULL_REVIEW.html,NCT03201458,34907910,,Yarchoan M,2021,,The Journal of clinical investigation,NCT NCT03201458: Progression Free Survival (PFS). Source: ClinicalTrials.gov registry (AACT-verified); publication resolved live via NCT.,https://clinicaltrials.gov/study/NCT03201458
ATOGEPANT_MIGRAINE_AUTO_FULL_REVIEW.html,NCT03700320,33142014,,Min KC,2021,599-605,Clinical and translational science,NCT NCT03700320: Percentage of Participants With at Least 1 Treatment Emergent Adverse Event (TEAE). Source: ClinicalTrials.gov registry (AACT-verified); publication resolved live via NCT.,https://clinicaltrials.gov/study/NCT03700320
ATOGEPANT_MIGRAINE_AUTO_FULL_REVIEW.html,JPN ATO OLE,41814051,,Matsumori Y,2026,1137-1154,Neurology and therapy,NCT NCT04437433: Percentage of Participants With at Least 1 Treatment-Emergent Adverse Event and Treatment-Emergent Serious Adverse Event. Source: ClinicalTrials.gov registry (AACT-verified); publicat,https://clinicaltrials.gov/study/NCT04437433
ATOGEPANT_PREVENT_AUTO_FULL_REVIEW.html,NCT03700320,33142014,,Min KC,2021,599-605,Clinical and translational science,NCT NCT03700320: Percentage of Participants With at Least 1 Treatment Emergent Adverse Event (TEAE). Source: ClinicalTrials.gov registry (AACT-verified); publication resolved live via NCT.,https://clinicaltrials.gov/study/NCT03700320
ATOGEPANT_PREVENT_AUTO_FULL_REVIEW.html,JPN ATO OLE,41814051,,Matsumori Y,2026,1137-1154,Neurology and therapy,NCT NCT04437433: Percentage of Participants With at Least 1 Treatment-Emergent Adverse Event and Treatment-Emergent Serious Adverse Event. Source: ClinicalTrials.gov registry (AACT-verified); publicat,https://clinicaltrials.gov/study/NCT04437433
ATTR_CM_REVIEW.html,ATTR-ACT,30145929,,Maurer MS,2018,1007-1016,The New England journal of medicine,N Engl J Med 2018; 379:1007-1016,https://www.nejm.org/doi/full/10.1056/NEJMoa1805689
ATTR_CM_REVIEW.html,ATTRibute-CM,38197816,,Gillmore JD,2024,132-142,The New England journal of medicine,N Engl J Med 2024; 390:132-142,https://www.nejm.org/doi/full/10.1056/NEJMoa2305434
ATTR_CM_REVIEW.html,APOLLO-B,37888916,PAGE_MISMATCH,Maurer MS,2023,1553-1565,The New England journal of medicine,Circulation 2023; 148:1403-1413,https://doi.org/10.1161/CIRCULATIONAHA.123.066353
AVACINCAPTAD_GA_AUTO_2_FULL_REVIEW.html,NCT02686658,32882310,,Jaffe GJ,2021,576-586,Ophthalmology,NCT NCT02686658: Change From Baseline in Geographic Atrophy as Measured by Fundus Autofluorescence. Source: ClinicalTrials.gov registry (AACT-verified); publication resolved live via NCT.,https://clinicaltrials.gov/study/NCT02686658
AVACINCAPTAD_GA_AUTO_2_FULL_REVIEW.html,NCT04435366,37314061,,Tzoumas N,2023,CD009300,The Cochrane database of systematic reviews,NCT NCT04435366: The Mean Rate of Growth (Slope) Estimated Based on GA Area Measured by Autofluorescence (FAF) at 3 Time Points: Baseline. Source: ClinicalTrials.gov registry (AACT-verified); publicat,https://clinicaltrials.gov/study/NCT04435366
AVACOPAN_ANCA_REVIEW_FULL_REVIEW.html,ADVOCATE,32088663,,Merkel PA,2020,e16664,JMIR research protocols,NCT NCT02994927: Percentage of Subjects Achieving Disease Remission at Week 26. Source: ClinicalTrials.gov registry (AACT-verified); publication resolved live via NCT.,https://clinicaltrials.gov/study/NCT02994927
AVALGLUCOSIDASE_AUTO_FULL_REVIEW.html,NEO-EXT,35618441,,Dimachkie MM,2022,e536-e548,Neurology,"NCT NCT02032524: Number of Participants With Treatment-Emergent Adverse Events (TEAEs), Treatment-Emergent Serious Adverse Events (TESAEs. Source: ClinicalTrials.gov registry (AACT-verified); publicat",https://clinicaltrials.gov/study/NCT02032524
AVALGLUCOSIDASE_AUTO_FULL_REVIEW.html,Mini-COMET,36542086,,Kishnani PS,2023,100328,Genetics in medicine : official journal of the American College of Medical Genetics,"NCT NCT03019406: PAP: Number of Participants With Treatment-emergent Adverse Events (TEAEs), Serious Treatment-emergent Adverse Events, a. Source: ClinicalTrials.gov registry (AACT-verified); publicat",https://clinicaltrials.gov/study/NCT03019406
AVALGLUCOSIDASE_AUTO_FULL_REVIEW.html,COMET,34800399,,Diaz-Manera J,2021,1012-1026,The Lancet. Neurology,NCT NCT02782741: PAP: Change From Baseline in Percent Predicted FVC in Upright Position at Week 49. Source: ClinicalTrials.gov registry (AACT-verified); publication resolved live via NCT.,https://clinicaltrials.gov/study/NCT02782741
AVALGLUCOSIDASE_POMPE_AUTO_FULL_REVIEW.html,NEO-EXT,35618441,,Dimachkie MM,2022,e536-e548,Neurology,"NCT NCT02032524: Number of Participants With Treatment-Emergent Adverse Events (TEAEs), Treatment-Emergent Serious Adverse Events (TESAEs. Source: ClinicalTrials.gov registry (AACT-verified); publicat",https://clinicaltrials.gov/study/NCT02032524
AVALGLUCOSIDASE_POMPE_AUTO_FULL_REVIEW.html,Mini-COMET,36542086,,Kishnani PS,2023,100328,Genetics in medicine : official journal of the American College of Medical Genetics,"NCT NCT03019406: PAP: Number of Participants With Treatment-emergent Adverse Events (TEAEs), Serious Treatment-emergent Adverse Events, a. Source: ClinicalTrials.gov registry (AACT-verified); publicat",https://clinicaltrials.gov/study/NCT03019406
AVALGLUCOSIDASE_POMPE_AUTO_FULL_REVIEW.html,COMET,34800399,,Diaz-Manera J,2021,1012-1026,The Lancet. Neurology,NCT NCT02782741: PAP: Change From Baseline in Percent Predicted FVC in Upright Position at Week 49. Source: ClinicalTrials.gov registry (AACT-verified); publication resolved live via NCT.,https://clinicaltrials.gov/study/NCT02782741
AVAPRITINIB_GIST_AUTO_FULL_REVIEW.html,NCT03465722,30274985,,Gebreyohannes YK,2019,609-618,Clinical cancer research : an official journal of the American Association for Cancer Research,NCT NCT03465722: Efficacy of Avapritinib Based on Progression-free Survival (PFS) Determined by Central Radiological Assessment Per Modif. Source: ClinicalTrials.gov registry (AACT-verified); publicat,https://clinicaltrials.gov/study/NCT03465722
AVAPRITINIB_GIST_AUTO_FULL_REVIEW.html,NCT02508532,30274985,,Gebreyohannes YK,2019,609-618,Clinical cancer research : an official journal of the American Association for Cancer Research,NCT NCT02508532: Part 1: Maximum Tolerated Dose (MTD) and Recommended Phase 2 Dose (RP2D) of Avapritinib. Source: ClinicalTrials.gov registry (AACT-verified); publication resolved live via NCT.,https://clinicaltrials.gov/study/NCT02508532
AVATROMBOPAG_CIT_AUTO_FULL_REVIEW.html,NCT03471078,35240074,,Al-Samkari H,2022,e179-e189,The Lancet. Haematology,"NCT NCT03471078: Percentage of Subjects Who do Not Require Platelet Transfusion, Dose Reduction in Chemotherapy by 15%, or Chemotherapy D. Source: ClinicalTrials.gov registry (AACT-verified); publicat",https://clinicaltrials.gov/study/NCT03471078
AVATROMBOPAG_CIT_AUTO_FULL_REVIEW.html,NCT02227693,35134259,,Eguchi Y,2022,371-380,Hepatology research : the official journal of the Japan Society of Hepatology,NCT NCT02227693: Percentage of Participants With Platelet Count Greater Than or Equal to 50 x 10^9/L and at Least 20 x 10^9/L Increase Fr. Source: ClinicalTrials.gov registry (AACT-verified); publicat,https://clinicaltrials.gov/study/NCT02227693
AVATROMBOPAG_CTCP_AUTO_FULL_REVIEW.html,NCT03471078,35240074,,Al-Samkari H,2022,e179-e189,The Lancet. Haematology,"NCT NCT03471078: Percentage of Subjects Who do Not Require Platelet Transfusion, Dose Reduction in Chemotherapy by 15%, or Chemotherapy D. Source: ClinicalTrials.gov registry (AACT-verified); publicat",https://clinicaltrials.gov/study/NCT03471078
AVATROMBOPAG_CTCP_AUTO_FULL_REVIEW.html,NCT02227693,35134259,,Eguchi Y,2022,371-380,Hepatology research : the official journal of the Japan Society of Hepatology,NCT NCT02227693: Percentage of Participants With Platelet Count Greater Than or Equal to 50 x 10^9/L and at Least 20 x 10^9/L Increase Fr. Source: ClinicalTrials.gov registry (AACT-verified); publicat,https://clinicaltrials.gov/study/NCT02227693
AVATROMBOPAG_ITP_AUTO_FULL_REVIEW.html,NCT03471078,35240074,,Al-Samkari H,2022,e179-e189,The Lancet. Haematology,"NCT NCT03471078: Percentage of Subjects Who do Not Require Platelet Transfusion, Dose Reduction in Chemotherapy by 15%, or Chemotherapy D. Source: ClinicalTrials.gov registry (AACT-verified); publicat",https://clinicaltrials.gov/study/NCT03471078
AVATROMBOPAG_ITP_AUTO_FULL_REVIEW.html,NCT02227693,35134259,,Eguchi Y,2022,371-380,Hepatology research : the official journal of the Japan Society of Hepatology,NCT NCT02227693: Percentage of Participants With Platelet Count Greater Than or Equal to 50 x 10^9/L and at Least 20 x 10^9/L Increase Fr. Source: ClinicalTrials.gov registry (AACT-verified); publicat,https://clinicaltrials.gov/study/NCT02227693
AVELUMAB_OVARIAN_CANCER_AUTO_FULL_REVIEW.html,NCT03642132,37185961,,Gaitskell K,2023,CD007930,The Cochrane database of systematic reviews,NCT NCT03642132: Progression-free Survival (Participants With Newly Diagnosed Advanced Ovarian Cancer With Defects in DDR+）. Source: ClinicalTrials.gov registry (AACT-verified); publication resolved l,https://clinicaltrials.gov/study/NCT03642132
AVELUMAB_OVARIAN_CANCER_AUTO_FULL_REVIEW.html,NCT02580058,34143970,,Pujade-Lauraine E,2021,1034-1046,The Lancet. Oncology,NCT NCT02580058: Overall Survival (OS). Source: ClinicalTrials.gov registry (AACT-verified); publication resolved live via NCT.,https://clinicaltrials.gov/study/NCT02580058
AXICABTAGENE_LYMPHOMA_AUTO_FULL_REVIEW.html,ZUMA-5,39240498,,Chartier M,2024,1283-1299,Clinical pharmacokinetics,NCT NCT03105336: Objective Response Rate (ORR): Percentage of Participants With Objective Response Per the Lugano Classification by Centr. Source: ClinicalTrials.gov registry (AACT-verified); publicat,https://clinicaltrials.gov/study/NCT03105336
AXICABTAGENE_LYMPHOMA_AUTO_FULL_REVIEW.html,ZUMA-7,34891224,,Locke FL,2022,640-654,The New England journal of medicine,NCT NCT03391466: Event Free Survival (EFS) Per Blinded Central Assessment. Source: ClinicalTrials.gov registry (AACT-verified); publication resolved live via NCT.,https://clinicaltrials.gov/study/NCT03391466
AZACITIDINE_MDS_AUTO_FULL_REVIEW.html,NCT02677922,33119479,,DiNardo CD,2021,57-65,Journal of clinical oncology : official journal of the American Society of Clinical Oncology,NCT NCT02677922: The Number of Participants Experiencing Dose-limiting Toxicities (DLTs): Phase 1B (Dose Finding Stage). Source: ClinicalTrials.gov registry (AACT-verified); publication resolved live ,https://clinicaltrials.gov/study/NCT02677922
AZACITIDINE_MDS_AUTO_FULL_REVIEW.html,BRIGHT AML1019,31516032,,Cortes JE,2019,3531-3545,"Future oncology (London, England)",NCT NCT03416179: Intensive Study: Overall Survival (OS). Source: ClinicalTrials.gov registry (AACT-verified); publication resolved live via NCT.,https://clinicaltrials.gov/study/NCT03416179
AZILSARTAN_HTN_AUTO_FULL_REVIEW.html,NCT00846365,29334491,,Cushman WC,2018,947-956,Journal of hypertension,"NCT NCT00846365: Change From Baseline to Week 8 in Trough, Sitting, Clinic Systolic Blood Pressure.. Source: ClinicalTrials.gov registry (AACT-verified); publication resolved live via NCT.",https://clinicaltrials.gov/study/NCT00846365
AZILSARTAN_HTN_AUTO_FULL_REVIEW.html,NCT00818883,22939358,,Bakris GL,2012,1229.e1-1229.e10,The American journal of medicine,"NCT NCT00818883: Change From Baseline in Trough, Sitting, Clinic Systolic Blood Pressure. Source: ClinicalTrials.gov registry (AACT-verified); publication resolved live via NCT.",https://clinicaltrials.gov/study/NCT00818883
AZILSARTAN_HTN_AUTO_FULL_REVIEW.html,NCT01033071,22710649,,Cushman WC,2012,310-318,"Hypertension (Dallas, Tex. : 1979)","NCT NCT01033071: Change From Baseline in Trough, Sitting, Clinic Systolic Blood Pressure.. Source: ClinicalTrials.gov registry (AACT-verified); publication resolved live via NCT.",https://clinicaltrials.gov/study/NCT01033071
AZILSARTAN_HTN_AUTO_FULL_REVIEW.html,NCT00591578,21762358,,Sica D,2011,467-472,"Journal of clinical hypertension (Greenwich, Conn.)",NCT NCT00591578: Change From Baseline in 24-hour Mean Systolic Blood Pressure Measured by Ambulatory Blood Pressure Monitoring.. Source: ClinicalTrials.gov registry (AACT-verified); publication resolv,https://clinicaltrials.gov/study/NCT00591578
BALANCED_CRYSTALLOIDS_ICU_REVIEW.html,PLUS,35041780,,Finfer S,2022,815-826,The New England journal of medicine,,https://clinicaltrials.gov/study/NCT02721654
BALANCED_CRYSTALLOIDS_ICU_REVIEW.html,BaSICS,34375394,,Zampieri FG,2021,1-12,JAMA,,https://clinicaltrials.gov/study/NCT02875873
BALANCED_CRYSTALLOIDS_ICU_REVIEW.html,SMART,29485925,,Semler MW,2018,829-839,The New England journal of medicine,,https://clinicaltrials.gov/study/NCT02444988
BAMLANIVIMAB_COVID_AUTO_FULL_REVIEW.html,BLAZE-4,34374951,,Nathan R,2021,1933-1947,Infectious diseases and therapy,NCT NCT04634409: Treatment 1-6 and Unintentional Dosing Arms: Percentage of Participants With Severe Acute Respiratory Syndrome Coronavir. Source: ClinicalTrials.gov registry (AACT-verified); publicat,https://clinicaltrials.gov/study/NCT04634409
BAMLANIVIMAB_COVID_AUTO_FULL_REVIEW.html,NCT04518410,34473343,,Kreuzberger N,2021,CD013825,The Cochrane database of systematic reviews,NCT NCT04518410: COVID-19 Symptom Duration (Phase 2). Source: ClinicalTrials.gov registry (AACT-verified); publication resolved live via NCT.,https://clinicaltrials.gov/study/NCT04518410
BAMLANIVIMAB_COVID_AUTO_FULL_REVIEW.html,OPTIMISE-C19,34034784,,Huang DT,2021,363,Trials,NCT NCT04790786: Hospital-free Days. Source: ClinicalTrials.gov registry (AACT-verified); publication resolved live via NCT.,https://clinicaltrials.gov/study/NCT04790786
BAMLANIVIMAB_COVID_AUTO_FULL_REVIEW.html,BLAZE-2,34081073,,Cohen MS,2021,46-55,JAMA,NCT NCT04497987: Percentage of Participants With COVID-19. Source: ClinicalTrials.gov registry (AACT-verified); publication resolved live via NCT.,https://clinicaltrials.gov/study/NCT04497987
BAMLANIVIMAB_OUTP_AUTO_FULL_REVIEW.html,BLAZE-4,34374951,,Nathan R,2021,1933-1947,Infectious diseases and therapy,NCT NCT04634409: Treatment 1-6 and Unintentional Dosing Arms: Percentage of Participants With Severe Acute Respiratory Syndrome Coronavir. Source: ClinicalTrials.gov registry (AACT-verified); publicat,https://clinicaltrials.gov/study/NCT04634409
BAMLANIVIMAB_OUTP_AUTO_FULL_REVIEW.html,NCT04518410,34473343,,Kreuzberger N,2021,CD013825,The Cochrane database of systematic reviews,NCT NCT04518410: COVID-19 Symptom Duration (Phase 2). Source: ClinicalTrials.gov registry (AACT-verified); publication resolved live via NCT.,https://clinicaltrials.gov/study/NCT04518410
BAMLANIVIMAB_OUTP_AUTO_FULL_REVIEW.html,OPTIMISE-C19,34034784,,Huang DT,2021,363,Trials,NCT NCT04790786: Hospital-free Days. Source: ClinicalTrials.gov registry (AACT-verified); publication resolved live via NCT.,https://clinicaltrials.gov/study/NCT04790786
BAMLANIVIMAB_OUTP_AUTO_FULL_REVIEW.html,BLAZE-2,34081073,,Cohen MS,2021,46-55,JAMA,NCT NCT04497987: Percentage of Participants With COVID-19. Source: ClinicalTrials.gov registry (AACT-verified); publication resolved live via NCT.,https://clinicaltrials.gov/study/NCT04497987
BARDOXOLONE_CKD_AUTO_FULL_REVIEW.html,CARDINAL,33159213,,Kashtan CE,2021,711-719,"Pediatric nephrology (Berlin, Germany)",NCT NCT03019185: Change From Baseline in Estimated Glomerular Filtration Rate (eGFR) After 12 Weeks of Treatment (Phase 2). Source: ClinicalTrials.gov registry (AACT-verified); publication resolved li,https://clinicaltrials.gov/study/NCT03019185
BARDOXOLONE_CKD_AUTO_FULL_REVIEW.html,FALCON,39356039,,St Pierre K,2024,CD010294,The Cochrane database of systematic reviews,NCT NCT03918447: Off-treatment Period: Change From Baseline in Estimated Glomerular Filtration Rate (eGFR) at Week 108. Source: ClinicalTrials.gov registry (AACT-verified); publication resolved live v,https://clinicaltrials.gov/study/NCT03918447
BARICITINIB_AA_AUTO_FULL_REVIEW.html,BRAVE-AA2,35334197,,King B,2022,1687-1699,The New England journal of medicine,NCT NCT03899259: Percentage of Participants Achieving Severity of Alopecia Tool (SALT) ≤ 20. Source: ClinicalTrials.gov registry (AACT-verified); publication resolved live via NCT.,https://clinicaltrials.gov/study/NCT03899259
BARICITINIB_AA_AUTO_FULL_REVIEW.html,BRAVE-AA1,35334197,,King B,2022,1687-1699,The New England journal of medicine,NCT NCT03570749: Percentage of Participants Achieving Severity of Alopecia Tool (SALT) ≤ 20 - Phase 3. Source: ClinicalTrials.gov registry (AACT-verified); publication resolved live via NCT.,https://clinicaltrials.gov/study/NCT03570749
BARICITINIB_AD_AUTO_FULL_REVIEW.html,BREEZE-AD5,33826132,,King B,2021,395-405,American journal of clinical dermatology,NCT NCT03435081: Percentage of Participants Achieving Eczema Area and Severity Index 75 (EASI75) (2 mg Baricitinib). Source: ClinicalTrials.gov registry (AACT-verified); publication resolved live via ,https://clinicaltrials.gov/study/NCT03435081
BARICITINIB_AD_AUTO_FULL_REVIEW.html,BREEZE-AD-PEDS,39522957,,Wollenberg A,2024,2411834,The Journal of dermatological treatment,NCT NCT03952559: Percentage of Participants Achieving Investigator's Global Assessment (IGA) of 0 or 1 With a ≥2 Point Improvement. Source: ClinicalTrials.gov registry (AACT-verified); publication res,https://clinicaltrials.gov/study/NCT03952559
BARICITINIB_AD_AUTO_FULL_REVIEW.html,NCT02576938,33826132,,King B,2021,395-405,American journal of clinical dermatology,NCT NCT02576938: Percentage of Participants With a 50% or Greater Reduction in the Eczema Area and Severity Index (EASI 50). Source: ClinicalTrials.gov registry (AACT-verified); publication resolved l,https://clinicaltrials.gov/study/NCT02576938
BARICITINIB_AD_AUTO_FULL_REVIEW.html,BREEZE-AD1,31995838,,Simpson EL,2020,242-255,The British journal of dermatology,NCT NCT03334396: Percentage of Participants Achieving Investigator's Global Assessment (IGA) of 0 or 1 With a ≥ 2 Point Improvement (Plac. Source: ClinicalTrials.gov registry (AACT-verified); publicat,https://clinicaltrials.gov/study/NCT03334396
BARICITINIB_ALOPECIA_AUTO_FULL_REVIEW.html,BRAVE-AA2,35334197,,King B,2022,1687-1699,The New England journal of medicine,NCT NCT03899259: Percentage of Participants Achieving Severity of Alopecia Tool (SALT) ≤ 20. Source: ClinicalTrials.gov registry (AACT-verified); publication resolved live via NCT.,https://clinicaltrials.gov/study/NCT03899259
BARICITINIB_ALOPECIA_AUTO_FULL_REVIEW.html,BRAVE-AA1,35334197,,King B,2022,1687-1699,The New England journal of medicine,NCT NCT03570749: Percentage of Participants Achieving Severity of Alopecia Tool (SALT) ≤ 20 - Phase 3. Source: ClinicalTrials.gov registry (AACT-verified); publication resolved live via NCT.,https://clinicaltrials.gov/study/NCT03570749
BARICITINIB_SLE_AUTO_FULL_REVIEW.html,BRAVE II,33687069,,Hannon CW,2021,CD007478,The Cochrane database of systematic reviews,NCT NCT03616964: Percentage of Participants Achieving a Systemic Lupus Erythematosus Responder Index 4 (SRI-4) Response (4 mg Baricitinib. Source: ClinicalTrials.gov registry (AACT-verified); publicat,https://clinicaltrials.gov/study/NCT03616964
BARICITINIB_SLE_AUTO_FULL_REVIEW.html,SLE-BRAVE I,33687069,,Hannon CW,2021,CD007478,The Cochrane database of systematic reviews,NCT NCT03616912: Percentage of Participants Achieving a Systemic Lupus Erythematosus Responder Index 4 (SRI-4) Response (4 mg Baricitinib. Source: ClinicalTrials.gov registry (AACT-verified); publicat,https://clinicaltrials.gov/study/NCT03616912
BARICITINIB_SLE_AUTO_FULL_REVIEW.html,NCT02708095,30043749,,Wallace DJ,2018,222-231,"Lancet (London, England)",NCT NCT02708095: Percentage of Participants Who Achieve Remission of Arthritis and/or Rash Defined by the Systemic Lupus Erythematosus Di. Source: ClinicalTrials.gov registry (AACT-verified); publicat,https://clinicaltrials.gov/study/NCT02708095
BELIMUMAB_LN_AUTO_FULL_REVIEW.html,BLISS-LN,32937045,,Furie R,2020,1117-1128,The New England journal of medicine,NCT NCT01639339: Double-blind Period: Percentage of Participants With Primary Efficacy Renal Response (PERR) at Week 104. Source: ClinicalTrials.gov registry (AACT-verified); publication resolved live,https://clinicaltrials.gov/study/NCT01639339
BELIMUMAB_LN_AUTO_FULL_REVIEW.html,CALIBRATE,32755035,,Atisha-Fregoso Y,2021,121-131,"Arthritis & rheumatology (Hoboken, N.J.)","NCT NCT02260934: Percentage of Participants With At Least One Grade 3 or Higher Infectious Adverse Event By Week 24, Week 48 and Week 96. Source: ClinicalTrials.gov registry (AACT-verified); publicati",https://clinicaltrials.gov/study/NCT02260934
BELIMUMAB_LUPUS_AUTO_FULL_REVIEW.html,NCT03312907,30055091,,Parodis I,2019,811-821,Arthritis care & research,NCT NCT03312907: Percentage of Participants With a State of Disease Control at Week 52. Source: ClinicalTrials.gov registry (AACT-verified); publication resolved live via NCT.,https://clinicaltrials.gov/study/NCT03312907
BELIMUMAB_LUPUS_AUTO_FULL_REVIEW.html,BLISS-52,21296403,,Navarra SV,2011,721-731,"Lancet (London, England)",NCT NCT00424476: SLE Responder Index (SRI) Response Rate at Week 52. Source: ClinicalTrials.gov registry (AACT-verified); publication resolved live via NCT.,https://clinicaltrials.gov/study/NCT00424476
BELIMUMAB_LUPUS_AUTO_FULL_REVIEW.html,NCT00732940,31302695,,van Vollenhoven RF,2020,281-291,"Rheumatology (Oxford, England)",NCT NCT00732940: Evaluation of the Number of Participants Who Experienced Adverse Events (AEs) During the 24 Week Period.. Source: ClinicalTrials.gov registry (AACT-verified); publication resolved liv,https://clinicaltrials.gov/study/NCT00732940
BELIMUMAB_LUPUS_NEPH_AUTO_FULL_REVIEW.html,BLISS-LN,32937045,,Furie R,2020,1117-1128,The New England journal of medicine,NCT NCT01639339: Double-blind Period: Percentage of Participants With Primary Efficacy Renal Response (PERR) at Week 104. Source: ClinicalTrials.gov registry (AACT-verified); publication resolved live,https://clinicaltrials.gov/study/NCT01639339
BELIMUMAB_LUPUS_NEPH_AUTO_FULL_REVIEW.html,CALIBRATE,32755035,,Atisha-Fregoso Y,2021,121-131,"Arthritis & rheumatology (Hoboken, N.J.)","NCT NCT02260934: Percentage of Participants With At Least One Grade 3 or Higher Infectious Adverse Event By Week 24, Week 48 and Week 96. Source: ClinicalTrials.gov registry (AACT-verified); publicati",https://clinicaltrials.gov/study/NCT02260934
BEMPEDOIC_ACID_REVIEW.html,CLEAR Harmony,30865796,,Ray KK,2019,1022-1032,The New England journal of medicine,N Engl J Med 2019; 380:1022-1032,https://www.nejm.org/doi/full/10.1056/NEJMoa1803917
BEMPEDOIC_ACID_REVIEW.html,CLEAR Serenity,32609313,YEAR_MISMATCH,Banach M,2020,1124-1135,JAMA cardiology,J Am Heart Assoc. 2019;8:e011608,https://www.ahajournals.org/doi/full/10.1161/JAHA.119.011608
BENDAMUSTINE_LYMPHOMA_AUTO_FULL_REVIEW.html,NCT01286272,31174236,,Blum KA,2019,3378-3389,Cancer,NCT NCT01286272: Complete Response Rate. Source: ClinicalTrials.gov registry (AACT-verified); publication resolved live via NCT.,https://clinicaltrials.gov/study/NCT01286272
BENRALIZUMAB_ASTHMA_AUTO_FULL_REVIEW.html,TATE,38491795,,Wedner HJ,2024,e14092,Pediatric allergy and immunology : official publication of the European Society of Pediatric Allergy and Immunology,NCT NCT04305405: Clearance of Benralizumab. Source: ClinicalTrials.gov registry (AACT-verified); publication resolved live via NCT.,https://clinicaltrials.gov/study/NCT04305405
BENRALIZUMAB_ASTHMA_AUTO_FULL_REVIEW.html,NCT01928771,27609408,,Bleecker ER,2016,2115-2127,"Lancet (London, England)",NCT NCT01928771: Annual Asthma Exacerbation Rate in Adult and Adolescent Patients With Uncontrolled Asthma for Eosinophils >=300/uL. Source: ClinicalTrials.gov registry (AACT-verified); publication re,https://clinicaltrials.gov/study/NCT01928771
BENRALIZUMAB_CRSWNP_AUTO_FULL_REVIEW.html,ORCHID,33710614,,Chong LY,2021,CD013513,The Cochrane database of systematic reviews,NCT NCT04157335: Change From Baseline in Endoscopic Total Nasal Polyp Score (NPS) at Week 56. Source: ClinicalTrials.gov registry (AACT-verified); publication resolved live via NCT.,https://clinicaltrials.gov/study/NCT04157335
BENRALIZUMAB_CRSWNP_AUTO_FULL_REVIEW.html,NCT03450083,33595845,,Tversky J,2021,836-844,Clinical and experimental allergy : journal of the British Society for Allergy and Clinical Immunology,NCT NCT03450083: Change in Nasal Polyp Score. Source: ClinicalTrials.gov registry (AACT-verified); publication resolved live via NCT.,https://clinicaltrials.gov/study/NCT03450083
BENRALIZUMAB_CRSWNP_AUTO_FULL_REVIEW.html,OSTRO,34110505,,Geng B,2021,36,Current allergy and asthma reports,NCT NCT03401229: Change From Baseline in Total NPS at Week 40. Source: ClinicalTrials.gov registry (AACT-verified); publication resolved live via NCT.,https://clinicaltrials.gov/study/NCT03401229
BEVACIZUMAB_LUNG_AUTO_FULL_REVIEW.html,NCT00961415,23835708,,Barlesi F,2013,3004-3011,Journal of clinical oncology : official journal of the American Society of Clinical Oncology,NCT NCT00961415: Progression Free Survival During Maintenance Treatment Phase. Source: ClinicalTrials.gov registry (AACT-verified); publication resolved live via NCT.,https://clinicaltrials.gov/study/NCT00961415
BEVACIZUMAB_LUNG_AUTO_FULL_REVIEW.html,NCT00948675,25371077,,Zinner RG,2015,134-142,Journal of thoracic oncology : official publication of the International Association for the Study of Lung Cancer,NCT NCT00948675: Progression Free Survival Without Grade 4 Toxicity (G4PFS) as Measured by the Common Terminology Criteria for Adverse Ev. Source: ClinicalTrials.gov registry (AACT-verified); publicat,https://clinicaltrials.gov/study/NCT00948675
BEVACIZUMAB_RENAL_AUTO_FULL_REVIEW.html,IMmotion150,32233107,,Pal SK,2020,73-82,BJU international,NCT NCT01984242: Percentage of Participants With Disease Progression Per Response Evaluation Criteria in Solid Tumors Version 1.1 (RECIST. Source: ClinicalTrials.gov registry (AACT-verified); publicat,https://clinicaltrials.gov/study/NCT01984242
BEVACIZUMAB_RENAL_AUTO_FULL_REVIEW.html,NCT01130519,40532152,,Srinivasan R,2025,2346-2356,The New England journal of medicine,NCT NCT01130519: Overall Response Rate. Source: ClinicalTrials.gov registry (AACT-verified); publication resolved live via NCT.,https://clinicaltrials.gov/study/NCT01130519
BEVACIZUMAB_RENAL_AUTO_FULL_REVIEW.html,INTORACT,24297945,,Rini BI,2014,752-759,Journal of clinical oncology : official journal of the American Society of Clinical Oncology,NCT NCT00631371: Progression-Free Survival (PFS): Independent-Assessment. Source: ClinicalTrials.gov registry (AACT-verified); publication resolved live via NCT.,https://clinicaltrials.gov/study/NCT00631371
BEVACIZUMAB_RENAL_AUTO_FULL_REVIEW.html,NCT00719264,25851632,,Ravaud A,2015,1378-1384,Annals of oncology : official journal of the European Society for Medical Oncology,NCT NCT00719264: Progression-free Survival (PFS) of Participants Who Received RAD001 Plus Bevacizumab Versus Participants Who Received IF. Source: ClinicalTrials.gov registry (AACT-verified); publicat,https://clinicaltrials.gov/study/NCT00719264
BEZLOTOXUMAB_CDI_AUTO_FULL_REVIEW.html,BEYOND,41483804,,Psarrakis C,2026,102533,Cell reports. Medicine,NCT NCT05304715: The Superiority of Bezlotoxumab Over Placebo to Reduce the Occurence of an Unfavorable Outcome by Day 40.. Source: ClinicalTrials.gov registry (AACT-verified); publication resolved li,https://clinicaltrials.gov/study/NCT05304715
BEZLOTOXUMAB_CDI_AUTO_FULL_REVIEW.html,MODIFY III,37389891,,Sferra TJ,2023,334-341,Journal of the Pediatric Infectious Diseases Society,NCT NCT03182907: Area Under the Concentration-Time Curve of Bezlotoxumab From Time 0 to Infinity (AUC0-inf). Source: ClinicalTrials.gov registry (AACT-verified); publication resolved live via NCT.,https://clinicaltrials.gov/study/NCT03182907
BEZLOTOXUMAB_CDIFF_AUTO_FULL_REVIEW.html,BEYOND,41483804,,Psarrakis C,2026,102533,Cell reports. Medicine,NCT NCT05304715: The Superiority of Bezlotoxumab Over Placebo to Reduce the Occurence of an Unfavorable Outcome by Day 40.. Source: ClinicalTrials.gov registry (AACT-verified); publication resolved li,https://clinicaltrials.gov/study/NCT05304715
BEZLOTOXUMAB_CDIFF_AUTO_FULL_REVIEW.html,MODIFY III,37389891,,Sferra TJ,2023,334-341,Journal of the Pediatric Infectious Diseases Society,NCT NCT03182907: Area Under the Concentration-Time Curve of Bezlotoxumab From Time 0 to Infinity (AUC0-inf). Source: ClinicalTrials.gov registry (AACT-verified); publication resolved live via NCT.,https://clinicaltrials.gov/study/NCT03182907
BIMEKIZUMAB_AS_AUTO_FULL_REVIEW.html,BE MOBILE 2,36649967,,van der Heijde D,2023,515-526,Annals of the rheumatic diseases,NCT NCT03928743: Percentage of Participants With Assessment of SpondyloArthritis International Society 40% Response Criteria (ASAS40) Res. Source: ClinicalTrials.gov registry (AACT-verified); publicat,https://clinicaltrials.gov/study/NCT03928743
BIMEKIZUMAB_AS_AUTO_FULL_REVIEW.html,BE MOBILE 1,36649967,,van der Heijde D,2023,515-526,Annals of the rheumatic diseases,NCT NCT03928704: Percentage of Participants With Assessment of SpondyloArthritis International Society 40% Response Criteria (ASAS40) Res. Source: ClinicalTrials.gov registry (AACT-verified); publicat,https://clinicaltrials.gov/study/NCT03928704
BIMEKIZUMAB_AS_AUTO_FULL_REVIEW.html,NCT03215277,39620046,,Baraliakos X,2024,1759720X241293944,Therapeutic advances in musculoskeletal disease,NCT NCT03215277: Change From Baseline in Ankylosing Spondylitis Disease Activity Score (ASDAS) at Week 12. Source: ClinicalTrials.gov registry (AACT-verified); publication resolved live via NCT.,https://clinicaltrials.gov/study/NCT03215277
BIMEKIZUMAB_AS_AUTO_FULL_REVIEW.html,BE AGILE,32253184,,van der Heijde D,2020,595-604,Annals of the rheumatic diseases,NCT NCT02963506: Percentage of Participants With Axial Spondyloarthritis International Society 40% Response Criteria (ASAS40) at Week 12. Source: ClinicalTrials.gov registry (AACT-verified); publicati,https://clinicaltrials.gov/study/NCT02963506
BIMEKIZUMAB_AXIAL_AUTO_FULL_REVIEW.html,BE MOBILE 2,36649967,,van der Heijde D,2023,515-526,Annals of the rheumatic diseases,NCT NCT03928743: Percentage of Participants With Assessment of SpondyloArthritis International Society 40% Response Criteria (ASAS40) Res. Source: ClinicalTrials.gov registry (AACT-verified); publicat,https://clinicaltrials.gov/study/NCT03928743
BIMEKIZUMAB_AXIAL_AUTO_FULL_REVIEW.html,BE MOBILE 1,36649967,,van der Heijde D,2023,515-526,Annals of the rheumatic diseases,NCT NCT03928704: Percentage of Participants With Assessment of SpondyloArthritis International Society 40% Response Criteria (ASAS40) Res. Source: ClinicalTrials.gov registry (AACT-verified); publicat,https://clinicaltrials.gov/study/NCT03928704
BIMEKIZUMAB_AXIAL_AUTO_FULL_REVIEW.html,NCT03215277,39620046,,Baraliakos X,2024,1759720X241293944,Therapeutic advances in musculoskeletal disease,NCT NCT03215277: Change From Baseline in Ankylosing Spondylitis Disease Activity Score (ASDAS) at Week 12. Source: ClinicalTrials.gov registry (AACT-verified); publication resolved live via NCT.,https://clinicaltrials.gov/study/NCT03215277
BIMEKIZUMAB_AXIAL_AUTO_FULL_REVIEW.html,BE AGILE,32253184,,van der Heijde D,2020,595-604,Annals of the rheumatic diseases,NCT NCT02963506: Percentage of Participants With Axial Spondyloarthritis International Society 40% Response Criteria (ASAS40) at Week 12. Source: ClinicalTrials.gov registry (AACT-verified); publicati,https://clinicaltrials.gov/study/NCT02963506
BIMEKIZUMAB_HS_AUTO_FULL_REVIEW.html,BE HEARD I,38795716,,Kimball AB,2024,2504-2519,"Lancet (London, England)",NCT NCT04242446: Percentage of Participants Achieving Clinical Response as Measured by Hidradenitis Suppurativa Clinical Response 50 (HiS. Source: ClinicalTrials.gov registry (AACT-verified); publicat,https://clinicaltrials.gov/study/NCT04242446
BIMEKIZUMAB_HS_AUTO_FULL_REVIEW.html,BE HEARD II,38795716,,Kimball AB,2024,2504-2519,"Lancet (London, England)",NCT NCT04242498: Percentage of Participants Achieving Clinical Response as Measured by Hidradenitis Suppurativa Clinical Response 50 (HiS. Source: ClinicalTrials.gov registry (AACT-verified); publicat,https://clinicaltrials.gov/study/NCT04242498
BIMEKIZUMAB_HS_AUTO_FULL_REVIEW.html,NCT03248531,34406364,,Glatt S,2021,1279-1288,JAMA dermatology,NCT NCT03248531: Percentage of Participants Achieving Clinical Response as Measured by Hidradenitis Suppurativa Clinical Response (HiSCR). Source: ClinicalTrials.gov registry (AACT-verified); publicat,https://clinicaltrials.gov/study/NCT03248531
BIMEKIZUMAB_PSORIASIS_2_AUTO_FULL_REVIEW.html,BE RADIANT,33891380,,Reich K,2021,142-152,The New England journal of medicine,NCT NCT03536884: Percentage of Participants With a Psoriasis Area and Severity Index 100 (PASI100) Response at Week 16. Source: ClinicalTrials.gov registry (AACT-verified); publication resolved live v,https://clinicaltrials.gov/study/NCT03536884
BIMEKIZUMAB_PSORIASIS_2_AUTO_FULL_REVIEW.html,NCT05020249,39328126,,Youn SW,2024,1392-1403,The Journal of dermatology,NCT NCT05020249: Percentage of Participants With a Psoriasis Area and Severity Index 90 (PASI90) Response at Week 16. Source: ClinicalTrials.gov registry (AACT-verified); publication resolved live via,https://clinicaltrials.gov/study/NCT05020249
BIMEKIZUMAB_PSORIASIS_2_AUTO_FULL_REVIEW.html,NCT03766685,35133113,,Bagel J,2022,162-171,Journal of drugs in dermatology : JDD,NCT NCT03766685: Percentage of Participants Able to Self-administer Safe and Effective Injections Using the Bimekizumab-safety Syringe (S. Source: ClinicalTrials.gov registry (AACT-verified); publicat,https://clinicaltrials.gov/study/NCT03766685
BIMEKIZUMAB_PSORIASIS_AUTO_FULL_REVIEW.html,BE RADIANT,33891380,,Reich K,2021,142-152,The New England journal of medicine,NCT NCT03536884: Percentage of Participants With a Psoriasis Area and Severity Index 100 (PASI100) Response at Week 16. Source: ClinicalTrials.gov registry (AACT-verified); publication resolved live v,https://clinicaltrials.gov/study/NCT03536884
BIMEKIZUMAB_PSORIASIS_AUTO_FULL_REVIEW.html,NCT05020249,39328126,,Youn SW,2024,1392-1403,The Journal of dermatology,NCT NCT05020249: Percentage of Participants With a Psoriasis Area and Severity Index 90 (PASI90) Response at Week 16. Source: ClinicalTrials.gov registry (AACT-verified); publication resolved live via,https://clinicaltrials.gov/study/NCT05020249
BIMEKIZUMAB_PSORIASIS_AUTO_FULL_REVIEW.html,NCT03766685,35133113,,Bagel J,2022,162-171,Journal of drugs in dermatology : JDD,NCT NCT03766685: Percentage of Participants Able to Self-administer Safe and Effective Injections Using the Bimekizumab-safety Syringe (S. Source: ClinicalTrials.gov registry (AACT-verified); publicat,https://clinicaltrials.gov/study/NCT03766685
BIMEKIZUMAB_PSORIATIC_AUTO_FULL_REVIEW.html,BE OPTIMAL,36493791,,McInnes IB,2023,25-37,"Lancet (London, England)",NCT NCT03895203: Percentage of Participants With an American College of Rheumatology (ACR) 50 Response at Week 16. Source: ClinicalTrials.gov registry (AACT-verified); publication resolved live via NC,https://clinicaltrials.gov/study/NCT03895203
BIMEKIZUMAB_PSORIATIC_AUTO_FULL_REVIEW.html,BE COMPLETE,36495881,,Merola JF,2023,38-48,"Lancet (London, England)",NCT NCT03896581: Percentage of Participants With American College of Rheumatology 50 (ACR50) Response. Source: ClinicalTrials.gov registry (AACT-verified); publication resolved live via NCT.,https://clinicaltrials.gov/study/NCT03896581
BIMEKIZUMAB_PSORIATIC_AUTO_FULL_REVIEW.html,BE READY,33549192,,Gordon KB,2021,475-486,"Lancet (London, England)",NCT NCT03410992: Percentage of Participants With a Psoriasis Area and Severity Index 90 (PASI90) Response at Week 16. Source: ClinicalTrials.gov registry (AACT-verified); publication resolved live via,https://clinicaltrials.gov/study/NCT03410992
BOCOCIZUMAB_LIPID_AUTO_FULL_REVIEW.html,SPIRE-LDL,28304227,,Ridker PM,2017,1517-1526,The New England journal of medicine,NCT NCT01968967: Percent Change From Baseline in Fasting Low Density Lipoprotein Cholesterol (LDL-C) at Week 12. Source: ClinicalTrials.gov registry (AACT-verified); publication resolved live via NCT.,https://clinicaltrials.gov/study/NCT01968967
BOCOCIZUMAB_LIPID_AUTO_FULL_REVIEW.html,SPIRE-LL,28304227,,Ridker PM,2017,1517-1526,The New England journal of medicine,NCT NCT02100514: Percent Change From Baseline in Fasting Low Density Lipoprotein Cholesterol (LDL-C) at Week 12. Source: ClinicalTrials.gov registry (AACT-verified); publication resolved live via NCT.,https://clinicaltrials.gov/study/NCT02100514
BOCOCIZUMAB_LIPID_AUTO_FULL_REVIEW.html,SPIRE-HR,28304227,,Ridker PM,2017,1517-1526,The New England journal of medicine,NCT NCT01968954: Percent Change From Baseline in Low Density Lipoprotein-Cholesterol (LDL-C) at Week 12. Source: ClinicalTrials.gov registry (AACT-verified); publication resolved live via NCT.,https://clinicaltrials.gov/study/NCT01968954
BOCOCIZUMAB_LIPID_AUTO_FULL_REVIEW.html,SPIRE-AI,28304227,,Ridker PM,2017,1517-1526,The New England journal of medicine,NCT NCT02458287: Percent Change From Baseline at Week 12 in Fasting Low Density Lipoprotein Cholesterol (LDL-C) Level for Bococizumab 150. Source: ClinicalTrials.gov registry (AACT-verified); publicat,https://clinicaltrials.gov/study/NCT02458287
BOCOCIZUMAB_LIPID_AUTO_FULL_REVIEW.html,SPIRE-SI,28304227,,Ridker PM,2017,1517-1526,The New England journal of medicine,NCT NCT02135029: Percent Change From Baseline in Fasting Low Density Lipoprotein Cholesterol (LDL-C) at Week 12. Source: ClinicalTrials.gov registry (AACT-verified); publication resolved live via NCT.,https://clinicaltrials.gov/study/NCT02135029
BOSENTAN_PAH_AUTO_FULL_REVIEW.html,Compass-2,26113687,,McLaughlin V,2015,405-413,The European respiratory journal,NCT NCT00303459: Time to First Confirmed Morbidity/Mortality Event up to the End of Study. Source: ClinicalTrials.gov registry (AACT-verified); publication resolved live via NCT.,https://clinicaltrials.gov/study/NCT00303459
BOSENTAN_PAH_AUTO_FULL_REVIEW.html,FUTURE 2,26386921,,Berger RM,2016,52-58,International journal of cardiology,NCT NCT00319020: Change From Baseline to End of Study (EOS) in Height for Age.. Source: ClinicalTrials.gov registry (AACT-verified); publication resolved live via NCT.,https://clinicaltrials.gov/study/NCT00319020
BOSUTINIB_LEUKEMIA_AUTO_FULL_REVIEW.html,NCT01903733,35235189,,Takahashi N,2022,838-851,International journal of hematology,NCT NCT01903733: Number of Participants With Treatment-Emergent Adverse Events (AEs) and Serious Adverse Events (SAEs) Based on National . Source: ClinicalTrials.gov registry (AACT-verified); publicat,https://clinicaltrials.gov/study/NCT01903733
BOSUTINIB_LEUKEMIA_AUTO_FULL_REVIEW.html,NCT02130557,29091516,,Cortes JE,2018,231-237,Journal of clinical oncology : official journal of the American Society of Clinical Oncology,NCT NCT02130557: Percentage of Participants With Major Molecular Response (MMR) at Month 12. Source: ClinicalTrials.gov registry (AACT-verified); publication resolved live via NCT.,https://clinicaltrials.gov/study/NCT02130557
BOSUTINIB_LEUKEMIA_AUTO_FULL_REVIEW.html,NCT03106779,34407542,,Réa D,2021,2031-2041,Blood,NCT NCT03106779: Number of Participants With Major Molecular Response (MMR) Rate at 24 Weeks. Source: ClinicalTrials.gov registry (AACT-verified); publication resolved live via NCT.,https://clinicaltrials.gov/study/NCT03106779
BRENTUXIMAB_HODGKIN_AUTO_FULL_REVIEW.html,NCT03907488,37505794,,Castellino SM,2023,e30580,Pediatric blood & cancer,NCT NCT03907488: Progression Free Survival (PFS). Source: ClinicalTrials.gov registry (AACT-verified); publication resolved live via NCT.,https://clinicaltrials.gov/study/NCT03907488
BRENTUXIMAB_HODGKIN_AUTO_FULL_REVIEW.html,NCT01771107,29280762,,Rubinstein PG,2018,605-611,"AIDS (London, England)",NCT NCT01771107: Maximal Tolerated Dose of Brentuximab Vedotin (Phase I). Source: ClinicalTrials.gov registry (AACT-verified); publication resolved live via NCT.,https://clinicaltrials.gov/study/NCT01771107
BRENTUXIMAB_PTCL_AUTO_FULL_REVIEW.html,ECHELON-2,25135998,,Fanale MA,2014,3137-3143,Journal of clinical oncology : official journal of the American Society of Clinical Oncology,NCT NCT01777152: Progression-free Survival Per Independent Review Facility (IRF). Source: ClinicalTrials.gov registry (AACT-verified); publication resolved live via NCT.,https://clinicaltrials.gov/study/NCT01777152
BRENTUXIMAB_PTCL_AUTO_FULL_REVIEW.html,NCT01421667,24652992,,Horwitz SM,2014,3095-3100,Blood,NCT NCT01421667: Objective Response Rate (ORR) by Investigator With Brentuximab Vedotin Monotherapy. Source: ClinicalTrials.gov registry (AACT-verified); publication resolved live via NCT.,https://clinicaltrials.gov/study/NCT01421667
BREXPIPRAZOLE_AGITATION_AUTO_FULL_REVIEW.html,NCT03594123,39534972,,Behl S,2024,520-529,Journal of Alzheimer's disease : JAD,NCT NCT03594123: Percentage of Participants With Treatment-emergent Adverse Events (TEAEs) by Severity. Source: ClinicalTrials.gov registry (AACT-verified); publication resolved live via NCT.,https://clinicaltrials.gov/study/NCT03594123
BREXPIPRAZOLE_AGITATION_AUTO_FULL_REVIEW.html,NCT03620981,40717666,,Nakamura Y,2025,e70522,Alzheimer's & dementia : the journal of the Alzheimer's Association,NCT NCT03620981: Change From Baseline in Cohen-Manfield Agitation Inventory(CMAI) Score at 10 Weeks After Dosing.. Source: ClinicalTrials.gov registry (AACT-verified); publication resolved live via NC,https://clinicaltrials.gov/study/NCT03620981
BREXPIPRAZOLE_AGITATION_AUTO_FULL_REVIEW.html,NCT03548584,37930669,,Lee D,2023,1307-1316,JAMA neurology,NCT NCT03548584: Change From Baseline to Week 12 in the CMAI Total Score. Source: ClinicalTrials.gov registry (AACT-verified); publication resolved live via NCT.,https://clinicaltrials.gov/study/NCT03548584
BREXPIPRAZOLE_AGITATION_AUTO_FULL_REVIEW.html,NCT01922258,31708380,,Grossberg GT,2020,383-400,The American journal of geriatric psychiatry : official journal of the American Association for Geriatric Psychiatry,NCT NCT01922258: Change From Baseline to Week 12/Early Termination in the Cohen-Mansfield Agitation Inventory (CMAI) Total Score. Source: ClinicalTrials.gov registry (AACT-verified); publication resol,https://clinicaltrials.gov/study/NCT01922258
BREXPIPRAZOLE_AGITATION_AUTO_FULL_REVIEW.html,NCT03724942,40290781,,Nakamura Y,2025,25424823251334054,Journal of Alzheimer's disease reports,NCT NCT03724942: The Frequency of Subjects With Treatment-Emergent Adverse Events (TEAEs). Source: ClinicalTrials.gov registry (AACT-verified); publication resolved live via NCT.,https://clinicaltrials.gov/study/NCT03724942
BREXPIPRAZOLE_AGITATION_AUTO_FULL_REVIEW.html,NCT01862640,31708380,,Grossberg GT,2020,383-400,The American journal of geriatric psychiatry : official journal of the American Association for Geriatric Psychiatry,NCT NCT01862640: Change From Baseline In The Cohen-Mansfield Agitation Inventory (CMAI) Total Score After 12 Weeks Of Brexpiprazole Treat. Source: ClinicalTrials.gov registry (AACT-verified); publicat,https://clinicaltrials.gov/study/NCT01862640
BREXPIPRAZOLE_SCHIZ_AUTO_FULL_REVIEW.html,NCT02194933,32450497,,van Erp TG,2020,111085,Psychiatry research. Neuroimaging,NCT NCT02194933: Change From Baseline Brain Activation in the Ventrolateral Prefrontal Cortex (VLPFC) Based on Change From Baseline to We. Source: ClinicalTrials.gov registry (AACT-verified); publicat,https://clinicaltrials.gov/study/NCT02194933
BREXPIPRAZOLE_SCHIZ_AUTO_FULL_REVIEW.html,NCT03526354,41129678,,Fan X,2025,,The Journal of clinical psychiatry,NCT NCT03526354: Timeline Follow Back (TLFB). Source: ClinicalTrials.gov registry (AACT-verified); publication resolved live via NCT.,https://clinicaltrials.gov/study/NCT03526354
BREXPIPRAZOLE_SCHIZ_AUTO_FULL_REVIEW.html,NCT01854944,31847007,,Girgis RR,2020,786-792,Neuropsychopharmacology : official publication of the American College of Neuropsychopharmacology,NCT NCT01854944: Change in Percentage Dopamine D2/D3 Receptor Occupancy. Source: ClinicalTrials.gov registry (AACT-verified); publication resolved live via NCT.,https://clinicaltrials.gov/study/NCT01854944
BREXPIPRAZOLE_SCHIZ_AUTO_FULL_REVIEW.html,NCT03198078,40209740,,Ward C,2025,345-354,The lancet. Psychiatry,NCT NCT03198078: Change From Baseline to Week 6 in Positive and Negative Syndrome Scale (PANSS) Total Score. Source: ClinicalTrials.gov registry (AACT-verified); publication resolved live via NCT.,https://clinicaltrials.gov/study/NCT03198078
BREXPIPRAZOLE_SCHIZO_AUTO_FULL_REVIEW.html,NCT02194933,32450497,,van Erp TG,2020,111085,Psychiatry research. Neuroimaging,NCT NCT02194933: Change From Baseline Brain Activation in the Ventrolateral Prefrontal Cortex (VLPFC) Based on Change From Baseline to We. Source: ClinicalTrials.gov registry (AACT-verified); publicat,https://clinicaltrials.gov/study/NCT02194933
BREXPIPRAZOLE_SCHIZO_AUTO_FULL_REVIEW.html,NCT03526354,41129678,,Fan X,2025,,The Journal of clinical psychiatry,NCT NCT03526354: Timeline Follow Back (TLFB). Source: ClinicalTrials.gov registry (AACT-verified); publication resolved live via NCT.,https://clinicaltrials.gov/study/NCT03526354
BREXPIPRAZOLE_SCHIZO_AUTO_FULL_REVIEW.html,NCT01854944,31847007,,Girgis RR,2020,786-792,Neuropsychopharmacology : official publication of the American College of Neuropsychopharmacology,NCT NCT01854944: Change in Percentage Dopamine D2/D3 Receptor Occupancy. Source: ClinicalTrials.gov registry (AACT-verified); publication resolved live via NCT.,https://clinicaltrials.gov/study/NCT01854944
BREXPIPRAZOLE_SCHIZO_AUTO_FULL_REVIEW.html,NCT03198078,40209740,,Ward C,2025,345-354,The lancet. Psychiatry,NCT NCT03198078: Change From Baseline to Week 6 in Positive and Negative Syndrome Scale (PANSS) Total Score. Source: ClinicalTrials.gov registry (AACT-verified); publication resolved live via NCT.,https://clinicaltrials.gov/study/NCT03198078
BREXUCABTAGENE_LYMPHOMA_AUTO_FULL_REVIEW.html,ZUMA-8,40209059,,Davids MS,2025,938-943,Blood,NCT NCT03624036: Number of Participants Experiencing Dose Limiting Toxicities (DLTs). Source: ClinicalTrials.gov registry (AACT-verified); publication resolved live via NCT.,https://clinicaltrials.gov/study/NCT03624036
BREXUCABTAGENE_LYMPHOMA_AUTO_FULL_REVIEW.html,ZUMA-2,32242358,,Wang M,2020,1331-1342,The New England journal of medicine,NCT NCT02601313: Percentage of Participants With Objective Response (OR) Per the Lugano Classification According to Independent Radiology. Source: ClinicalTrials.gov registry (AACT-verified); publicat,https://clinicaltrials.gov/study/NCT02601313
BREZ_PSORIASIS_AUTO_FULL_REVIEW.html,AMAGINE-2,26422722,,Lebwohl M,2015,1318-1328,The New England journal of medicine,NCT NCT01708603: Percentage of Participants With Static Physician Global Assessment (sPGA) Score Success (Score of 0 or 1) at Week 12. Source: ClinicalTrials.gov registry (AACT-verified); publication ,https://clinicaltrials.gov/study/NCT01708603
BREZ_PSORIASIS_AUTO_FULL_REVIEW.html,COBRA,38300408,,Reich K,2024,453-468,Dermatology and therapy,NCT NCT04533737: Having Psoriasis Area and Severity Index (PASI) 100 Response at Week 16. Source: ClinicalTrials.gov registry (AACT-verified); publication resolved live via NCT.,https://clinicaltrials.gov/study/NCT04533737
BRIGATINIB_ALK_NSCLC_AUTO_FULL_REVIEW.html,ALTA-1L,30280657,,Camidge DR,2018,2027-2039,The New England journal of medicine,NCT NCT02737501: Progression-free Survival (PFS). Source: ClinicalTrials.gov registry (AACT-verified); publication resolved live via NCT.,https://clinicaltrials.gov/study/NCT02737501
BRIGATINIB_ALK_NSCLC_AUTO_FULL_REVIEW.html,NCT02706626,33039599,,Stinchcombe TE,2021,156-161,Journal of thoracic oncology : official publication of the International Association for the Study of Lung Cancer,NCT NCT02706626: Objective Response Rate. Source: ClinicalTrials.gov registry (AACT-verified); publication resolved live via NCT.,https://clinicaltrials.gov/study/NCT02706626
BRIVARACETAM_EPILEPSY_AUTO_FULL_REVIEW.html,NCT03405714,35196395,,Farkas MK,2022,855-864,Epilepsia,"NCT NCT03405714: Plasma Concentration of Brivaracetam (BRV) at Predose (<=1 Hour), Visit 3. Source: ClinicalTrials.gov registry (AACT-verified); publication resolved live via NCT.",https://clinicaltrials.gov/study/NCT03405714
BRIVARACETAM_EPILEPSY_AUTO_FULL_REVIEW.html,NCT03695094,38932723,,Chanteux H,2024,841-855,Expert opinion on drug metabolism & toxicology,NCT NCT03695094: The Maximum Observed Plasma Concentration (Cmax) of Padsevonil (PSL) During the Study. Source: ClinicalTrials.gov registry (AACT-verified); publication resolved live via NCT.,https://clinicaltrials.gov/study/NCT03695094
BRIVARACETAM_EPILEPSY_AUTO_FULL_REVIEW.html,NCT01364597,26899665,,Markham A,2016,517-522,Drugs,NCT NCT01364597: Percentage of Participants With Treatment-emergent Adverse Events (TEAEs) During the Study. Source: ClinicalTrials.gov registry (AACT-verified); publication resolved live via NCT.,https://clinicaltrials.gov/study/NCT01364597
BRIVARACETAM_EPILEPSY_AUTO_FULL_REVIEW.html,NCT00464269,24446953,,Biton V,2014,57-66,Epilepsia,NCT NCT00464269: Partial Onset Seizure (Type I) Frequency Per Week Over the 12-week Treatment Period. Source: ClinicalTrials.gov registry (AACT-verified); publication resolved live via NCT.,https://clinicaltrials.gov/study/NCT00464269
BRODALUMAB_PSORIASIS_AUTO_FULL_REVIEW.html,AMAGINE-2,26422722,,Lebwohl M,2015,1318-1328,The New England journal of medicine,NCT NCT01708603: Percentage of Participants With Static Physician Global Assessment (sPGA) Score Success (Score of 0 or 1) at Week 12. Source: ClinicalTrials.gov registry (AACT-verified); publication ,https://clinicaltrials.gov/study/NCT01708603
BRODALUMAB_PSORIASIS_AUTO_FULL_REVIEW.html,COBRA,38300408,,Reich K,2024,453-468,Dermatology and therapy,NCT NCT04533737: Having Psoriasis Area and Severity Index (PASI) 100 Response at Week 16. Source: ClinicalTrials.gov registry (AACT-verified); publication resolved live via NCT.,https://clinicaltrials.gov/study/NCT04533737
BUDESONIDE_ASTHMA_AUTO_FULL_REVIEW.html,NCT01070888,24267370,,Gaffin JM,2013,567-568,"Annals of allergy, asthma & immunology : official publication of the American College of Allergy, Asthma, & Immunology","NCT NCT01070888: Mean Difference Between Maximal Percentage Decrease in FEV1 After the Exercise Challenge Compared to the Run in Period, . Source: ClinicalTrials.gov registry (AACT-verified); publicat",https://clinicaltrials.gov/study/NCT01070888
BUDESONIDE_IBD_AUTO_FULL_REVIEW.html,NCT01532648,28333362,,Rubin DT,2017,785-791,Journal of Crohn's & colitis,NCT NCT01532648: Number of Participants Who Achieved Clinical Remission at Day 56. Source: ClinicalTrials.gov registry (AACT-verified); publication resolved live via NCT.,https://clinicaltrials.gov/study/NCT01532648
BUDESONIDE_IBD_AUTO_FULL_REVIEW.html,NCT00679432,22892337,,Sandborn WJ,2012,1218-1226,Gastroenterology,NCT NCT00679432: Clinical and Endoscopic Remission.. Source: ClinicalTrials.gov registry (AACT-verified); publication resolved live via NCT.,https://clinicaltrials.gov/study/NCT00679432
BUPROPION_SMOKING_AUTO_FULL_REVIEW.html,NCT03897439,36387983,,Nollen NL,2022,101032,Contemporary clinical trials communications,NCT NCT03897439: Number of Participants With Biochemically Verified Smoking Abstinence at Week 12. Source: ClinicalTrials.gov registry (AACT-verified); publication resolved live via NCT.,https://clinicaltrials.gov/study/NCT03897439
BURADIRAGAB_AUTO_FULL_REVIEW.html,NCT02222155,33128347,,Merkel PA,2020,662-671,ACR open rheumatology,NCT NCT02222155: Incidence of Adverse Events. Source: ClinicalTrials.gov registry (AACT-verified); publication resolved live via NCT.,https://clinicaltrials.gov/study/NCT02222155
BURADIRAGAB_AUTO_FULL_REVIEW.html,ADVOCATE,32088663,,Merkel PA,2020,e16664,JMIR research protocols,NCT NCT02994927: Percentage of Subjects Achieving Disease Remission at Week 26. Source: ClinicalTrials.gov registry (AACT-verified); publication resolved live via NCT.,https://clinicaltrials.gov/study/NCT02994927
CABAZITAXEL_PROSTATE_AUTO_FULL_REVIEW.html,CheckMate 650,32916128,,Sharma P,2020,489-499,Cancer cell,NCT NCT02985957: Objective Response Rate (ORR) Cohorts B and C Per BICR. Source: ClinicalTrials.gov registry (AACT-verified); publication resolved live via NCT.,https://clinicaltrials.gov/study/NCT02985957
CABAZITAXEL_PROSTATE_AUTO_FULL_REVIEW.html,FIRSTANA,23228299,,Winquist E,2012,6587-6591,The Canadian journal of urology,NCT NCT01308567: Overall Survival (OS). Source: ClinicalTrials.gov registry (AACT-verified); publication resolved live via NCT.,https://clinicaltrials.gov/study/NCT01308567
CABOZANTINIB_RCC_AUTO_FULL_REVIEW.html,NCT03149822,37377613,,Kessler ER,2023,1004-1012,Cancer research communications,NCT NCT03149822: Efficacy of Pembrolizumab and Cabozantinib Based on Objective Response Rate. Source: ClinicalTrials.gov registry (AACT-verified); publication resolved live via NCT.,https://clinicaltrials.gov/study/NCT03149822
CABOZANTINIB_RCC_AUTO_FULL_REVIEW.html,NCT02761057,33592176,,Pal SK,2021,695-703,"Lancet (London, England)",NCT NCT02761057: Progression Free Survival (PFS). Source: ClinicalTrials.gov registry (AACT-verified); publication resolved live via NCT.,https://clinicaltrials.gov/study/NCT02761057
CABOZANTINIB_RENAL_AUTO_FULL_REVIEW.html,NCT03149822,37377613,,Kessler ER,2023,1004-1012,Cancer research communications,NCT NCT03149822: Efficacy of Pembrolizumab and Cabozantinib Based on Objective Response Rate. Source: ClinicalTrials.gov registry (AACT-verified); publication resolved live via NCT.,https://clinicaltrials.gov/study/NCT03149822
CABOZANTINIB_RENAL_AUTO_FULL_REVIEW.html,NCT02761057,33592176,,Pal SK,2021,695-703,"Lancet (London, England)",NCT NCT02761057: Progression Free Survival (PFS). Source: ClinicalTrials.gov registry (AACT-verified); publication resolved live via NCT.,https://clinicaltrials.gov/study/NCT02761057
CABOZANTINIB_THYROID_AUTO_FULL_REVIEW.html,LIBRETTO-531,34292174,,Jaber T,2021,540-546,"Current opinion in endocrinology, diabetes, and obesity",NCT NCT04211337: Progression Free Survival (PFS) by Blinded Independent Central Review (BICR). Source: ClinicalTrials.gov registry (AACT-verified); publication resolved live via NCT.,https://clinicaltrials.gov/study/NCT04211337
CABOZANTINIB_THYROID_AUTO_FULL_REVIEW.html,EXAMINER,35403447,,Capdevila J,2022,515-524,Thyroid : official journal of the American Thyroid Association,NCT NCT01896479: Progression Free Survival (PFS) Per Blinded Independent Radiology Committee (BIRC) Per Response Evaluation Criteria in S. Source: ClinicalTrials.gov registry (AACT-verified); publicat,https://clinicaltrials.gov/study/NCT01896479
CANAGLIFLOZIN_DKD_AUTO_FULL_REVIEW.html,CREDENCE,30990260,,Perkovic V,2019,2295-2306,The New England journal of medicine,"NCT NCT02065791: Primary Composite Endpoint of Doubling of Serum Creatinine (DoSC), End-stage Kidney Disease (ESKD), and Renal or Cardiov. Source: ClinicalTrials.gov registry (AACT-verified); publicat",https://clinicaltrials.gov/study/NCT02065791
CANAGLIFLOZIN_DKD_AUTO_FULL_REVIEW.html,NCT03436693,35861630,,Wada T,2022,1981-1989,Journal of diabetes investigation,NCT NCT03436693: Percentage of Participants With 30% Decline in Estimated Glomerular Filtration Rate (eGFR) From Baseline at Week 104. Source: ClinicalTrials.gov registry (AACT-verified); publication ,https://clinicaltrials.gov/study/NCT03436693
CANAKINUMAB_SJIA_AUTO_FULL_REVIEW.html,ß-SPECIFIC 4,32783351,,Quartier P,2021,336-346,"Arthritis & rheumatology (Hoboken, N.J.)",NCT NCT02296424: Number of Participants in Clinical Remission on Canakinumab Who Are Able to Remain at an Initial Reduced Canakinumab Dos. Source: ClinicalTrials.gov registry (AACT-verified); publicat,https://clinicaltrials.gov/study/NCT02296424
CANAKINUMAB_SJIA_AUTO_FULL_REVIEW.html,β-SPECIFIC 3,26314396,,Grom AA,2016,218-228,"Arthritis & rheumatology (Hoboken, N.J.)","NCT NCT00891046: Number of Participants With Adverse Events (AEs), Serious Adverse Events (SAEs), AEs by Severity, AEs Leading to Discont. Source: ClinicalTrials.gov registry (AACT-verified); publicat",https://clinicaltrials.gov/study/NCT00891046
CANAKINUMAB_SJIA_AUTO_FULL_REVIEW.html,β-SPECIFIC 1,23252526,,Ruperto N,2012,2396-2406,The New England journal of medicine,NCT NCT00886769: Percentage of Patients Who Meet the Adapted American College of Rheumatology (ACR) Pediatric 30 Criteria. Source: ClinicalTrials.gov registry (AACT-verified); publication resolved liv,https://clinicaltrials.gov/study/NCT00886769
CAPLACIZUMAB_TTP_AUTO_FULL_REVIEW.html,TITAN,22475545,,Holz JB,2012,343-346,Transfusion and apheresis science : official journal of the World Apheresis Association : official journal of the European Society for Haemapheresis,"NCT NCT01151423: Time-to-response of Treatment Defined by a Confirmed Recovery of Platelets ≥ 150,000/µL. Source: ClinicalTrials.gov registry (AACT-verified); publication resolved live via NCT.",https://clinicaltrials.gov/study/NCT01151423
CAPLACIZUMAB_TTP_AUTO_FULL_REVIEW.html,NCT02878603,36138517,,Scully M,2022,2810-2822,Journal of thrombosis and haemostasis : JTH,NCT NCT02878603: Percentage of Participants With Acquired Thrombotic Thrombocytopenic Purpura (aTTP) Related Events. Source: ClinicalTrials.gov registry (AACT-verified); publication resolved live via ,https://clinicaltrials.gov/study/NCT02878603
CAPLACIZUMAB_TTP_AUTO_FULL_REVIEW.html,HERCULES,30625070,,Scully M,2019,335-346,The New England journal of medicine,NCT NCT02553317: Time to Platelet Count Response. Source: ClinicalTrials.gov registry (AACT-verified); publication resolved live via NCT.,https://clinicaltrials.gov/study/NCT02553317
CAPMATINIB_LUNG_AUTO_FULL_REVIEW.html,NCT02335944,26825170,,Jia Y,2016,1591-1602,Cancer research,NCT NCT02335944: Phase Ib: Number of Participants With Dose Limiting Toxicities (DLTs). Source: ClinicalTrials.gov registry (AACT-verified); publication resolved live via NCT.,https://clinicaltrials.gov/study/NCT02335944
CAPMATINIB_LUNG_AUTO_FULL_REVIEW.html,NCT02414139,32877583,,Wolf J,2020,944-957,The New England journal of medicine,NCT NCT02414139: Overall Response Rate (ORR) by Blinded Independent Review Committee (BIRC) Assessment. Source: ClinicalTrials.gov registry (AACT-verified); publication resolved live via NCT.,https://clinicaltrials.gov/study/NCT02414139
CARIPRAZINE_DEPRESSION_AUTO_FULL_REVIEW.html,NCT03738215,36789515,,Sachs GS,2023,241-251,The American journal of psychiatry,NCT NCT03738215: Total Score Change From Baseline to Week 6 in the MADRS (Montgomery-Åsberg Depression Rating Scale). Source: ClinicalTrials.gov registry (AACT-verified); publication resolved live via,https://clinicaltrials.gov/study/NCT03738215
CARIPRAZINE_DEPRESSION_AUTO_FULL_REVIEW.html,NCT00854100,30045066,,Fava M,2018,312-321,International clinical psychopharmacology,NCT NCT00854100: Montgomery-Asberg Depression Rating Scale (MADRS). Source: ClinicalTrials.gov registry (AACT-verified); publication resolved live via NCT.,https://clinicaltrials.gov/study/NCT00854100
CASIRIVIMAB_COVID_AUTO_FULL_REVIEW.html,NCT04425629,33332778,,Weinreich DM,2021,238-251,The New England journal of medicine,"NCT NCT04425629: Number of Participants With Treatment-emergent Serious Adverse Events (SAEs) - [Ph1, Ph2, Ph3 Cohort 1 - Cohort 3]. Source: ClinicalTrials.gov registry (AACT-verified); publication re",https://clinicaltrials.gov/study/NCT04425629
CASIRIVIMAB_COVID_AUTO_FULL_REVIEW.html,NCT04518410,34473343,,Kreuzberger N,2021,CD013825,The Cochrane database of systematic reviews,NCT NCT04518410: COVID-19 Symptom Duration (Phase 2). Source: ClinicalTrials.gov registry (AACT-verified); publication resolved live via NCT.,https://clinicaltrials.gov/study/NCT04518410
CASIRIVIMAB_COVID_AUTO_FULL_REVIEW.html,OPTIMISE-C19,34034784,,Huang DT,2021,363,Trials,NCT NCT04790786: Hospital-free Days. Source: ClinicalTrials.gov registry (AACT-verified); publication resolved live via NCT.,https://clinicaltrials.gov/study/NCT04790786
CASPOFUNGIN_FUNGAL_AUTO_FULL_REVIEW.html,NCT01945281,31586424,,Kim J,2020,215-220,The Journal of antimicrobial chemotherapy,NCT NCT01945281: Percentage of Participants With Fungal-free Survival Through the 2-week Post-therapy Period. Source: ClinicalTrials.gov registry (AACT-verified); publication resolved live via NCT.,https://clinicaltrials.gov/study/NCT01945281
CASPOFUNGIN_FUNGAL_AUTO_FULL_REVIEW.html,NCT00805740,28459966,,Kullberg BJ,2017,2368-2377,The Journal of antimicrobial chemotherapy,NCT NCT00805740: Percentage of Participants With Global Response at End of Treatment (Day 14 To Day 42). Source: ClinicalTrials.gov registry (AACT-verified); publication resolved live via NCT.,https://clinicaltrials.gov/study/NCT00805740
CD_BIOLOGICS_NMA_REVIEW.html,CLASSIC-1,16472588,,Hanauer SB,2006,323-333,Gastroenterology,Hanauer SB et al. Gastroenterology 2006;130:323-333 (CLASSIC-1). Adalimumab induction in TNF-naive CD.,https://www.gastrojournal.org/article/S0016-5085(05)02359-9/fulltext
CEFEPIME_TAZ_AUTO_FULL_REVIEW.html,NCT02497781,31335570,,Bradley JS,2019,920-928,The Pediatric infectious disease journal,NCT NCT02497781: Percentage of Participants With Treatment-Emergent Adverse Events (AEs) and Serious Adverse Events (SAEs). Source: ClinicalTrials.gov registry (AACT-verified); publication resolved li,https://clinicaltrials.gov/study/NCT02497781
CEFEPIME_TAZ_AUTO_FULL_REVIEW.html,CERTAIN-1,38354140,,Wagenlehner FM,2024,611-622,The New England journal of medicine,NCT NCT03840148: Composite Success at Test of Cure (TOC) in the Microbiological Intent-to-treat (microITT) Population. Source: ClinicalTrials.gov registry (AACT-verified); publication resolved live vi,https://clinicaltrials.gov/study/NCT03840148
CEFTAROLINE_AUTO_FULL_REVIEW.html,CAP,21482566,,File TM Jr,2011,iii19-32,The Journal of antimicrobial chemotherapy,NCT NCT00621504: Clinical Cure Rate at Test-of-Cure (TOC) in the Modified Intent-to-Treat Efficacy (MITTE) Populations. Source: ClinicalTrials.gov registry (AACT-verified); publication resolved live v,https://clinicaltrials.gov/study/NCT00621504
CEFTAROLINE_AUTO_FULL_REVIEW.html,CAP,21482568,,Low DE,2011,iii33-44,The Journal of antimicrobial chemotherapy,NCT NCT00509106: Clinical Cure Rate for Ceftaroline Compared to That for Ceftriaxone at the Test of Cure (TOC) in the Modified Intent to . Source: ClinicalTrials.gov registry (AACT-verified); publicat,https://clinicaltrials.gov/study/NCT00509106
CEFTAROLINE_AUTO_FULL_REVIEW.html,NCT04198571,38979062,,Ferry T,2024,2773-2783,Infection and drug resistance,NCT NCT04198571: Number of Participants With Clinical Response. Source: ClinicalTrials.gov registry (AACT-verified); publication resolved live via NCT.,https://clinicaltrials.gov/study/NCT04198571
CEFTAROLINE_AUTO_FULL_REVIEW.html,NCT01371838,25539586,,Zhong NS,2015,161-171,The Lancet. Infectious diseases,NCT NCT01371838: Clinical Cure Rate for Ceftaroline Compared to That for Ceftriaxone at Test of Cure (TOC) in CE Population. Source: ClinicalTrials.gov registry (AACT-verified); publication resolved l,https://clinicaltrials.gov/study/NCT01371838
CEFTAZIDIME_AVIBACTAM_AUTO_FULL_REVIEW.html,NCT02497781,31335570,,Bradley JS,2019,920-928,The Pediatric infectious disease journal,NCT NCT02497781: Percentage of Participants With Treatment-Emergent Adverse Events (AEs) and Serious Adverse Events (SAEs). Source: ClinicalTrials.gov registry (AACT-verified); publication resolved li,https://clinicaltrials.gov/study/NCT02497781
CEFTAZIDIME_AVIBACTAM_AUTO_FULL_REVIEW.html,NCT02475733,31306396,,Bradley JS,2019,816-824,The Pediatric infectious disease journal,NCT NCT02475733: Percentage of Participants With Treatment-Emergent Adverse Events (AEs) and Serious Adverse Events (SAEs). Source: ClinicalTrials.gov registry (AACT-verified); publication resolved li,https://clinicaltrials.gov/study/NCT02475733
CEFTOLOZANE_INFECTION_AUTO_FULL_REVIEW.html,NCT02266706,30153232,,Bradley JS,2018,1130-1136,The Pediatric infectious disease journal,NCT NCT02266706: Maximum Plasma Concentration (Cmax) of Ceftolozane. Source: ClinicalTrials.gov registry (AACT-verified); publication resolved live via NCT.,https://clinicaltrials.gov/study/NCT02266706
CEFTOLOZANE_INFECTION_AUTO_FULL_REVIEW.html,NCT03217136,37000942,,Jackson CA,2023,557-563,The Pediatric infectious disease journal,NCT NCT03217136: Number of Participants Experiencing ≥1 Adverse Events (AEs). Source: ClinicalTrials.gov registry (AACT-verified); publication resolved live via NCT.,https://clinicaltrials.gov/study/NCT03217136
CEFTOLOZANE_TAZ_AUTO_FULL_REVIEW.html,NCT02387372,32211756,,Caro L,2020,1546-1553,The Journal of antimicrobial chemotherapy,NCT NCT02387372: Maximum Plasma Concentration (Cmax) of Ceftolozane or Tazobactam in Mechanically Ventilated Participants for the First a. Source: ClinicalTrials.gov registry (AACT-verified); publicat,https://clinicaltrials.gov/study/NCT02387372
CEFTOLOZANE_TAZ_AUTO_FULL_REVIEW.html,ASPECT-NP,26096377,,Xiao AJ,2016,56-66,Journal of clinical pharmacology,NCT NCT02070757: Percentage of Participants With All Cause Mortality in the Intent-to-Treat (ITT) Population - Day 28. Source: ClinicalTrials.gov registry (AACT-verified); publication resolved live vi,https://clinicaltrials.gov/study/NCT02070757
CEFTOLOZANE_TAZ_AUTO_FULL_REVIEW.html,NCT03230838,36689671,,Roilides E,2023,292-298,The Pediatric infectious disease journal,NCT NCT03230838: Number of Participants With ≥1 Adverse Events (AEs). Source: ClinicalTrials.gov registry (AACT-verified); publication resolved live via NCT.,https://clinicaltrials.gov/study/NCT03230838
CERITINIB_ALK_AUTO_FULL_REVIEW.html,NCT01828099,27130468,,Lin YT,2016,e77-e94,Clinical lung cancer,NCT NCT01828099: Progression Free Survival (PFS) by Blinded Independent Review Committee (BIRC). Source: ClinicalTrials.gov registry (AACT-verified); publication resolved live via NCT.,https://clinicaltrials.gov/study/NCT01828099
CERITINIB_ALK_AUTO_FULL_REVIEW.html,NCT01828112,28602779,,Shaw AT,2017,874-886,The Lancet. Oncology,NCT NCT01828112: Progression Free Survival (PFS) Per Blinded Independent Review Committee (BIRC). Source: ClinicalTrials.gov registry (AACT-verified); publication resolved live via NCT.,https://clinicaltrials.gov/study/NCT01828112
CERITINIB_ALK_AUTO_FULL_REVIEW.html,Ascend-7,35091443,,Chow LQM,2022,2506-2516,Clinical cancer research : an official journal of the American Association for Cancer Research,NCT NCT02336451: Overall Response Rate (ORR) Per Investigator Assessment. Source: ClinicalTrials.gov registry (AACT-verified); publication resolved live via NCT.,https://clinicaltrials.gov/study/NCT02336451
CILOFEXOR_FXR_PSC_AUTO_FULL_REVIEW.html,NCT02943460,30661255,,Trauner M,2019,788-801,"Hepatology (Baltimore, Md.)",NCT NCT02943460: Percentage of Participants Experiencing Treatment-Emergent Adverse Events During the Blinded Phase. Source: ClinicalTrials.gov registry (AACT-verified); publication resolved live via ,https://clinicaltrials.gov/study/NCT02943460
CILOFEXOR_FXR_PSC_AUTO_FULL_REVIEW.html,PRIMIS,41173015,,Trauner M,2026,46-58,The lancet. Gastroenterology & hepatology,NCT NCT03890120: Percentage of Participants With Progression of Liver Fibrosis at Blinded Phase Week 96. Source: ClinicalTrials.gov registry (AACT-verified); publication resolved live via NCT.,https://clinicaltrials.gov/study/NCT03890120
CINRYZE_HAE_AUTO_FULL_REVIEW.html,NCT01005888,20818886,,Zuraw BL,2010,513-522,The New England journal of medicine,NCT NCT01005888: Number of Hereditary Angioedema (HAE) Attacks During Each Prophylactic Therapy Period. Source: ClinicalTrials.gov registry (AACT-verified); publication resolved live via NCT.,https://clinicaltrials.gov/study/NCT01005888
CINRYZE_HAE_AUTO_FULL_REVIEW.html,NCT02584959,30682573,,Lumry WR,2019,1610-1618,The journal of allergy and clinical immunology. In practice,NCT NCT02584959: Time-Normalized Number of Attacks (NNA) for Participants During a Treatment Period. Source: ClinicalTrials.gov registry (AACT-verified); publication resolved live via NCT.,https://clinicaltrials.gov/study/NCT02584959
CINRYZE_HAE_AUTO_FULL_REVIEW.html,NCT00168103,19767078,,Craig TJ,2009,801-808,The Journal of allergy and clinical immunology,NCT NCT00168103: Time to Start of Relief of Symptoms From HAE Attack. Source: ClinicalTrials.gov registry (AACT-verified); publication resolved live via NCT.,https://clinicaltrials.gov/study/NCT00168103
CIPROFLOXACIN_UTI_AUTO_FULL_REVIEW.html,NCT01505634,28575389,,Sims M,2017,2616-2626,The Journal of antimicrobial chemotherapy,NCT NCT01505634: Percentage of Participants With a Favorable Microbiological Response at Completion of IV Study Therapy. Source: ClinicalTrials.gov registry (AACT-verified); publication resolved live ,https://clinicaltrials.gov/study/NCT01505634
CIPROFLOXACIN_UTI_AUTO_FULL_REVIEW.html,NCT01595438,27313268,,Wagenlehner FM,2016,754-762,Clinical infectious diseases : an official publication of the Infectious Diseases Society of America,NCT NCT01595438: Patient-reported Symptomatic Response at Day 5 (mMITT Analysis Set): Non-inferiority Hypothesis Test. Source: ClinicalTrials.gov registry (AACT-verified); publication resolved live vi,https://clinicaltrials.gov/study/NCT01595438
CLADRIBINE_MS_AUTO_FULL_REVIEW.html,NCT03933202,33517769,,Miravalle AA,2021,99-111,Neurodegenerative disease management,NCT NCT03933202: Annualized Relapse Rate (ARR). Source: ClinicalTrials.gov registry (AACT-verified); publication resolved live via NCT.,https://clinicaltrials.gov/study/NCT03933202
CLADRIBINE_MS_AUTO_FULL_REVIEW.html,NCT00641537,29399054,,Comi G,2018,1756285617753365,Therapeutic advances in neurological disorders,NCT NCT00641537: Safety Population: Percentage of Participants With at Least 1 Common Terminology Criteria for Adverse Events Version 3.0. Source: ClinicalTrials.gov registry (AACT-verified); publicat,https://clinicaltrials.gov/study/NCT00641537
COLCHICINE_CVD_REVIEW.html,LoDoCo2,32865380,,Nidorf SM,2020,1838-1847,The New England journal of medicine,Source: Nidorf SM et al. NEJM 2020;383:1838-1847.,
COLCHICINE_CVD_REVIEW.html,COPS,32862667,,Tong DC,2020,1890-1900,Circulation,Source: Tong DC et al. Circulation 2020;142:1890-1900.,
CONCIZUMAB_HEMA_AUTO_FULL_REVIEW.html,explorer™4,31444162,,Shapiro AD,2019,1973-1982,Blood,NCT NCT03196284: The Number of Bleeding Episodes. Source: ClinicalTrials.gov registry (AACT-verified); publication resolved live via NCT.,https://clinicaltrials.gov/study/NCT03196284
CONCIZUMAB_HEMA_AUTO_FULL_REVIEW.html,explorer8,39521008,,Chowdary P,2024,e891-e904,The Lancet. Haematology,NCT NCT04082429: Haemophilia A Participants Without Inhibitors: Rate of Treated Spontaneous and Traumatic Bleeding Episodes. Source: ClinicalTrials.gov registry (AACT-verified); publication resolved l,https://clinicaltrials.gov/study/NCT04082429
CONCIZUMAB_HEMA_AUTO_FULL_REVIEW.html,explorer7,37646676,,Matsushita T,2023,783-794,The New England journal of medicine,NCT NCT04083781: Rate of Treated Spontaneous and Traumatic Bleeding Episodes. Source: ClinicalTrials.gov registry (AACT-verified); publication resolved live via NCT.,https://clinicaltrials.gov/study/NCT04083781
CONSERVATIVE_OXYGEN_ICU_REVIEW.html,HOT-ICU,33471452,,Schjørring OL,2021,1301-1311,The New England journal of medicine,,https://clinicaltrials.gov/study/NCT03174002
CONSERVATIVE_OXYGEN_ICU_REVIEW.html,LOCO2,32160661,,Barrot L,2020,999-1008,The New England journal of medicine,,https://clinicaltrials.gov/study/NCT02713451
CONSERVATIVE_OXYGEN_ICU_REVIEW.html,Oxygen-ICU,27706466,,Girardis M,2016,1583-1589,JAMA,,https://clinicaltrials.gov/study/NCT01319643
CONSERVATIVE_OXYGEN_ICU_REVIEW.html,ICU-ROX,31613432,,Mackle D,2020,989-998,The New England journal of medicine,,https://www.anzctr.org.au/TrialSearch.aspx?searchTxt=ACTRN12615000957594&isBasic=True
CRIZOTINIB_ALK_AUTO_FULL_REVIEW.html,NCT02838420,30981696,,Zhou C,2019,437-446,The Lancet. Respiratory medicine,NCT NCT02838420: Progression-Free Survival (PFS) as Determined by Investigator Using Response Evaluation Criteria in Solid Tumor (RECIST). Source: ClinicalTrials.gov registry (AACT-verified); publicat,https://clinicaltrials.gov/study/NCT02838420
CRIZOTINIB_ALK_AUTO_FULL_REVIEW.html,NCT02584634,39034968,,Solomon BJ,2024,100685,JTO clinical and research reports,NCT NCT02584634: Number of Participants With Dose-limiting Toxicities (DLTs): Phase 1b. Source: ClinicalTrials.gov registry (AACT-verified); publication resolved live via NCT.,https://clinicaltrials.gov/study/NCT02584634
CRYPTOCOCCAL_MENINGITIS_AFRICA_REVIEW.html,ACTA (Molloy 2018),29539274,,Molloy SF,2018,1004-1017,The New England journal of medicine,"Source: Molloy SF, Kanyama C, Heyderman RS, et al. Antifungal Combinations for Treatment of Cryptococcal Meningitis in Africa (ACTA). NEJM 2018;378:1004-1017. PMID 29539276. DOI 10.1056/NEJMoa1710922.",https://doi.org/10.1056/NEJMoa1710922
CRYPTOCOCCAL_MENINGITIS_AFRICA_REVIEW.html,AMBITION-cm (Jarvis 2022),35320642,,Jarvis JN,2022,1109-1120,The New England journal of medicine,"Source: Jarvis JN, Lawrence DS, Meya DB, et al. Single-Dose Liposomal Amphotericin B Treatment for Cryptococcal Meningitis (AMBITION-cm). NEJM 2022;386:1109-1120. PMID 35320648. DOI 10.1056/NEJMoa2111",https://doi.org/10.1056/NEJMoa2111904
CVNCOV_COVID19_AUTO_FULL_REVIEW.html,NCT04674189,39040887,,Kowalzik F,2024,100512,Vaccine: X,NCT NCT04674189: Number of Participants Who Experienced a Medically Attended Adverse Event (AE) Occurring in the Following 6 Months After. Source: ClinicalTrials.gov registry (AACT-verified); publicat,https://clinicaltrials.gov/study/NCT04674189
CVNCOV_COVID19_AUTO_FULL_REVIEW.html,NCT04652102,34826381,,Kremsner PG,2022,329-340,The Lancet. Infectious diseases,NCT NCT04652102: Number of Participants Who Experienced a First Episode of Virologically-confirmed {Reverse Transcription Polymerase Chai. Source: ClinicalTrials.gov registry (AACT-verified); publicat,https://clinicaltrials.gov/study/NCT04652102
CVNCOV_SARSCOV2_AUTO_FULL_REVIEW.html,NCT04674189,39040887,,Kowalzik F,2024,100512,Vaccine: X,NCT NCT04674189: Number of Participants Who Experienced a Medically Attended Adverse Event (AE) Occurring in the Following 6 Months After. Source: ClinicalTrials.gov registry (AACT-verified); publicat,https://clinicaltrials.gov/study/NCT04674189
CVNCOV_SARSCOV2_AUTO_FULL_REVIEW.html,NCT04652102,34826381,,Kremsner PG,2022,329-340,The Lancet. Infectious diseases,NCT NCT04652102: Number of Participants Who Experienced a First Episode of Virologically-confirmed {Reverse Transcription Polymerase Chai. Source: ClinicalTrials.gov registry (AACT-verified); publicat,https://clinicaltrials.gov/study/NCT04652102
CYTISINICLINE_SMOKING_AUTO_FULL_REVIEW.html,ORCA-2,37432430,,Rigotti NA,2023,152-160,JAMA,NCT NCT04576949: Percentage of Participants With Smoking Abstinence From Weeks 3 to Week 6. Source: ClinicalTrials.gov registry (AACT-verified); publication resolved live via NCT.,https://clinicaltrials.gov/study/NCT04576949
CYTISINICLINE_SMOKING_AUTO_FULL_REVIEW.html,ORCA-3,40257755,,Rigotti NA,2025,648-655,JAMA internal medicine,NCT NCT05206370: Percentage of Participants With Smoking Abstinence From Weeks 3 to Week 6. Source: ClinicalTrials.gov registry (AACT-verified); publication resolved live via NCT.,https://clinicaltrials.gov/study/NCT05206370
DABIGATRAN_AF_AUTO_FULL_REVIEW.html,NCT04532528,41087222,,Chu CS,2025,,Journal of the Formosan Medical Association = Taiwan yi zhi,NCT NCT04532528: Number of Patients With High (MMAS-8 Score: 8 Points) Adherence to Dabigatran Treatment at Month 12 in Patients With and. Source: ClinicalTrials.gov registry (AACT-verified); publicat,https://clinicaltrials.gov/study/NCT04532528
DABIGATRAN_AF_AUTO_FULL_REVIEW.html,NCT00262600,19717844,,Connolly SJ,2009,1139-1151,The New England journal of medicine,NCT NCT00262600: Yearly Event Rate for Composite Endpoint of Stroke/SEE. Source: ClinicalTrials.gov registry (AACT-verified); publication resolved live via NCT.,https://clinicaltrials.gov/study/NCT00262600
DABIGATRAN_STROKE_AUTO_FULL_REVIEW.html,NCT00262600,19717844,,Connolly SJ,2009,1139-1151,The New England journal of medicine,NCT NCT00262600: Yearly Event Rate for Composite Endpoint of Stroke/SEE. Source: ClinicalTrials.gov registry (AACT-verified); publication resolved live via NCT.,https://clinicaltrials.gov/study/NCT00262600
DABIGATRAN_STROKE_AUTO_FULL_REVIEW.html,NCT02239120,31091372,,Diener HC,2019,1906-1917,The New England journal of medicine,NCT NCT02239120: Adjudicated Recurrent Stroke. Source: ClinicalTrials.gov registry (AACT-verified); publication resolved live via NCT.,https://clinicaltrials.gov/study/NCT02239120
DABIGATRAN_VTE_AUTO_FULL_REVIEW.html,NCT01505881,23991661,,Eikelboom JW,2013,1206-1214,The New England journal of medicine,NCT NCT01505881: Percentage of Patients With Any Adverse Event (AE). Source: ClinicalTrials.gov registry (AACT-verified); publication resolved live via NCT.,https://clinicaltrials.gov/study/NCT01505881
DABIGATRAN_VTE_AUTO_FULL_REVIEW.html,NCT02913326,29775170,,Ferro JM,2018,766-770,International journal of stroke : official journal of the International Stroke Society,NCT NCT02913326: Percentage of Participants With Composite of Venous Thrombotic Event (VTE) or Major Bleeding Event (MBE) According to In. Source: ClinicalTrials.gov registry (AACT-verified); publicat,https://clinicaltrials.gov/study/NCT02913326
DABIGATRAN_VTE_AUTO_FULL_REVIEW.html,RE-MEDY,23425163,,Schulman S,2013,709-718,The New England journal of medicine,NCT NCT00329238: Composite of Recurrent VTE or VTE Death at 36 Months. Source: ClinicalTrials.gov registry (AACT-verified); publication resolved live via NCT.,https://clinicaltrials.gov/study/NCT00329238
DABIGATRAN_VTE_AUTO_FULL_REVIEW.html,NCT00168805,22709460,,Rosencher N,2012,9,Thrombosis journal,NCT NCT00168805: Number of Participants With Total Venous Thromboembolic Event and All-cause Mortality During Treatment Period. Source: ClinicalTrials.gov registry (AACT-verified); publication resolve,https://clinicaltrials.gov/study/NCT00168805
DABRAFENIB_MELANOMA_AUTO_FULL_REVIEW.html,NCT01902173,38261444,,Algazi AP,2024,1784-1796,Cancer,NCT NCT01902173: Maximum-tolerated Dose (MTD) of Akt Inhibitor GSK2141795 in Combination With Dabrafenib.. Source: ClinicalTrials.gov registry (AACT-verified); publication resolved live via NCT.,https://clinicaltrials.gov/study/NCT01902173
DABRAFENIB_MELANOMA_AUTO_FULL_REVIEW.html,NCT02224781,29784747,,Barker CA,2018,646-650,Journal of the National Comprehensive Cancer Network : JNCCN,NCT NCT02224781: 2-year Overall Survival (OS). Source: ClinicalTrials.gov registry (AACT-verified); publication resolved live via NCT.,https://clinicaltrials.gov/study/NCT02224781
DACLATASVIR_HCV_AUTO_FULL_REVIEW.html,ACCORDION-1,29274193,,Sulkowski MS,2018,631-639,Journal of viral hepatitis,NCT NCT02349048: Percentage of Participants With Sustained Virologic Response (SVR) at 12 Weeks After End of Study Drug Treatment (SVR12). Source: ClinicalTrials.gov registry (AACT-verified); publicat,https://clinicaltrials.gov/study/NCT02349048
DACLATASVIR_HCV_AUTO_FULL_REVIEW.html,NCT02262728,27878906,,Lawitz E,2017,287-294,Journal of viral hepatitis,NCT NCT02262728: Percentage of Participants With Sustained Virologic Response 12 Weeks After End of Study Drug Treatment (SVR12). Source: ClinicalTrials.gov registry (AACT-verified); publication resol,https://clinicaltrials.gov/study/NCT02262728
DACLATASVIR_HCV_AUTO_FULL_REVIEW.html,NCT01471574,28210927,,Sulkowski MS,2017,188-198,Hepatology international,NCT NCT01471574: Percentage of Participants With Sustained Virologic Response at Follow-up Week 12 (SVR12). Source: ClinicalTrials.gov registry (AACT-verified); publication resolved live via NCT.,https://clinicaltrials.gov/study/NCT01471574
DACOMITINIB_LUNG_AUTO_2_FULL_REVIEW.html,ARCHER 1009,25439691,,Ramalingam SS,2014,1369-1378,The Lancet. Oncology,NCT NCT01360554: Progression-Free Survival (PFS) Per Independent Radiologic Review.. Source: ClinicalTrials.gov registry (AACT-verified); publication resolved live via NCT.,https://clinicaltrials.gov/study/NCT01360554
DACOMITINIB_LUNG_AUTO_2_FULL_REVIEW.html,NCT01858389,29191595,,Yu HA,2017,195-199,"Lung cancer (Amsterdam, Netherlands)",NCT NCT01858389: Best Overall Response (BOR) in Participants With T790M Mutation. Source: ClinicalTrials.gov registry (AACT-verified); publication resolved live via NCT.,https://clinicaltrials.gov/study/NCT01858389
DACOMITINIB_LUNG_AUTO_FULL_REVIEW.html,ARCHER 1009,25439691,,Ramalingam SS,2014,1369-1378,The Lancet. Oncology,NCT NCT01360554: Progression-Free Survival (PFS) Per Independent Radiologic Review.. Source: ClinicalTrials.gov registry (AACT-verified); publication resolved live via NCT.,https://clinicaltrials.gov/study/NCT01360554
DACOMITINIB_LUNG_AUTO_FULL_REVIEW.html,NCT01858389,29191595,,Yu HA,2017,195-199,"Lung cancer (Amsterdam, Netherlands)",NCT NCT01858389: Best Overall Response (BOR) in Participants With T790M Mutation. Source: ClinicalTrials.gov registry (AACT-verified); publication resolved live via NCT.,https://clinicaltrials.gov/study/NCT01858389
DALFAMPRIDINE_MULTIPLE_SCLEROSIS_AUTO_FULL_REVIEW.html,NCT02006160,30566030,,Satchidanand N,2020,91-98,"Multiple sclerosis (Houndmills, Basingstoke, England)",NCT NCT02006160: Symbol Digit Modalities Test. Source: ClinicalTrials.gov registry (AACT-verified); publication resolved live via NCT.,https://clinicaltrials.gov/study/NCT02006160
DAPAGLIFLOZIN_T1D_AUTO_FULL_REVIEW.html,NCT02518945,27490915,,Kuhadiya ND,2016,3506-3515,The Journal of clinical endocrinology and metabolism,NCT NCT02518945: Absolute Change After 12 Weeks From Baseline in Mean HbA1c With Addition of Dapagliflozin Compared to Placebo.. Source: ClinicalTrials.gov registry (AACT-verified); publication resolv,https://clinicaltrials.gov/study/NCT02518945
DAPAGLIFLOZIN_T1D_AUTO_FULL_REVIEW.html,DEPICT 2,30026335,,Mathieu C,2018,1938-1946,Diabetes care,NCT NCT02460978: Adjusted Mean Change From Baseline in HbA1c at Week 24. Source: ClinicalTrials.gov registry (AACT-verified); publication resolved live via NCT.,https://clinicaltrials.gov/study/NCT02460978
DAPAGLIFLOZIN_T2D_CV_AUTO_FULL_REVIEW.html,NCT02973477,34024686,,Ang L,2021,107949,Journal of diabetes and its complications,NCT NCT02973477: Changes in Measure of Heart Rate Variability Using Dapagliflozin vs Active Comparator Glimepiride.. Source: ClinicalTrials.gov registry (AACT-verified); publication resolved live via ,https://clinicaltrials.gov/study/NCT02973477
DAPAGLIFLOZIN_T2D_CV_AUTO_FULL_REVIEW.html,NCT01042977,38770818,,Natale P,2024,CD015588,The Cochrane database of systematic reviews,NCT NCT01042977: Adjusted Mean Change in HbA1c Levels. Source: ClinicalTrials.gov registry (AACT-verified); publication resolved live via NCT.,https://clinicaltrials.gov/study/NCT01042977
DAPAGLIFLOZIN_T2D_CV_AUTO_FULL_REVIEW.html,NCT03660683,39865301,,Nandula SR,2025,28,Stem cell research & therapy,NCT NCT03660683: CD 34+ Cell Migratory Function. Source: ClinicalTrials.gov registry (AACT-verified); publication resolved live via NCT.,https://clinicaltrials.gov/study/NCT03660683
DAPRODUSTAT_ANAEMIA_AUTO_FULL_REVIEW.html,NCT02879305,34739194,,Singh AK,2021,2325-2335,The New England journal of medicine,NCT NCT02879305: Time to First Occurrence of Adjudicated Major Adverse Cardiovascular Event During Cardiovascular (CV) Events Foll. Source: ClinicalTrials.gov registry (AACT-verified); publication res,https://clinicaltrials.gov/study/NCT02879305
DAPRODUSTAT_ANAEMIA_AUTO_FULL_REVIEW.html,NCT03446612,36005278,,Natale P,2022,CD013751,The Cochrane database of systematic reviews,NCT NCT03446612: Change in FBF Ratio in Response to Acetylcholine (Day 1 to Day 42). Source: ClinicalTrials.gov registry (AACT-verified); publication resolved live via NCT.,https://clinicaltrials.gov/study/NCT03446612
DAPRODUSTAT_ANAEMIA_AUTO_FULL_REVIEW.html,NCT03457701,36005278,,Natale P,2022,CD013751,The Cochrane database of systematic reviews,NCT NCT03457701: Percentage of Fractional Oral Iron Absorption Following Treatment With Daprodustat and rhEPO. Source: ClinicalTrials.gov registry (AACT-verified); publication resolved live via NCT.,https://clinicaltrials.gov/study/NCT03457701
DAPRODUSTAT_ANAEMIA_AUTO_FULL_REVIEW.html,NCT03400033,35918106,,Coyne DW,2022,1325-1336,Clinical journal of the American Society of Nephrology : CJASN,NCT NCT03400033: Mean Change From Baseline in Hemoglobin Levels Over the Evaluation Period (Week 28 to Week 52). Source: ClinicalTrials.gov registry (AACT-verified); publication resolved live via NCT.,https://clinicaltrials.gov/study/NCT03400033
DAPRODUSTAT_ANAEMIA_AUTO_FULL_REVIEW.html,NCT03029208,35377393,,Singh AK,2022,592-602,JAMA internal medicine,NCT NCT03029208: Mean Change From Baseline in Hemoglobin (Hgb) During Evaluation Period (Week 28 to Week 52). Source: ClinicalTrials.gov registry (AACT-verified); publication resolved live via NCT.,https://clinicaltrials.gov/study/NCT03029208
DARBEPOETIN_CANCER_AUTO_FULL_REVIEW.html,NCT00925587,24506498,,Roger SD,2014,266-274,"Nephrology (Carlton, Vic.)",NCT NCT00925587: Hb Change Between Baseline and the Evaluation Period (Average of Weeks 29-33). Source: ClinicalTrials.gov registry (AACT-verified); publication resolved live via NCT.,https://clinicaltrials.gov/study/NCT00925587
DARBEPOETIN_CANCER_AUTO_FULL_REVIEW.html,NCT00093015,17329707,,Pfeffer MA,2007,959-961,The New England journal of medicine,"NCT NCT00093015: Time to All-cause Mortality or Cardiovascular (CV) Events Including Hospitalization Due to Acute Myocardial Ischemia, Co. Source: ClinicalTrials.gov registry (AACT-verified); publicat",https://clinicaltrials.gov/study/NCT00093015
DARIDOREXANT_INSOMNIA_AUTO_FULL_REVIEW.html,NCT03679884,36484969,,Kunz D,2023,93-106,CNS drugs,NCT NCT03679884: Total no. of Subjects With at Least One TEAE. Source: ClinicalTrials.gov registry (AACT-verified); publication resolved live via NCT.,https://clinicaltrials.gov/study/NCT03679884
DARIDOREXANT_INSOMNIA_AUTO_FULL_REVIEW.html,NCT03575104,35065036,,Mignot E,2022,125-139,The Lancet. Neurology,NCT NCT03575104: Change From Baseline to Month 1 in Wake After Sleep Onset (WASO) (Sleep Maintenance). Source: ClinicalTrials.gov registry (AACT-verified); publication resolved live via NCT.,https://clinicaltrials.gov/study/NCT03575104
DARIDOREXANT_INSOMNIA_AUTO_FULL_REVIEW.html,NCT03545191,35065036,,Mignot E,2022,125-139,The Lancet. Neurology,NCT NCT03545191: Change From Baseline to Month 1 in Wake After Sleep Onset (WASO) (Sleep Maintenance). Source: ClinicalTrials.gov registry (AACT-verified); publication resolved live via NCT.,https://clinicaltrials.gov/study/NCT03545191
DARUNAVIR_HIV_AUTO_FULL_REVIEW.html,NCT00042289,16470119,,Best BM,2006,553-560,"AIDS (London, England)",NCT NCT00042289: PK Parameter: Area Under the Curve From 0 to 12 Hours (AUC12) With Median (IQR) for ARVs and TB Drugs. Source: ClinicalTrials.gov registry (AACT-verified); publication resolved live v,https://clinicaltrials.gov/study/NCT00042289
DARUNAVIR_HIV_AUTO_FULL_REVIEW.html,NCT01695954,25202920,,Malvestutto CD,2014,390-396,Journal of acquired immune deficiency syndromes (1999),NCT NCT01695954: AUC. Source: ClinicalTrials.gov registry (AACT-verified); publication resolved live via NCT.,https://clinicaltrials.gov/study/NCT01695954
DASABUVIR_CHRONIC_HEPATITIS_AUTO_FULL_REVIEW.html,NCT02356562,26596948,,King JR,2016,855-861,Antimicrobial agents and chemotherapy,NCT NCT02356562: Percentage of Part 1 Participants With Sustained Virologic Response 12 (SVR12) Weeks Posttreatment. Source: ClinicalTrials.gov registry (AACT-verified); publication resolved live via ,https://clinicaltrials.gov/study/NCT02356562
DASABUVIR_CHRONIC_HEPATITIS_AUTO_FULL_REVIEW.html,CORAL-I,25386767,,Kwo PY,2014,2375-2382,The New England journal of medicine,NCT NCT01782495: Percentage of Participants With Sustained Virologic Response 12 Weeks Post-treatment (SVR12). Source: ClinicalTrials.gov registry (AACT-verified); publication resolved live via NCT.,https://clinicaltrials.gov/study/NCT01782495
DASABUVIR_CHRONIC_HEPATITIS_AUTO_FULL_REVIEW.html,ZIRCON,32451952,,Rosenthal P,2020,3299-3310,Advances in therapy,NCT NCT02486406: Part 1: Maximum Plasma Concentration (Cmax) of Ombitasvir (OBV). Source: ClinicalTrials.gov registry (AACT-verified); publication resolved live via NCT.,https://clinicaltrials.gov/study/NCT02486406
DASABUVIR_HEPATITIS_C_AUTO_FULL_REVIEW.html,NCT02487199,30291369,,Shuster DL,2019,207-216,European journal of clinical pharmacology,NCT NCT02487199: Percentage of Participants With Sustained Virologic Response 12 Weeks Post-treatment (SVR12). Source: ClinicalTrials.gov registry (AACT-verified); publication resolved live via NCT.,https://clinicaltrials.gov/study/NCT02487199
DASABUVIR_HEPATITIS_C_AUTO_FULL_REVIEW.html,NCT02517515,29909549,,Zha J,2019,43-52,European journal of drug metabolism and pharmacokinetics,NCT NCT02517515: Percentage of Participants With Sustained Virologic Response 12 Weeks Post-treatment (SVR12). Source: ClinicalTrials.gov registry (AACT-verified); publication resolved live via NCT.,https://clinicaltrials.gov/study/NCT02517515
DEFEROXAMINE_IRON_AUTO_FULL_REVIEW.html,FIRST,34847228,,Kwiatkowski JL,2022,1243-1254,Blood advances,NCT NCT02041299: Change From Baseline in Liver Iron Concentration (LIC). Source: ClinicalTrials.gov registry (AACT-verified); publication resolved live via NCT.,https://clinicaltrials.gov/study/NCT02041299
DEFEROXAMINE_IRON_AUTO_FULL_REVIEW.html,CORDELIA,24385534,,Pennell DJ,2014,1447-1454,Blood,NCT NCT00600938: Core Study: Change From Baseline in Myocardial T2* (Magnetic Resonance T2-star (T2*) Technique for the Measurement of Ti. Source: ClinicalTrials.gov registry (AACT-verified); publicat,https://clinicaltrials.gov/study/NCT00600938
DELAMANID_TB_AUTO_FULL_REVIEW.html,NCT01424670,30630778,,von Groote-Bidlingmaier F,2019,249-259,The Lancet. Respiratory medicine,NCT NCT01424670: Time To Sputum Culture Conversion (SCC) During 6-Month Intensive Period Using The Mycobacteria Growth Indicator Tube (MG. Source: ClinicalTrials.gov registry (AACT-verified); publicat,https://clinicaltrials.gov/study/NCT01424670
DELAMANID_TB_AUTO_FULL_REVIEW.html,MDR-END,30651149,,Lee M,2019,57,Trials,NCT NCT02619994: Treatment Success Rate. Source: ClinicalTrials.gov registry (AACT-verified); publication resolved live via NCT.,https://clinicaltrials.gov/study/NCT02619994
DELANDISTROGENE_DMD_AUTO_FULL_REVIEW.html,NCT03769116,37539981,,Zaidman CM,2023,955-968,Annals of neurology,NCT NCT03769116: Change From Baseline at Week 12 in Quantity of Delandistrogene Moxeparvovec Dystrophin Protein Expression as Measured by. Source: ClinicalTrials.gov registry (AACT-verified); publicat,https://clinicaltrials.gov/study/NCT03769116
DELANDISTROGENE_DMD_AUTO_FULL_REVIEW.html,EMBARK,39385046,,Mendell JR,2025,332-341,Nature medicine,NCT NCT05096221: Part 1: Change From Baseline in North Star Ambulatory Assessment (NSAA) Total Score at Week 52. Source: ClinicalTrials.gov registry (AACT-verified); publication resolved live via NCT.,https://clinicaltrials.gov/study/NCT05096221
DELGOCITINIB_AD_AUTO_FULL_REVIEW.html,NCT03683719,38485862,,Molin S,2024,643-669,Dermatology and therapy,NCT NCT03683719: Investigator's Global Assessment for Chronic Hand Eczema (IGA-CHE) Score of 0 (Clear) or 1 (Almost Clear) With at Least . Source: ClinicalTrials.gov registry (AACT-verified); publicat,https://clinicaltrials.gov/study/NCT03683719
DELGOCITINIB_AD_AUTO_FULL_REVIEW.html,DELTA FORCE,40252681,,Giménez-Arnau AM,2025,1676-1688,"Lancet (London, England)",NCT NCT05259722: Change in HECSI Score From Baseline to Week 12. Source: ClinicalTrials.gov registry (AACT-verified); publication resolved live via NCT.,https://clinicaltrials.gov/study/NCT05259722
DELGOCITINIB_AD_AUTO_FULL_REVIEW.html,DELTA 2,39033766,,Bissonnette R,2024,461-473,"Lancet (London, England)",NCT NCT04872101: Number of Participants With IGA-CHE TS at Week 16. Source: ClinicalTrials.gov registry (AACT-verified); publication resolved live via NCT.,https://clinicaltrials.gov/study/NCT04872101
DELGOCITINIB_AD_AUTO_FULL_REVIEW.html,DELTA 1,38485862,,Molin S,2024,643-669,Dermatology and therapy,NCT NCT04871711: Number of Participants With IGA-CHE TS at Week 16. Source: ClinicalTrials.gov registry (AACT-verified); publication resolved live via NCT.,https://clinicaltrials.gov/study/NCT04871711
DELGOCITINIB_HAND_AUTO_FULL_REVIEW.html,NCT03683719,38485862,,Molin S,2024,643-669,Dermatology and therapy,NCT NCT03683719: Investigator's Global Assessment for Chronic Hand Eczema (IGA-CHE) Score of 0 (Clear) or 1 (Almost Clear) With at Least . Source: ClinicalTrials.gov registry (AACT-verified); publicat,https://clinicaltrials.gov/study/NCT03683719
DELGOCITINIB_HAND_AUTO_FULL_REVIEW.html,DELTA FORCE,40252681,,Giménez-Arnau AM,2025,1676-1688,"Lancet (London, England)",NCT NCT05259722: Change in HECSI Score From Baseline to Week 12. Source: ClinicalTrials.gov registry (AACT-verified); publication resolved live via NCT.,https://clinicaltrials.gov/study/NCT05259722
DELGOCITINIB_HAND_AUTO_FULL_REVIEW.html,DELTA 2,39033766,,Bissonnette R,2024,461-473,"Lancet (London, England)",NCT NCT04872101: Number of Participants With IGA-CHE TS at Week 16. Source: ClinicalTrials.gov registry (AACT-verified); publication resolved live via NCT.,https://clinicaltrials.gov/study/NCT04872101
DELGOCITINIB_HAND_AUTO_FULL_REVIEW.html,DELTA 1,38485862,,Molin S,2024,643-669,Dermatology and therapy,NCT NCT04871711: Number of Participants With IGA-CHE TS at Week 16. Source: ClinicalTrials.gov registry (AACT-verified); publication resolved live via NCT.,https://clinicaltrials.gov/study/NCT04871711
DENOSUMAB_BONE_MET_AUTO_FULL_REVIEW.html,NCT01345019,29429912,,Raje N,2018,370-381,The Lancet. Oncology,NCT NCT01345019: Time to First On-study Skeletal Related Event. Source: ClinicalTrials.gov registry (AACT-verified); publication resolved live via NCT.,https://clinicaltrials.gov/study/NCT01345019
DENOSUMAB_BONE_MET_AUTO_FULL_REVIEW.html,NCT00321464,22975218,,Lipton A,2012,3082-3092,"European journal of cancer (Oxford, England : 1990)",NCT NCT00321464: Time to First On-Study Skeletal Related Event (SRE) (Non-inferiority). Source: ClinicalTrials.gov registry (AACT-verified); publication resolved live via NCT.,https://clinicaltrials.gov/study/NCT00321464
DENOSUMAB_BONE_MET_AUTO_FULL_REVIEW.html,NCT00330759,22975218,,Lipton A,2012,3082-3092,"European journal of cancer (Oxford, England : 1990)",NCT NCT00330759: Time to the First On-Study Skeletal-Related Event (Non-Inferiority). Source: ClinicalTrials.gov registry (AACT-verified); publication resolved live via NCT.,https://clinicaltrials.gov/study/NCT00330759
DENOSUMAB_BONE_MET_AUTO_FULL_REVIEW.html,NCT00321620,22975218,,Lipton A,2012,3082-3092,"European journal of cancer (Oxford, England : 1990)",NCT NCT00321620: Time to the First On-Study SRE (Non-inferiority). Source: ClinicalTrials.gov registry (AACT-verified); publication resolved live via NCT.,https://clinicaltrials.gov/study/NCT00321620
DENOSUMAB_OSTEO_AUTO_FULL_REVIEW.html,NCT01652690,30191465,,Růžičková O,2018,1713-1728,Advances in therapy,NCT NCT01652690: Number of Participants Receiving All Prescriptions and Injections of Denosumab From the Initial Prescribing Physician's . Source: ClinicalTrials.gov registry (AACT-verified); publicat,https://clinicaltrials.gov/study/NCT01652690
DENOSUMAB_OSTEO_AUTO_FULL_REVIEW.html,NCT05338086,41900779,,Supronik J,2026,,Pharmaceutics,NCT NCT05338086: Efficacy: Percentage Change From Baseline (%CfB) in Lumbar Spine Bone Mineral Density (LS-BMD) at 52 Weeks - Modified Fu. Source: ClinicalTrials.gov registry (AACT-verified); publicat,https://clinicaltrials.gov/study/NCT05338086
DENOSUMAB_OSTEO_AUTO_FULL_REVIEW.html,ALVOBOND,40698538,,Lortkipanidze M,2025,899-912,Expert opinion on biological therapy,NCT NCT05395091: Percent Change From Baseline in LS BMD at Month 12 to Demonstrate Comparable Efficacy of AVT03 and Prolia®.. Source: ClinicalTrials.gov registry (AACT-verified); publication resolved ,https://clinicaltrials.gov/study/NCT05395091
DERISOMALTOSE_IRON_DEFICIENCY_AUTO_FULL_REVIEW.html,NCT03237065,32016310,,Wolf M,2020,432-443,JAMA,NCT NCT03237065: Incidence of Hypophosphatemia (S-phosphate Level <2 mg/dL). Source: ClinicalTrials.gov registry (AACT-verified); publication resolved live via NCT.,https://clinicaltrials.gov/study/NCT03237065
DERISOMALTOSE_IRON_DEFICIENCY_AUTO_FULL_REVIEW.html,NCT02940886,31243803,,Auerbach M,2019,1007-1014,American journal of hematology,NCT NCT02940886: Change in Hemoglobin (Hb) From Baseline to Week 8. Source: ClinicalTrials.gov registry (AACT-verified); publication resolved live via NCT.,https://clinicaltrials.gov/study/NCT02940886
DERISOMALTOSE_IRON_DEFICIENCY_AUTO_FULL_REVIEW.html,NCT02940860,32049331,,Bhandari S,2021,111-120,"Nephrology, dialysis, transplantation : official publication of the European Dialysis and Transplant Association - European Renal Association",NCT NCT02940860: Change in Hemoglobin (Hb) From Baseline to Week 8. Source: ClinicalTrials.gov registry (AACT-verified); publication resolved live via NCT.,https://clinicaltrials.gov/study/NCT02940860
DERISOMALTOSE_IRON_DEFICIENCY_AUTO_FULL_REVIEW.html,NCT03238911,32016310,,Wolf M,2020,432-443,JAMA,NCT NCT03238911: Incidence of Hypophosphatemia (S-phosphate Level <2 mg/dL). Source: ClinicalTrials.gov registry (AACT-verified); publication resolved live via NCT.,https://clinicaltrials.gov/study/NCT03238911
DERUXTECAN_NONSMALL_CELL_AUTO_FULL_REVIEW.html,DESTINY-Lung01,34534430,,Li BT,2022,241-251,The New England journal of medicine,NCT NCT03505710: Percentage of Participants With Objective Response Rate (ORR) Based on Independent Central Review Following Treatment Wi. Source: ClinicalTrials.gov registry (AACT-verified); publicat,https://clinicaltrials.gov/study/NCT03505710
DERUXTECAN_NONSMALL_CELL_AUTO_FULL_REVIEW.html,NCT04619004,37212796,,Yu HA,2023,1319-1329,"Future oncology (London, England)",NCT NCT04619004: Objective Response Rate (ORR) as Assessed by Blinded Independent Central Review (BICR). Source: ClinicalTrials.gov registry (AACT-verified); publication resolved live via NCT.,https://clinicaltrials.gov/study/NCT04619004
DEXAMETHASONE_DME_AUTO_FULL_REVIEW.html,EDRMT,31496644,,Fonseca ALA,2019,1523-1531,"Clinical ophthalmology (Auckland, N.Z.)",NCT NCT03608839: Macular Thickness at 3 Days After Intravitreous Dexamethasone. Source: ClinicalTrials.gov registry (AACT-verified); publication resolved live via NCT.,https://clinicaltrials.gov/study/NCT03608839
DEXAMETHASONE_IMPLANT_AUTO_FULL_REVIEW.html,EDRMT,31496644,,Fonseca ALA,2019,1523-1531,"Clinical ophthalmology (Auckland, N.Z.)",NCT NCT03608839: Macular Thickness at 3 Days After Intravitreous Dexamethasone. Source: ClinicalTrials.gov registry (AACT-verified); publication resolved live via NCT.,https://clinicaltrials.gov/study/NCT03608839
DEXAMETHASONE_INTRAVITREAL_AUTO_FULL_REVIEW.html,EDRMT,31496644,,Fonseca ALA,2019,1523-1531,"Clinical ophthalmology (Auckland, N.Z.)",NCT NCT03608839: Macular Thickness at 3 Days After Intravitreous Dexamethasone. Source: ClinicalTrials.gov registry (AACT-verified); publication resolved live via NCT.,https://clinicaltrials.gov/study/NCT03608839
DIMETHYL_FUMARATE_MS_AUTO_FULL_REVIEW.html,NCT03093324,31953790,,Naismith RT,2020,185-196,CNS drugs,NCT NCT03093324: Number of Days With Any Individual Gastrointestinal Symptom and Impact Scale (IGISIS) Individual Symptom Intensity Score. Source: ClinicalTrials.gov registry (AACT-verified); publicat,https://clinicaltrials.gov/study/NCT03093324
DIMETHYL_FUMARATE_MS_AUTO_FULL_REVIEW.html,ENDORSE,26932146,,Gold R,2016,45-57,Neurology and therapy,NCT NCT00835770: Number of Participants With Treatment-Emergent Adverse Events (AEs). Source: ClinicalTrials.gov registry (AACT-verified); publication resolved live via NCT.,https://clinicaltrials.gov/study/NCT00835770
DINUTUXIMAB_NEUROBLASTOMA_AUTO_FULL_REVIEW.html,NCT00026312,20879881,,Yu AL,2010,1324-1334,The New England journal of medicine,NCT NCT00026312: Event-Free Survival (EFS). Source: ClinicalTrials.gov registry (AACT-verified); publication resolved live via NCT.,https://clinicaltrials.gov/study/NCT00026312
DINUTUXIMAB_NEUROBLASTOMA_AUTO_FULL_REVIEW.html,NCT03794349,38200233,,Hogarty MD,2024,788-797,British journal of cancer,NCT NCT03794349: Response Rate. Source: ClinicalTrials.gov registry (AACT-verified); publication resolved live via NCT.,https://clinicaltrials.gov/study/NCT03794349
DOAC_CANCER_VTE_REVIEW.html,HOKUSAI VTE-Cancer,29231094,,Raskob GE,2018,615-624,The New England journal of medicine,N Engl J Med 2018; 378:615-624,https://www.nejm.org/doi/full/10.1056/NEJMoa1711948
DOAC_CANCER_VTE_REVIEW.html,SELECT-D,29746227,,Young AM,2018,2017-2023,Journal of clinical oncology : official journal of the American Society of Clinical Oncology,J Clin Oncol 2018; 36(20):2017-2023,https://ascopubs.org/doi/full/10.1200/JCO.2018.78.8034
DOAC_CANCER_VTE_REVIEW.html,ADAM VTE,31630479,PAGE_MISMATCH,McBane RD 2nd,2020,411-421,Journal of thrombosis and haemostasis : JTH,Blood 2020; 136(suppl 1):8-9 / J Thromb Haemost 2020; 18:3208-3217,https://onlinelibrary.wiley.com/doi/full/10.1111/jth.15089
DOAC_CANCER_VTE_REVIEW.html,CARAVAGGIO,32223112,,Agnelli G,2020,1599-1607,The New England journal of medicine,N Engl J Med 2020; 382:1599-1607,https://www.nejm.org/doi/full/10.1056/NEJMoa1915103
DONANEMAB_AD_AUTO_FULL_REVIEW.html,NCT03367403,33720637,,Mintun MA,2021,1691-1704,The New England journal of medicine,NCT NCT03367403: Change From Baseline in the Integrated Alzheimer's Disease Rating Scale (iADRS) Score. Source: ClinicalTrials.gov registry (AACT-verified); publication resolved live via NCT.,https://clinicaltrials.gov/study/NCT03367403
DONANEMAB_AD_AUTO_FULL_REVIEW.html,NCT05108922,40390253,,Salloway S,2025,e70293,Alzheimer's & dementia : the journal of the Alzheimer's Association,NCT NCT05108922: Percentage of Participants Who Reach Complete Amyloid Plaque Clearance on Florbetapir F18 Positron Emission Tomography (. Source: ClinicalTrials.gov registry (AACT-verified); publicat,https://clinicaltrials.gov/study/NCT05108922
DONANEMAB_AD_AUTO_FULL_REVIEW.html,NCT05738486,40619285,,Wang H,2025,100266,The journal of prevention of Alzheimer's disease,NCT NCT05738486: Percentage of Participants With Any Occurrence of Amyloid-Related Imaging Abnormality-Edema/Effusion (ARIA-E). Source: ClinicalTrials.gov registry (AACT-verified); publication resolve,https://clinicaltrials.gov/study/NCT05738486
DONANEMAB_AD_AUTO_FULL_REVIEW.html,NCT04437511,37459141,,Sims JR,2023,512-527,JAMA,NCT NCT04437511: Change From Baseline on the Integrated Alzheimer's Disease Rating Scale (iADRS) (Overall Population). Source: ClinicalTrials.gov registry (AACT-verified); publication resolved live vi,https://clinicaltrials.gov/study/NCT04437511
DONIDALORSEN_HAE_AUTO_FULL_REVIEW.html,NCT04030598,35294812,,Fijen LM,2022,1026-1033,The New England journal of medicine,NCT NCT04030598: Time-normalized Number of HAE Attacks (Per Month) From Week 1 to Week 17. Source: ClinicalTrials.gov registry (AACT-verified); publication resolved live via NCT.,https://clinicaltrials.gov/study/NCT04030598
DONIDALORSEN_HAE_AUTO_FULL_REVIEW.html,NCT05139810,38819395,,Riedl MA,2024,21-31,The New England journal of medicine,NCT NCT05139810: Time-Normalized Investigator-Confirmed (IC) HAE Attack Rate (Per Month) From Week 1 to Week 25. Source: ClinicalTrials.gov registry (AACT-verified); publication resolved live via NCT.,https://clinicaltrials.gov/study/NCT05139810
DORAVIRINE_HIV_AUTO_FULL_REVIEW.html,NCT02652260,33587439,,Nelson M,2021,759-767,"AIDS (London, England)",NCT NCT02652260: Percentage of Participants With at Least One Central Nervous System (CNS) Toxicity of at Least Grade 2 Intensity at Week. Source: ClinicalTrials.gov registry (AACT-verified); publicat,https://clinicaltrials.gov/study/NCT02652260
DORAVIRINE_HIV_AUTO_FULL_REVIEW.html,DRIVE-SHIFT,30985556,,Johnson M,2019,463-472,Journal of acquired immune deficiency syndromes (1999),NCT NCT02397096: Percentage of Participants Maintaining Human Immunodeficiency Virus-1 Ribonucleic Acid (HIV-1 RNA) <50 Copies/mL. Source: ClinicalTrials.gov registry (AACT-verified); publication reso,https://clinicaltrials.gov/study/NCT02397096
DORIPENEM_AUTO_FULL_REVIEW.html,NCT00986102,24636429,,Mustafa M,2014,353-360,International journal of antimicrobial agents,NCT NCT00986102: Number of Participants With the Usage of Doripenem as Per the Approved Indication. Source: ClinicalTrials.gov registry (AACT-verified); publication resolved live via NCT.,https://clinicaltrials.gov/study/NCT00986102
DORIPENEM_AUTO_FULL_REVIEW.html,NCT00589693,23148736,,Kollef MH,2012,R218,"Critical care (London, England)",NCT NCT00589693: Clinical Cure Rate at the End-of-treatment (EOT) Visit. Source: ClinicalTrials.gov registry (AACT-verified); publication resolved live via NCT.,https://clinicaltrials.gov/study/NCT00589693
DROTRECOGIN_SEPSIS_AUTO_FULL_REVIEW.html,NCT00604214,22616830,,Ranieri VM,2012,2055-2064,The New England journal of medicine,NCT NCT00604214: 28-Day All-Cause Mortality. Source: ClinicalTrials.gov registry (AACT-verified); publication resolved live via NCT.,https://clinicaltrials.gov/study/NCT00604214
DROTRECOGIN_SEPSIS_AUTO_FULL_REVIEW.html,NCT00386425,21176144,,Shorr AF,2010,R229,"Critical care (London, England)",NCT NCT00386425: Mean Change in Protein C Levels From Day 1 to Day 7. Source: ClinicalTrials.gov registry (AACT-verified); publication resolved live via NCT.,https://clinicaltrials.gov/study/NCT00386425
DULOXETINE_DEPRESSION_AUTO_FULL_REVIEW.html,NCT00384033,19698901,,Tourian KA,2009,1405-1423,Clinical therapeutics,NCT NCT00384033: Change From Baseline in HAM-D17 Total Score at Week 8 or Final On-therapy (FOT) Evaluation. Source: ClinicalTrials.gov registry (AACT-verified); publication resolved live via NCT.,https://clinicaltrials.gov/study/NCT00384033
DULOXETINE_DEPRESSION_AUTO_FULL_REVIEW.html,NCT01140906,24257717,,Boulenger JP,2014,138-149,International clinical psychopharmacology,NCT NCT01140906: Change From Baseline in MADRS Total Score After 8 Weeks of Treatment.. Source: ClinicalTrials.gov registry (AACT-verified); publication resolved live via NCT.,https://clinicaltrials.gov/study/NCT01140906
DULOXETINE_DEPRESSION_AUTO_FULL_REVIEW.html,NCT00177671,18251622,,Karp JF,2008,457-463,The Journal of clinical psychiatry,NCT NCT00177671: Global Cognitive Performance. Source: ClinicalTrials.gov registry (AACT-verified); publication resolved live via NCT.,https://clinicaltrials.gov/study/NCT00177671
DUPILUMAB_AD_AUTO_FULL_REVIEW.html,NCT03054428,31595499,,Cork MJ,2020,85-96,The British journal of dermatology,NCT NCT03054428: Percentage of Participants With Investigator's Global Assessment (IGA) 0 or 1 (and Reduction From Baseline of ≥2 Points). Source: ClinicalTrials.gov registry (AACT-verified); publicat,https://clinicaltrials.gov/study/NCT03054428
DUPILUMAB_AD_AUTO_FULL_REVIEW.html,NCT02407756,31595499,,Cork MJ,2020,85-96,The British journal of dermatology,NCT NCT02407756: Pharmacokinetics (PK) of Dupilumab: Maximum Plasma Concentration Observed (Cmax) After Single Administration. Source: ClinicalTrials.gov registry (AACT-verified); publication resolved,https://clinicaltrials.gov/study/NCT02407756
DUPILUMAB_PED_AD_AUTO_FULL_REVIEW.html,NCT03054428,31595499,,Cork MJ,2020,85-96,The British journal of dermatology,NCT NCT03054428: Percentage of Participants With Investigator's Global Assessment (IGA) 0 or 1 (and Reduction From Baseline of ≥2 Points). Source: ClinicalTrials.gov registry (AACT-verified); publicat,https://clinicaltrials.gov/study/NCT03054428
DUPILUMAB_PED_AD_AUTO_FULL_REVIEW.html,NCT02407756,31595499,,Cork MJ,2020,85-96,The British journal of dermatology,NCT NCT02407756: Pharmacokinetics (PK) of Dupilumab: Maximum Plasma Concentration Observed (Cmax) After Single Administration. Source: ClinicalTrials.gov registry (AACT-verified); publication resolved,https://clinicaltrials.gov/study/NCT02407756
DUPILUMAB_PED_AD_AUTO_FULL_REVIEW.html,CHRONOS,28478972,,Blauvelt A,2017,2287-2303,"Lancet (London, England)",NCT NCT02260986: Percentage of Participants With Investigator's Global Assessment (IGA) Score of 0 or 1 and Reduction From Baseline of ≥2. Source: ClinicalTrials.gov registry (AACT-verified); publicat,https://clinicaltrials.gov/study/NCT02260986
DURVALUMAB_ENDOMETRIAL_AUTO_FULL_REVIEW.html,DUO-E,37864337,,Westin SN,2024,283-299,Journal of clinical oncology : official journal of the American Society of Clinical Oncology,"NCT NCT04269200: Progression-free Survival (PFS) According to RECIST 1.1, Based on Investigator Assessments. Source: ClinicalTrials.gov registry (AACT-verified); publication resolved live via NCT.",https://clinicaltrials.gov/study/NCT04269200
DURVALUMAB_ENDOMETRIAL_AUTO_FULL_REVIEW.html,NCT03015129,34103352,,Antill Y,2021,,Journal for immunotherapy of cancer,NCT NCT03015129: Treatment Efficacy Determined by Measuring the Overall Response Rate. Source: ClinicalTrials.gov registry (AACT-verified); publication resolved live via NCT.,https://clinicaltrials.gov/study/NCT03015129
DURVALUMAB_ENDOMETRIAL_AUTO_FULL_REVIEW.html,NCT03660826,38127487,,Rimel BJ,2024,1234-1245,Cancer,NCT NCT03660826: Progression-free Survival. Source: ClinicalTrials.gov registry (AACT-verified); publication resolved live via NCT.,https://clinicaltrials.gov/study/NCT03660826
DUTASTERIDE_BPH_AUTO_FULL_REVIEW.html,NCT00527605,22017520,,Na Y,2012,29-39,Clinical drug investigation,NCT NCT00527605: Percent Change From Baseline in the Prostate Volume at Month 6. Source: ClinicalTrials.gov registry (AACT-verified); publication resolved live via NCT.,https://clinicaltrials.gov/study/NCT00527605
DUTASTERIDE_BPH_AUTO_FULL_REVIEW.html,TRADE,21575967,,Page ST,2011,191-197,The Journal of urology,NCT NCT00194675: Effects of Testosterone Gel Alone or in Combination With Oral Dutasteride on Prostate Volume in Hypogonadal Men With Ben. Source: ClinicalTrials.gov registry (AACT-verified); publicat,https://clinicaltrials.gov/study/NCT00194675
EBOLA_VACCINE_REVIEW.html,Ebola ça Suffit Guinea Ring (Henao-Restrepo 2017),28017403,,Henao-Restrepo AM,2017,505-518,"Lancet (London, England)","Source: Henao-Restrepo AM, Camacho A, Longini IM, et al. Efficacy and effectiveness of an rVSV-vectored vaccine in preventing Ebola virus disease: final results from the Guinea ring vaccination, open-",https://www.thelancet.com/journals/lancet/article/PIIS0140-6736(16)32621-6/fulltext
ECALLANTIDE_HAE_AUTO_FULL_REVIEW.html,NCT01343823,25182544,,Lewis LM,2015,204-213,Annals of emergency medicine,NCT NCT01343823: Safety and Efficacy of Ecallantide. Source: ClinicalTrials.gov registry (AACT-verified); publication resolved live via NCT.,https://clinicaltrials.gov/study/NCT01343823
ECALLANTIDE_HAE_AUTO_FULL_REVIEW.html,NCT00262080,20818887,,Cicardi M,2010,523-531,The New England journal of medicine,NCT NCT00262080: Treatment Outcome Score at 4 Hours Post-Dose. Source: ClinicalTrials.gov registry (AACT-verified); publication resolved live via NCT.,https://clinicaltrials.gov/study/NCT00262080
ECULIZUMAB_GMG_AUTO_FULL_REVIEW.html,NCT01997229,29066163,,Howard JF Jr,2017,976-986,The Lancet. Neurology,NCT NCT01997229: Myasthenia Gravis Activities of Daily Living Profile (MG-ADL): Change From Baseline in MG-ADL Total Score at Week 26 by . Source: ClinicalTrials.gov registry (AACT-verified); publicat,https://clinicaltrials.gov/study/NCT01997229
ECULIZUMAB_GMG_AUTO_FULL_REVIEW.html,NCT02301624,30767274,,Muppidi S,2019,14-24,Muscle & nerve,NCT NCT02301624: Count Of Participants With Treatment-Emergent Adverse Events. Source: ClinicalTrials.gov registry (AACT-verified); publication resolved live via NCT.,https://clinicaltrials.gov/study/NCT02301624
ECULIZUMAB_MYASTHENIA_AUTO_FULL_REVIEW.html,NCT01997229,29066163,,Howard JF Jr,2017,976-986,The Lancet. Neurology,NCT NCT01997229: Myasthenia Gravis Activities of Daily Living Profile (MG-ADL): Change From Baseline in MG-ADL Total Score at Week 26 by . Source: ClinicalTrials.gov registry (AACT-verified); publicat,https://clinicaltrials.gov/study/NCT01997229
ECULIZUMAB_MYASTHENIA_AUTO_FULL_REVIEW.html,NCT02301624,30767274,,Muppidi S,2019,14-24,Muscle & nerve,NCT NCT02301624: Count Of Participants With Treatment-Emergent Adverse Events. Source: ClinicalTrials.gov registry (AACT-verified); publication resolved live via NCT.,https://clinicaltrials.gov/study/NCT02301624
ECULIZUMAB_NMOSD_AUTO_FULL_REVIEW.html,NCT02003144,33676197,,Kim HJ,2021,102849,Multiple sclerosis and related disorders,NCT NCT02003144: Number of Participants With Treatment Emergent Adverse Events and Serious Adverse Events. Source: ClinicalTrials.gov registry (AACT-verified); publication resolved live via NCT.,https://clinicaltrials.gov/study/NCT02003144
ECULIZUMAB_NMOSD_AUTO_FULL_REVIEW.html,NCT01892345,31050279,,Pittock SJ,2019,614-625,The New England journal of medicine,NCT NCT01892345: Participants With An Adjudicated On-trial Relapse. Source: ClinicalTrials.gov registry (AACT-verified); publication resolved live via NCT.,https://clinicaltrials.gov/study/NCT01892345
EDOXABAN_CANCER_VTE_AUTO_FULL_REVIEW.html,NCT01181102,25294589,,Fuji T,2014,1198-1204,Thrombosis research,NCT NCT01181102: Incidence of Subjects With Venous Thromboembolism Events.. Source: ClinicalTrials.gov registry (AACT-verified); publication resolved live via NCT.,https://clinicaltrials.gov/study/NCT01181102
EDOXABAN_CANCER_VTE_AUTO_FULL_REVIEW.html,NCT01181141,24680549,,Fuji T,2014,1016-1022,Thrombosis research,NCT NCT01181141: The Incidence of Major or Clinically Relevant Non-major Bleeding. Source: ClinicalTrials.gov registry (AACT-verified); publication resolved live via NCT.,https://clinicaltrials.gov/study/NCT01181141
EDOXABAN_VTE_AUTO_FULL_REVIEW.html,NCT01181102,25294589,,Fuji T,2014,1198-1204,Thrombosis research,NCT NCT01181102: Incidence of Subjects With Venous Thromboembolism Events.. Source: ClinicalTrials.gov registry (AACT-verified); publication resolved live via NCT.,https://clinicaltrials.gov/study/NCT01181102
EDOXABAN_VTE_AUTO_FULL_REVIEW.html,NCT01181141,24680549,,Fuji T,2014,1016-1022,Thrombosis research,NCT NCT01181141: The Incidence of Major or Clinically Relevant Non-major Bleeding. Source: ClinicalTrials.gov registry (AACT-verified); publication resolved live via NCT.,https://clinicaltrials.gov/study/NCT01181141
EFGARTIGIMOD_ITP_AUTO_FULL_REVIEW.html,ADVANCE,37778358,,Broome CM,2023,1648-1659,"Lancet (London, England)",NCT NCT04188379: Percentage of Participants With Chronic ITP With a Sustained Platelet Count Response Defined as Achieving Platelet Count. Source: ClinicalTrials.gov registry (AACT-verified); publicat,https://clinicaltrials.gov/study/NCT04188379
EFGARTIGIMOD_ITP_AUTO_FULL_REVIEW.html,ADVANCE SC,41943179,,Cooper N,2026,1494-1506,American journal of hematology,NCT NCT04687072: Percentage of Participants With Chronic Immune Thrombocytopenia (ITP) With a Sustained Platelet Count Response Between W. Source: ClinicalTrials.gov registry (AACT-verified); publicat,https://clinicaltrials.gov/study/NCT04687072
EFPEGLENATIDE_T2D_AUTO_FULL_REVIEW.html,AMPLITUDE-M,35671039,,Frias JP,2022,1592-1600,Diabetes care,NCT NCT03353350: Change in Glycated Hemoglobin (HbA1c) (%). Source: ClinicalTrials.gov registry (AACT-verified); publication resolved live via NCT.,https://clinicaltrials.gov/study/NCT03353350
EFPEGLENATIDE_T2D_AUTO_FULL_REVIEW.html,AMPLITUDE-O,34215025,,Gerstein HC,2021,896-907,The New England journal of medicine,NCT NCT03496298: Time to First Occurrence of Major Adverse Cardiovascular Events: Event Rate Per 100 Participant-years for First O. Source: ClinicalTrials.gov registry (AACT-verified); publication res,https://clinicaltrials.gov/study/NCT03496298
EFSITORA_TYPE_2_AUTO_FULL_REVIEW.html,NCT05275400,40562047,,Philis-Tsimikas A,2025,2279-2289,"Lancet (London, England)",NCT NCT05275400: Change From Baseline in Hemoglobin A1c (HbA1c) [Noninferiority]. Source: ClinicalTrials.gov registry (AACT-verified); publication resolved live via NCT.,https://clinicaltrials.gov/study/NCT05275400
EFSITORA_TYPE_2_AUTO_FULL_REVIEW.html,QWINT-1,40548694,,Rosenstock J,2025,325-335,The New England journal of medicine,NCT NCT05662332: Change From Baseline in Hemoglobin A1c (HbA1c) [Noninferiority Analysis]. Source: ClinicalTrials.gov registry (AACT-verified); publication resolved live via NCT.,https://clinicaltrials.gov/study/NCT05662332
EFSITORA_TYPE_2_AUTO_FULL_REVIEW.html,QWINT-2,39254740,,Wysham C,2024,2201-2211,The New England journal of medicine,NCT NCT05362058: Change From Baseline in HbA1c at Week 52 [Noninferiority Analysis]. Source: ClinicalTrials.gov registry (AACT-verified); publication resolved live via NCT.,https://clinicaltrials.gov/study/NCT05362058
EFSITORA_TYPE_2_AUTO_FULL_REVIEW.html,QWINT-4,40562048,,Blevins T,2025,2290-2301,"Lancet (London, England)",NCT NCT05462756: Change From Baseline in Hemoglobin A1c (HbA1c) [Noninferiority]. Source: ClinicalTrials.gov registry (AACT-verified); publication resolved live via NCT.,https://clinicaltrials.gov/study/NCT05462756
ELAFIBRANOR_NASH_AUTO_FULL_REVIEW.html,ELATIVE,37962077,,Kowdley KV,2024,795-805,The New England journal of medicine,NCT NCT04526665: Percentage of Participants With Response to Treatment Based on Cholestasis Response at Week 52. Source: ClinicalTrials.gov registry (AACT-verified); publication resolved live via NCT.,https://clinicaltrials.gov/study/NCT04526665
ELAFIBRANOR_NASH_AUTO_FULL_REVIEW.html,NCT03124108,33484775,,Schattenberg JM,2021,1344-1354,Journal of hepatology,NCT NCT03124108: Relative Change From Baseline in Serum Alkaline Phosphatase (ALP) Levels at Week 12 (Endpoint). Source: ClinicalTrials.gov registry (AACT-verified); publication resolved live via NCT.,https://clinicaltrials.gov/study/NCT03124108
ELAFIBRANOR_PBC_AUTO_FULL_REVIEW.html,ELATIVE,37962077,,Kowdley KV,2024,795-805,The New England journal of medicine,NCT NCT04526665: Percentage of Participants With Response to Treatment Based on Cholestasis Response at Week 52. Source: ClinicalTrials.gov registry (AACT-verified); publication resolved live via NCT.,https://clinicaltrials.gov/study/NCT04526665
ELAFIBRANOR_PBC_AUTO_FULL_REVIEW.html,NCT03124108,33484775,,Schattenberg JM,2021,1344-1354,Journal of hepatology,NCT NCT03124108: Relative Change From Baseline in Serum Alkaline Phosphatase (ALP) Levels at Week 12 (Endpoint). Source: ClinicalTrials.gov registry (AACT-verified); publication resolved live via NCT.,https://clinicaltrials.gov/study/NCT03124108
ELAGOLIX_ENDO_AUTO_FULL_REVIEW.html,ELARIS EM-II,28525302,,Taylor HS,2017,28-40,The New England journal of medicine,NCT NCT01931670: Percentage of Responders at Month 3 Based on Daily Assessment of Dysmenorrhea (DYS). Source: ClinicalTrials.gov registry (AACT-verified); publication resolved live via NCT.,https://clinicaltrials.gov/study/NCT01931670
ELAGOLIX_ENDO_AUTO_FULL_REVIEW.html,NCT03213457,34435897,,Watts NB,2021,1416-1430,Journal of women's health (2002),NCT NCT03213457: Co-Primary Endpoint: Percentage of Participants With a Response for Dysmenorrhea (DYS) at Months 6 and 12 Based on Daily. Source: ClinicalTrials.gov registry (AACT-verified); publicat,https://clinicaltrials.gov/study/NCT03213457
ELAGOLIX_ENDO_AUTO_FULL_REVIEW.html,NCT02143713,29476499,,Winzenborg I,2018,1295-1306,Clinical pharmacokinetics,NCT NCT02143713: Percentage of Participants With a Response for Dysmenorrhea at Month 6 Based on Daily Assessment. Source: ClinicalTrials.gov registry (AACT-verified); publication resolved live via NC,https://clinicaltrials.gov/study/NCT02143713
ELAGOLIX_ENDOMETRIOSIS_AUTO_FULL_REVIEW.html,ELARIS EM-II,28525302,,Taylor HS,2017,28-40,The New England journal of medicine,NCT NCT01931670: Percentage of Responders at Month 3 Based on Daily Assessment of Dysmenorrhea (DYS). Source: ClinicalTrials.gov registry (AACT-verified); publication resolved live via NCT.,https://clinicaltrials.gov/study/NCT01931670
ELAGOLIX_ENDOMETRIOSIS_AUTO_FULL_REVIEW.html,NCT03213457,34435897,,Watts NB,2021,1416-1430,Journal of women's health (2002),NCT NCT03213457: Co-Primary Endpoint: Percentage of Participants With a Response for Dysmenorrhea (DYS) at Months 6 and 12 Based on Daily. Source: ClinicalTrials.gov registry (AACT-verified); publicat,https://clinicaltrials.gov/study/NCT03213457
ELAGOLIX_ENDOMETRIOSIS_AUTO_FULL_REVIEW.html,NCT02143713,29476499,,Winzenborg I,2018,1295-1306,Clinical pharmacokinetics,NCT NCT02143713: Percentage of Participants With a Response for Dysmenorrhea at Month 6 Based on Daily Assessment. Source: ClinicalTrials.gov registry (AACT-verified); publication resolved live via NC,https://clinicaltrials.gov/study/NCT02143713
ELAGOLIX_FIBROIDS_AUTO_FULL_REVIEW.html,NCT02691494,31971678,,Schlaff WD,2020,328-340,The New England journal of medicine,NCT NCT02691494: Percentage of Participants Meeting the Criteria for Responder. Source: ClinicalTrials.gov registry (AACT-verified); publication resolved live via NCT.,https://clinicaltrials.gov/study/NCT02691494
ELAGOLIX_FIBROIDS_AUTO_FULL_REVIEW.html,NCT01817530,30303923,,Carr BR,2018,1252-1264,Obstetrics and gynecology,NCT NCT01817530: Percentage of Participants With a Menstrual Blood Loss (MBL) Volume of < 80 mL at the Final Month and a ≥ 50% Reduction . Source: ClinicalTrials.gov registry (AACT-verified); publicat,https://clinicaltrials.gov/study/NCT01817530
ELAGOLIX_FIBROIDS_AUTO_FULL_REVIEW.html,NCT02925494,34878624,,Beck D,2022,577-587,Clinical pharmacokinetics,NCT NCT02925494: Percentage of Participants Meeting the Criteria for Responder. Source: ClinicalTrials.gov registry (AACT-verified); publication resolved live via NCT.,https://clinicaltrials.gov/study/NCT02925494
ELAGOLIX_FIBROIDS_AUTO_FULL_REVIEW.html,NCT01441635,27733082,,Coyne KS,2017,193-200,Current medical research and opinion,NCT NCT01441635: Mean Change From Baseline to the Last 28 Days of Treatment in Menstrual Blood Loss (MBL). Source: ClinicalTrials.gov registry (AACT-verified); publication resolved live via NCT.,https://clinicaltrials.gov/study/NCT01441635
ELAGOLIX_FIBROIDS_AUTO_FULL_REVIEW.html,NCT03886220,37769311,,Brown E,2023,1068-1076,Obstetrics and gynecology,NCT NCT03886220: Percentage of Participants Who Were Responders With Menstrual Blood Loss (MBL) Volume < 80 mL at Final Month and >= 50% . Source: ClinicalTrials.gov registry (AACT-verified); publicat,https://clinicaltrials.gov/study/NCT03886220
ELAGOLIX_FIBROIDS_AUTO_FULL_REVIEW.html,NCT02654054,31971678,,Schlaff WD,2020,328-340,The New England journal of medicine,NCT NCT02654054: Percentage of Participants Meeting the Criteria for Responder. Source: ClinicalTrials.gov registry (AACT-verified); publication resolved live via NCT.,https://clinicaltrials.gov/study/NCT02654054
ELAGOLIX_HMB_AUTO_FULL_REVIEW.html,NCT02691494,31971678,,Schlaff WD,2020,328-340,The New England journal of medicine,NCT NCT02691494: Percentage of Participants Meeting the Criteria for Responder. Source: ClinicalTrials.gov registry (AACT-verified); publication resolved live via NCT.,https://clinicaltrials.gov/study/NCT02691494
ELAGOLIX_HMB_AUTO_FULL_REVIEW.html,NCT02925494,34878624,,Beck D,2022,577-587,Clinical pharmacokinetics,NCT NCT02925494: Percentage of Participants Meeting the Criteria for Responder. Source: ClinicalTrials.gov registry (AACT-verified); publication resolved live via NCT.,https://clinicaltrials.gov/study/NCT02925494
ELAGOLIX_HMB_AUTO_FULL_REVIEW.html,NCT02654054,31971678,,Schlaff WD,2020,328-340,The New England journal of medicine,NCT NCT02654054: Percentage of Participants Meeting the Criteria for Responder. Source: ClinicalTrials.gov registry (AACT-verified); publication resolved live via NCT.,https://clinicaltrials.gov/study/NCT02654054
ELAMIPRETIDE_AUTO_FULL_REVIEW.html,MMPOWER-3,37268435,,Karaa A,2023,e238-e252,Neurology,NCT NCT03323749: Six-minute Walk Test (6MWT). Source: ClinicalTrials.gov registry (AACT-verified); publication resolved live via NCT.,https://clinicaltrials.gov/study/NCT03323749
ELAMIPRETIDE_AUTO_FULL_REVIEW.html,MMPOWER-2,36562873,,Gwaltney C,2022,129,Journal of patient-reported outcomes,NCT NCT02805790: Distance Walked on the 6-minute Walk Test (6MWT) by Visit. Source: ClinicalTrials.gov registry (AACT-verified); publication resolved live via NCT.,https://clinicaltrials.gov/study/NCT02805790
ELIGLUSTAT_GAUCHER_AUTO_FULL_REVIEW.html,NCT00891202,25688781,,Mistry PK,2015,695-706,JAMA,NCT NCT00891202: PAP: Percent Change From Baseline in Spleen Volume (in Multiples of Normal [MN]) at Week 39 of the Primary Analysis Peri. Source: ClinicalTrials.gov registry (AACT-verified); publicat,https://clinicaltrials.gov/study/NCT00891202
ELIGLUSTAT_GAUCHER_AUTO_FULL_REVIEW.html,ENCORE,25819691,,Cox TM,2015,2355-2362,"Lancet (London, England)",NCT NCT00943111: Percentage of Participants Who Remained Stable for 52 Weeks During the Primary Analysis Period. Source: ClinicalTrials.gov registry (AACT-verified); publication resolved live via NCT.,https://clinicaltrials.gov/study/NCT00943111
ELRANATAMAB_MM_REVIEW_FULL_REVIEW.html,NCT03269136,37783970,,Bahlis NJ,2023,2570-2576,Nature medicine,NCT NCT03269136: Part 1: Number of Participants With Drug Limiting Toxicities (DLTs) Graded According to National Cancer Institute Common. Source: ClinicalTrials.gov registry (AACT-verified); publicat,https://clinicaltrials.gov/study/NCT03269136
ELRANATAMAB_MM_REVIEW_FULL_REVIEW.html,NCT04649359,37582952,,Lesokhin AM,2023,2259-2267,Nature medicine,NCT NCT04649359: Objective Response Rate (ORR) by Blinded Independent Central Review (BICR) as Per International Myeloma Working Group (I. Source: ClinicalTrials.gov registry (AACT-verified); publicat,https://clinicaltrials.gov/study/NCT04649359
ELUXADOLINE_IBSD_AUTO_FULL_REVIEW.html,NCT01553591,26789872,,Lembo AJ,2016,242-253,The New England journal of medicine,NCT NCT01553591: Percentage of Participants Who Were Composite Responders Based on Improvements From Baseline in Daily Worst Abdominal Pa. Source: ClinicalTrials.gov registry (AACT-verified); publicat,https://clinicaltrials.gov/study/NCT01553591
ELUXADOLINE_IBSD_AUTO_FULL_REVIEW.html,NCT01553747,26789872,,Lembo AJ,2016,242-253,The New England journal of medicine,NCT NCT01553747: Percentage of Participants Who Were Composite Responders Based on Improvements From Baseline in Daily Worst Abdominal Pa. Source: ClinicalTrials.gov registry (AACT-verified); publicat,https://clinicaltrials.gov/study/NCT01553747
ELUXADOLINE_IBSD_AUTO_FULL_REVIEW.html,NCT01130272,23583433,,Dove LS,2013,329-338,Gastroenterology,NCT NCT01130272: Percentage of Participants Who Were Composite Responders Based on Improvements From Baseline in Daily Worst Abdominal Pa. Source: ClinicalTrials.gov registry (AACT-verified); publicat,https://clinicaltrials.gov/study/NCT01130272
ELVITEGRAVIR_HIV_AUTO_FULL_REVIEW.html,NCT00042289,16470119,,Best BM,2006,553-560,"AIDS (London, England)",NCT NCT00042289: PK Parameter: Area Under the Curve From 0 to 12 Hours (AUC12) With Median (IQR) for ARVs and TB Drugs. Source: ClinicalTrials.gov registry (AACT-verified); publication resolved live v,https://clinicaltrials.gov/study/NCT00042289
ELVITEGRAVIR_HIV_AUTO_FULL_REVIEW.html,DRIVE-SHIFT,30985556,,Johnson M,2019,463-472,Journal of acquired immune deficiency syndromes (1999),NCT NCT02397096: Percentage of Participants Maintaining Human Immunodeficiency Virus-1 Ribonucleic Acid (HIV-1 RNA) <50 Copies/mL. Source: ClinicalTrials.gov registry (AACT-verified); publication reso,https://clinicaltrials.gov/study/NCT02397096
ELVITEGRAVIR_HIV_AUTO_FULL_REVIEW.html,NCT00708162,22015077,,Molina JM,2012,27-35,The Lancet. Infectious diseases,NCT NCT00708162: Percentage of Participants Achieving and Maintaining Confirmed HIV-1 RNA < 50 Copies/mL at Week 48. Source: ClinicalTrials.gov registry (AACT-verified); publication resolved live via ,https://clinicaltrials.gov/study/NCT00708162
ELVITEGRAVIR_HIV_AUTO_FULL_REVIEW.html,EARLIER,33382405,,Crowell TA,2021,e643-e651,Clinical infectious diseases : an official publication of the Infectious Diseases Society of America,NCT NCT02859558: Proportion of Participants With Undetectable Cell-associated HIV-1 DNA (CAHD). Source: ClinicalTrials.gov registry (AACT-verified); publication resolved live via NCT.,https://clinicaltrials.gov/study/NCT02859558
EMICIZUMAB_HEMA_AUTO_FULL_REVIEW.html,HAVEN 4,31003963,,Pipe SW,2019,e295-e305,The Lancet. Haematology,NCT NCT03020160: Expansion Part: Annualized Bleeding Rate (ABR) for Treated Bleeds. Source: ClinicalTrials.gov registry (AACT-verified); publication resolved live via NCT.,https://clinicaltrials.gov/study/NCT03020160
EMICIZUMAB_HEMA_AUTO_FULL_REVIEW.html,HAVEN 1,28691557,,Oldenburg J,2017,809-818,The New England journal of medicine,"NCT NCT02622321: Model-Based Annualized Bleed Rate (ABR) for Treated Bleeds, Arm A: Emicizumab Versus Arm B: No Prophylaxis. Source: ClinicalTrials.gov registry (AACT-verified); publication resolved l",https://clinicaltrials.gov/study/NCT02622321
EMICIZUMAB_HEMA_AUTO_FULL_REVIEW.html,HAVEN 3,30157389,,Mahlangu J,2018,811-822,The New England journal of medicine,NCT NCT02847637: Annualized Bleeding Rate (ABR) for Treated Bleeds. Source: ClinicalTrials.gov registry (AACT-verified); publication resolved live via NCT.,https://clinicaltrials.gov/study/NCT02847637
EMTRICITABINE_HIV_AUTO_FULL_REVIEW.html,NCT00042289,16470119,,Best BM,2006,553-560,"AIDS (London, England)",NCT NCT00042289: PK Parameter: Area Under the Curve From 0 to 12 Hours (AUC12) With Median (IQR) for ARVs and TB Drugs. Source: ClinicalTrials.gov registry (AACT-verified); publication resolved live v,https://clinicaltrials.gov/study/NCT00042289
EMTRICITABINE_HIV_AUTO_FULL_REVIEW.html,PROMISE,27806243,,Fowler MG,2016,1726-1737,The New England journal of medicine,NCT NCT01061151: Antepartum Component: Number of Confirmed Infant HIV Infections. Source: ClinicalTrials.gov registry (AACT-verified); publication resolved live via NCT.,https://clinicaltrials.gov/study/NCT01061151
ENOXAPARIN_VTE_AUTO_FULL_REVIEW.html,RECORD 4,19411100,,Turpie AG,2009,1673-1680,"Lancet (London, England)",NCT NCT00362232: Composite Endpoint of Total Venous Thrombo Embolism (VTE) i.e.: Any Deep Vein Thromboembolism (DVT) (Proximal and/or Dis. Source: ClinicalTrials.gov registry (AACT-verified); publicat,https://clinicaltrials.gov/study/NCT00362232
ENOXAPARIN_VTE_AUTO_FULL_REVIEW.html,NCT02366871,32589230,,Guntupalli SR,2020,e207410,JAMA network open,NCT NCT02366871: Number of Participants With Incidence of Major Bleeding. Source: ClinicalTrials.gov registry (AACT-verified); publication resolved live via NCT.,https://clinicaltrials.gov/study/NCT02366871
EPOETIN_ANEMIA_AUTO_FULL_REVIEW.html,NCT00925587,24506498,,Roger SD,2014,266-274,"Nephrology (Carlton, Vic.)",NCT NCT00925587: Hb Change Between Baseline and the Evaluation Period (Average of Weeks 29-33). Source: ClinicalTrials.gov registry (AACT-verified); publication resolved live via NCT.,https://clinicaltrials.gov/study/NCT00925587
EPOETIN_ANEMIA_AUTO_FULL_REVIEW.html,NCT00093015,17329707,,Pfeffer MA,2007,959-961,The New England journal of medicine,"NCT NCT00093015: Time to All-cause Mortality or Cardiovascular (CV) Events Including Hospitalization Due to Acute Myocardial Ischemia, Co. Source: ClinicalTrials.gov registry (AACT-verified); publicat",https://clinicaltrials.gov/study/NCT00093015
EPOETIN_CANCER_AUTO_FULL_REVIEW.html,NCT00560404,26965694,,Locatelli F,2016,610-625,Advances in therapy,NCT NCT00560404: Percentage of Participants Maintaining Their Mean Hemoglobin Concentration Within Plus or Minus 1 Gram/Deciliter of Thei. Source: ClinicalTrials.gov registry (AACT-verified); publicat,https://clinicaltrials.gov/study/NCT00560404
EPOETIN_CANCER_AUTO_FULL_REVIEW.html,NCT00925587,24506498,,Roger SD,2014,266-274,"Nephrology (Carlton, Vic.)",NCT NCT00925587: Hb Change Between Baseline and the Evaluation Period (Average of Weeks 29-33). Source: ClinicalTrials.gov registry (AACT-verified); publication resolved live via NCT.,https://clinicaltrials.gov/study/NCT00925587
EPTINEZUMAB_CHRONIC_AUTO_FULL_REVIEW.html,PROMISE 2,32209650,,Lipton RB,2020,e1365-e1377,Neurology,NCT NCT02974153: Change From Baseline in Monthly Migraine Days. Source: ClinicalTrials.gov registry (AACT-verified); publication resolved live via NCT.,https://clinicaltrials.gov/study/NCT02974153
EPTINEZUMAB_CHRONIC_AUTO_FULL_REVIEW.html,RESOLUTION,41886713,,Jensen RH,2026,e214863,Neurology,NCT NCT05452239: Placebo-controlled Period: Change From Baseline in the Number of MMDs at Weeks 1 - 4. Source: ClinicalTrials.gov registry (AACT-verified); publication resolved live via NCT.,https://clinicaltrials.gov/study/NCT05452239
EPTINEZUMAB_CHRONIC_AUTO_FULL_REVIEW.html,DELIVER,35716692,,Ashina M,2022,597-607,The Lancet. Neurology,NCT NCT04418765: Change From Baseline in the Number of Monthly Migraine Days (MMDs) Averaged Over Weeks 1 to 12. Source: ClinicalTrials.gov registry (AACT-verified); publication resolved live via NCT.,https://clinicaltrials.gov/study/NCT04418765
EPTINEZUMAB_MIGRAINE_AUTO_FULL_REVIEW.html,PROMISE 2,32209650,,Lipton RB,2020,e1365-e1377,Neurology,NCT NCT02974153: Change From Baseline in Monthly Migraine Days. Source: ClinicalTrials.gov registry (AACT-verified); publication resolved live via NCT.,https://clinicaltrials.gov/study/NCT02974153
EPTINEZUMAB_MIGRAINE_AUTO_FULL_REVIEW.html,RESOLUTION,41886713,,Jensen RH,2026,e214863,Neurology,NCT NCT05452239: Placebo-controlled Period: Change From Baseline in the Number of MMDs at Weeks 1 - 4. Source: ClinicalTrials.gov registry (AACT-verified); publication resolved live via NCT.,https://clinicaltrials.gov/study/NCT05452239
EPTINEZUMAB_MIGRAINE_AUTO_FULL_REVIEW.html,DELIVER,35716692,,Ashina M,2022,597-607,The Lancet. Neurology,NCT NCT04418765: Change From Baseline in the Number of Monthly Migraine Days (MMDs) Averaged Over Weeks 1 to 12. Source: ClinicalTrials.gov registry (AACT-verified); publication resolved live via NCT.,https://clinicaltrials.gov/study/NCT04418765
ERAVACYCLINE_INFECTION_AUTO_FULL_REVIEW.html,IGNITE1,27851857,,Solomkin J,2017,224-232,JAMA surgery,NCT NCT01844856: Clinical Response of Eravacycline and Ertapenem Treatment Arms at the Test-of-cure (TOC) Visit in the Microbiological In. Source: ClinicalTrials.gov registry (AACT-verified); publicat,https://clinicaltrials.gov/study/NCT01844856
ERAVACYCLINE_INFECTION_AUTO_FULL_REVIEW.html,IGNITE4,30561562,,Solomkin JS,2019,921-929,Clinical infectious diseases : an official publication of the Infectious Diseases Society of America,NCT NCT02784704: Number of Participants With a Favorable Clinical Response at the Test-of-Cure (TOC) Visit in the Microbiological Intent-. Source: ClinicalTrials.gov registry (AACT-verified); publicat,https://clinicaltrials.gov/study/NCT02784704
ERDAFITINIB_BLADDER_AUTO_FULL_REVIEW.html,NCT02365597,31340094,,Loriot Y,2019,338-348,The New England journal of medicine,NCT NCT02365597: Main Study: Percentage of Participants With Best (Overall) Objective Response. Source: ClinicalTrials.gov registry (AACT-verified); publication resolved live via NCT.,https://clinicaltrials.gov/study/NCT02365597
ERDAFITINIB_BLADDER_AUTO_FULL_REVIEW.html,THOR,37870920,,Loriot Y,2023,1961-1971,The New England journal of medicine,NCT NCT03390504: Overall Survival (OS). Source: ClinicalTrials.gov registry (AACT-verified); publication resolved live via NCT.,https://clinicaltrials.gov/study/NCT03390504
ERDAFITINIB_BLADDER_AUTO_FULL_REVIEW.html,NCT03473743,39971605,,LaRoche JK,2025,e085364,BMJ open,NCT NCT03473743: Phase 1b: Number of Participants With Dose-Limiting Toxicity (DLTs). Source: ClinicalTrials.gov registry (AACT-verified); publication resolved live via NCT.,https://clinicaltrials.gov/study/NCT03473743
ERTAPENEM_AUTO_FULL_REVIEW.html,NCT01265784,24342651,,Solomkin JS,2014,1847-1854,Antimicrobial agents and chemotherapy,NCT NCT01265784: Clinical Response to TP-434 and Ertapenem in the Microbiologically Evaluable (ME) Population at the Test-of-Cure Visit. Source: ClinicalTrials.gov registry (AACT-verified); publicatio,https://clinicaltrials.gov/study/NCT01265784
ERTAPENEM_AUTO_FULL_REVIEW.html,NCT01014013,22563210,,Park DW,2012,476-483,Journal of Korean medical science,NCT NCT01014013: Microbiological Response Assessment Profile. Source: ClinicalTrials.gov registry (AACT-verified); publication resolved live via NCT.,https://clinicaltrials.gov/study/NCT01014013
ERTAPENEM_INFECT_AUTO_FULL_REVIEW.html,NCT01265784,24342651,,Solomkin JS,2014,1847-1854,Antimicrobial agents and chemotherapy,NCT NCT01265784: Clinical Response to TP-434 and Ertapenem in the Microbiologically Evaluable (ME) Population at the Test-of-Cure Visit. Source: ClinicalTrials.gov registry (AACT-verified); publicatio,https://clinicaltrials.gov/study/NCT01265784
ERTAPENEM_INFECT_AUTO_FULL_REVIEW.html,NCT01014013,22563210,,Park DW,2012,476-483,Journal of Korean medical science,NCT NCT01014013: Microbiological Response Assessment Profile. Source: ClinicalTrials.gov registry (AACT-verified); publication resolved live via NCT.,https://clinicaltrials.gov/study/NCT01014013
ERTUGLIFLOZIN_T2D_AUTO_FULL_REVIEW.html,NCT01986855,29159457,,Grunberger G,2018,49-66,"Diabetes therapy : research, treatment and education of diabetes and related disorders",NCT NCT01986855: Change From Baseline in A1C at Week 26 - Excluding Rescue Approach. Source: ClinicalTrials.gov registry (AACT-verified); publication resolved live via NCT.,https://clinicaltrials.gov/study/NCT01986855
ERTUGLIFLOZIN_T2D_AUTO_FULL_REVIEW.html,NCT02630706,30830724,,Ji L,2019,1474-1482,"Diabetes, obesity & metabolism",NCT NCT02630706: Change From Baseline in A1C (%) at Week 26 (Excluding Rescue Approach). Source: ClinicalTrials.gov registry (AACT-verified); publication resolved live via NCT.,https://clinicaltrials.gov/study/NCT02630706
ERTUGLIFLOZIN_T2D_AUTO_FULL_REVIEW.html,NCT02226003,29313282,,Miller S,2018,253-268,"Diabetes therapy : research, treatment and education of diabetes and related disorders",NCT NCT02226003: Change From Baseline in Hemoglobin A1C (HbA1C) at Week 26 - Full Analysis Set (FAS Population Excluding Rescue Approach. Source: ClinicalTrials.gov registry (AACT-verified); publicati,https://clinicaltrials.gov/study/NCT02226003
ERTUGLIFLOZIN_T2D_AUTO_FULL_REVIEW.html,NCT02115347,30224193,,Sahasrabudhe V,2018,1701-1710,Clinical therapeutics,NCT NCT02115347: Area Under the Plasma Concentration-Time Curve From Time 0 to Time of the Last Quantifiable Concentration (AUClast) for . Source: ClinicalTrials.gov registry (AACT-verified); publicat,https://clinicaltrials.gov/study/NCT02115347
ESLICARBAZEPINE_EPILEPSY_AUTO_FULL_REVIEW.html,NCT00957047,33338829,,Andermann E,2021,106478,Epilepsy research,NCT NCT00957047: PART I - Seizure Frequency. Source: ClinicalTrials.gov registry (AACT-verified); publication resolved live via NCT.,https://clinicaltrials.gov/study/NCT00957047
ESLICARBAZEPINE_EPILEPSY_AUTO_FULL_REVIEW.html,NCT00957684,33338829,,Andermann E,2021,106478,Epilepsy research,NCT NCT00957684: Part I: Seizure Frequency. Source: ClinicalTrials.gov registry (AACT-verified); publication resolved live via NCT.,https://clinicaltrials.gov/study/NCT00957684
ESLICARBAZEPINE_EPILEPSY_AUTO_FULL_REVIEW.html,NCT00866775,29450890,,Pazdera L,2018,704-714,Epilepsia,NCT NCT00866775: Cumulative 112-day Exit Rate as Estimated by Kaplan-Meier Method. Source: ClinicalTrials.gov registry (AACT-verified); publication resolved live via NCT.,https://clinicaltrials.gov/study/NCT00866775
ESLICARBAZEPINE_EPILEPSY_AUTO_FULL_REVIEW.html,NCT00988429,32801102,,Cramer JA,2020,107312,Epilepsy & behavior : E&B,NCT NCT00988429: Seizure Frequency Over the 12-week Maintenance Period.. Source: ClinicalTrials.gov registry (AACT-verified); publication resolved live via NCT.,https://clinicaltrials.gov/study/NCT00988429
ETANERCEPT_RA_AUTO_FULL_REVIEW.html,NCT00706797,22131049,,Mandl P,2012,1272-1282,Arthritis and rheumatism,NCT NCT00706797: Change From Baseline in Modified Total Sharp Score (TSS) at Week 52. Source: ClinicalTrials.gov registry (AACT-verified); publication resolved live via NCT.,https://clinicaltrials.gov/study/NCT00706797
ETANERCEPT_RA_AUTO_FULL_REVIEW.html,PRERA,36251174,,Wassenberg S,2023,117-133,Rheumatology and therapy,NCT NCT01623752: Change From Baseline in Van Der Heijde Total Modified Total Sharp Score (mTSS) or Adapted mTSS at End of Phase 1 (Week 7. Source: ClinicalTrials.gov registry (AACT-verified); publicat,https://clinicaltrials.gov/study/NCT01623752
ETANERCEPT_RA_AUTO_FULL_REVIEW.html,NCT00520572,22966146,,Keystone EC,2012,1630-1635,Annals of the rheumatic diseases,NCT NCT00520572: American College of Rheumatology 20 Response (ACR20) at 6 Months. Source: ClinicalTrials.gov registry (AACT-verified); publication resolved live via NCT.,https://clinicaltrials.gov/study/NCT00520572
ETELCALCETIDE_HYPERPARATHYROIDISM_SECO_AUTO_FULL_REVIEW.html,NCT01788046,28097355,,Block GA,2017,146-155,JAMA,NCT NCT01788046: Percentage of Participants With > 30% Decrease From Baseline in Mean PTH During the Efficacy Assessment Phase. Source: ClinicalTrials.gov registry (AACT-verified); publication resolve,https://clinicaltrials.gov/study/NCT01788046
ETEPLIRSEN_DMD_AUTO_FULL_REVIEW.html,NCT01396239,23907995,,Mendell JR,2013,637-647,Annals of neurology,NCT NCT01396239: Change in the Number (%) of Dystrophin Positive Fibers. Source: ClinicalTrials.gov registry (AACT-verified); publication resolved live via NCT.,https://clinicaltrials.gov/study/NCT01396239
ETEPLIRSEN_DMD_AUTO_FULL_REVIEW.html,NCT01540409,26573217,,Mendell JR,2016,257-271,Annals of neurology,NCT NCT01540409: Change From Baseline in the 6 Minute Walk Test (6MWT) at Week 240. Source: ClinicalTrials.gov registry (AACT-verified); publication resolved live via NCT.,https://clinicaltrials.gov/study/NCT01540409
ETESEVIMAB_COVID_AUTO_FULL_REVIEW.html,BLAZE-4,34374951,,Nathan R,2021,1933-1947,Infectious diseases and therapy,NCT NCT04634409: Treatment 1-6 and Unintentional Dosing Arms: Percentage of Participants With Severe Acute Respiratory Syndrome Coronavir. Source: ClinicalTrials.gov registry (AACT-verified); publicat,https://clinicaltrials.gov/study/NCT04634409
ETESEVIMAB_COVID_AUTO_FULL_REVIEW.html,OPTIMISE-C19,34034784,,Huang DT,2021,363,Trials,NCT NCT04790786: Hospital-free Days. Source: ClinicalTrials.gov registry (AACT-verified); publication resolved live via NCT.,https://clinicaltrials.gov/study/NCT04790786
ETESEVIMAB_COVID_AUTO_FULL_REVIEW.html,BLAZE-2,34081073,,Cohen MS,2021,46-55,JAMA,NCT NCT04497987: Percentage of Participants With COVID-19. Source: ClinicalTrials.gov registry (AACT-verified); publication resolved live via NCT.,https://clinicaltrials.gov/study/NCT04497987
ETRASIMOD_UC_AUTO_FULL_REVIEW.html,NCT02536404,39778975,,Vermeire S,2025,,BMJ open gastroenterology,NCT NCT02536404: Number of Participants With Treatment-Emergent Adverse Events (TEAEs) and Treatment-Emergent Serious Adverse Events (SAE. Source: ClinicalTrials.gov registry (AACT-verified); publicat,https://clinicaltrials.gov/study/NCT02536404
ETRASIMOD_UC_AUTO_FULL_REVIEW.html,NCT05061446,40275818,,Takeuchi K,2026,352-365,Intestinal research,NCT NCT05061446: Percentage of Participants Who Achieved Clinical Remission at Week 12. Source: ClinicalTrials.gov registry (AACT-verified); publication resolved live via NCT.,https://clinicaltrials.gov/study/NCT05061446
ETRASIMOD_UC_AUTO_FULL_REVIEW.html,ELEVATE UC 52,36871574,,Sandborn WJ,2023,1159-1171,"Lancet (London, England)",NCT NCT03945188: Percentage of Participants Achieving Clinical Remission at Week 12. Source: ClinicalTrials.gov registry (AACT-verified); publication resolved live via NCT.,https://clinicaltrials.gov/study/NCT03945188
ETRIPAMIL_PAROXYSMAL_SUPRAVENTRICU_AUTO_FULL_REVIEW.html,NODE-1,30049309,,Stambler BS,2018,489-497,Journal of the American College of Cardiology,NCT NCT02296190: The Percentage of Subjects Successfully Converted From PSVT to Sinus Rhythm Within 15 Minutes of Study Drug Administrati. Source: ClinicalTrials.gov registry (AACT-verified); publicat,https://clinicaltrials.gov/study/NCT02296190
ETRIPAMIL_PAROXYSMAL_SUPRAVENTRICU_AUTO_FULL_REVIEW.html,NODE-301,35728658,,Stambler BS,2022,20-29,American heart journal,NCT NCT03464019: The Time to Conversion of an Episode of PSVT to Sinus Rhythm (SR) After Study Drug Administration.. Source: ClinicalTrials.gov registry (AACT-verified); publication resolved live via ,https://clinicaltrials.gov/study/NCT03464019
ETROLIZUMAB_CD_AUTO_FULL_REVIEW.html,BERGAMOT,32445184,,Sandborn WJ,2020,3417-3431,Advances in therapy,NCT NCT02394028: Induction Phase: Cohort 1: Percentage of Participants With Clinical Remission at Week 14. Source: ClinicalTrials.gov registry (AACT-verified); publication resolved live via NCT.,https://clinicaltrials.gov/study/NCT02394028
ETROLIZUMAB_CD_AUTO_FULL_REVIEW.html,JUNIPER,32445184,,Sandborn WJ,2020,3417-3431,Advances in therapy,NCT NCT02403323: Part 1: Number of Participants With Crohn's Disease Activity Index (CDAI) Remission at 12-week Intervals. Source: ClinicalTrials.gov registry (AACT-verified); publication resolved liv,https://clinicaltrials.gov/study/NCT02403323
ETROLIZUMAB_UC_AUTO_FULL_REVIEW.html,HIBISCUS I,32445184,,Sandborn WJ,2020,3417-3431,Advances in therapy,"NCT NCT02163759: Percentage of Participants in Remission at Week 10 With Etrolizumab as Compared With Placebo, as Determined by the Mayo . Source: ClinicalTrials.gov registry (AACT-verified); publicat",https://clinicaltrials.gov/study/NCT02163759
ETROLIZUMAB_UC_AUTO_FULL_REVIEW.html,HIBISCUS II,32445184,,Sandborn WJ,2020,3417-3431,Advances in therapy,"NCT NCT02171429: Percentage of Participants in Remission at Week 10 With Etrolizumab Compared With Placebo, as Determined by the Mayo Cli. Source: ClinicalTrials.gov registry (AACT-verified); publicat",https://clinicaltrials.gov/study/NCT02171429
ETROLIZUMAB_UC_AUTO_FULL_REVIEW.html,COTTONWOOD,32445184,,Sandborn WJ,2020,3417-3431,Advances in therapy,NCT NCT02118584: Part 1: Percentage of Participants With Clinical Remission as Determined by the Partial Mayo Clinic Score (pMCS). Source: ClinicalTrials.gov registry (AACT-verified); publication reso,https://clinicaltrials.gov/study/NCT02118584
ETROLIZUMAB_UC_AUTO_FULL_REVIEW.html,GARDENIA,32445184,,Sandborn WJ,2020,3417-3431,Advances in therapy,"NCT NCT02136069: Percentage of Participants With Both Clinical Response at Week 10 and Clinical Remission at Week 54, as Determined by th. Source: ClinicalTrials.gov registry (AACT-verified); publicat",https://clinicaltrials.gov/study/NCT02136069
EVEROLIMUS_BREAST_AUTO_FULL_REVIEW.html,AMEERA-1,35840573,,Bardia A,2022,4116,Nature communications,"NCT NCT03284957: Parts A, C, F, H, J: Number of Participants With Study Treatment-Related Dose-Limiting Toxicities (DLTs). Source: ClinicalTrials.gov registry (AACT-verified); publication resolved liv",https://clinicaltrials.gov/study/NCT03284957
EVEROLIMUS_BREAST_AUTO_FULL_REVIEW.html,BOLERO-1,26092818,,Hurvitz SA,2015,816-829,The Lancet. Oncology,NCT NCT00876395: Progression-free Survival (PFS) Per Investigators' Assessment Based on Local Radiology Review - Full Population. Source: ClinicalTrials.gov registry (AACT-verified); publication resol,https://clinicaltrials.gov/study/NCT00876395
EVEROLIMUS_BREAST_AUTO_FULL_REVIEW.html,NCT03032406,40897974,,DeMichele A,2025,3464-3474,Nature medicine,NCT NCT03032406: Feasibility: Number of Participants Who Completed 6 Cycles of Protocol Treatment Without Grade 3 or 4 Toxicity. Source: ClinicalTrials.gov registry (AACT-verified); publication resolv,https://clinicaltrials.gov/study/NCT03032406
EVEROLIMUS_TUBEROUS_AUTO_FULL_REVIEW.html,EXIST-2,26156073,,Bissler JJ,2016,111-119,"Nephrology, dialysis, transplantation : official publication of the European Dialysis and Transplant Association - European Renal Association",NCT NCT00790400: Angiomyolipoma Response Rate as Per Central Radiology Review. Source: ClinicalTrials.gov registry (AACT-verified); publication resolved live via NCT.,https://clinicaltrials.gov/study/NCT00790400
EVEROLIMUS_TUBEROUS_AUTO_FULL_REVIEW.html,NCT02451696,35587487,,Leitner DF,2022,e0268597,PloS one,NCT NCT02451696: Number of Patients With Adverse Events. Source: ClinicalTrials.gov registry (AACT-verified); publication resolved live via NCT.,https://clinicaltrials.gov/study/NCT02451696
EVINACUMAB_HOFH_AUTO_FULL_REVIEW.html,NCT03399786,32813947,,Raal FJ,2020,711-720,The New England journal of medicine,NCT NCT03399786: Percent Change in Calculated Low-Density Lipoprotein Cholesterol (LDL-C) From Baseline to Week 24 (Intent-to-Treat [ITT]. Source: ClinicalTrials.gov registry (AACT-verified); publicat,https://clinicaltrials.gov/study/NCT03399786
EVINACUMAB_HOFH_AUTO_FULL_REVIEW.html,NCT04233918,37860863,,Wiegman A,2024,343-353,Circulation,NCT NCT04233918: Part A: Maximum Observed Serum Concentration (Cmax) of Evinacumab. Source: ClinicalTrials.gov registry (AACT-verified); publication resolved live via NCT.,https://clinicaltrials.gov/study/NCT04233918
EVOBRUTINIB_MS_AUTO_FULL_REVIEW.html,NCT04338061,39307151,,Montalban X,2024,1119-1132,The Lancet. Neurology,NCT NCT04338061: Double Blind Treatment Period (DBTP) and Double Blind Extension (DBE) Period: Annualized Relapse Rate (ARR). Source: ClinicalTrials.gov registry (AACT-verified); publication resolved ,https://clinicaltrials.gov/study/NCT04338061
EVOBRUTINIB_MS_AUTO_FULL_REVIEW.html,NCT02975349,31075187,,Montalban X,2019,2406-2417,The New England journal of medicine,NCT NCT02975349: Total Number of Gadolinium-Enhancing T1 Lesions. Source: ClinicalTrials.gov registry (AACT-verified); publication resolved live via NCT.,https://clinicaltrials.gov/study/NCT02975349
EVOBRUTINIB_MS_AUTO_FULL_REVIEW.html,NCT04338022,39307151,,Montalban X,2024,1119-1132,The Lancet. Neurology,NCT NCT04338022: Double Blind Treatment Period (DBTP) and Double Blind Extension (DBE) Period: Annualized Relapse Rate (ARR). Source: ClinicalTrials.gov registry (AACT-verified); publication resolved ,https://clinicaltrials.gov/study/NCT04338022
EVOLOCUMAB_ASCVD_AUTO_2_FULL_REVIEW.html,NCT04992065,38310920,,Koren MJ,2024,174-183,The lancet. Diabetes & endocrinology,NCT NCT04992065: Percentage Change in Low-density Lipoprotein (LDL)-Cholesterol. Source: ClinicalTrials.gov registry (AACT-verified); publication resolved live via NCT.,https://clinicaltrials.gov/study/NCT04992065
EVOLOCUMAB_ASCVD_AUTO_2_FULL_REVIEW.html,ORION-3,33990512,,Warden BA,2021,e157-e174,Journal of cardiovascular pharmacology,NCT NCT03060577: Percentage Change in LDL-C From Baseline of the ORION-1 Study to Day 210 in ORION-3 (Inclisiran Arm). Source: ClinicalTrials.gov registry (AACT-verified); publication resolved live vi,https://clinicaltrials.gov/study/NCT03060577
EVOLOCUMAB_DYSLIPIDEMIA_AUTO_FULL_REVIEW.html,FOURIER,28304224,,Sabatine MS,2017,1713-1722,The New England journal of medicine,"NCT NCT01764633: Time to Cardiovascular Death, Myocardial Infarction, Hospitalization for Unstable Angina, Stroke, or Coronary Revascular. Source: ClinicalTrials.gov registry (AACT-verified); publicat",https://clinicaltrials.gov/study/NCT01764633
EVOLOCUMAB_DYSLIPIDEMIA_AUTO_FULL_REVIEW.html,OSLER-2,25773607,,Sabatine MS,2015,1500-1509,The New England journal of medicine,NCT NCT01854918: Number of Participants With Adverse Events. Source: ClinicalTrials.gov registry (AACT-verified); publication resolved live via NCT.,https://clinicaltrials.gov/study/NCT01854918
EVOLOCUMAB_MIXED_DYSLIPIDEMIA_AUTO_FULL_REVIEW.html,OSLER-2,25773607,,Sabatine MS,2015,1500-1509,The New England journal of medicine,NCT NCT01854918: Number of Participants With Adverse Events. Source: ClinicalTrials.gov registry (AACT-verified); publication resolved live via NCT.,https://clinicaltrials.gov/study/NCT01854918
EVOLOCUMAB_MIXED_DYSLIPIDEMIA_AUTO_FULL_REVIEW.html,NCT03433755,36802321,,Tan H,2023,341-359,Cardiology and therapy,NCT NCT03433755: Co-Primary Endpoint: Percent Change From Baseline in LDL-C: Mean of Weeks 10 and 12. Source: ClinicalTrials.gov registry (AACT-verified); publication resolved live via NCT.,https://clinicaltrials.gov/study/NCT03433755
EVOLOCUMAB_MIXED_DYSLIPIDEMIA_AUTO_FULL_REVIEW.html,FLOREY,30897995,,Chan DC,2019,e011781,Journal of the American Heart Association,NCT NCT02189837: Percent Change From Baseline in Low-density Lipoprotein (LDL) Apolipoprotein B-100 Fractional Catabolic Rate (FCR). Source: ClinicalTrials.gov registry (AACT-verified); publication re,https://clinicaltrials.gov/study/NCT02189837
EZETIMIBE_LIPID_AUTO_FULL_REVIEW.html,MENDEL,23141812,,Koren MJ,2012,1995-2006,"Lancet (London, England)",NCT NCT01375777: Percent Change From Baseline in Low-Density Lipoprotein Cholesterol (LDL-C) at Week 12. Source: ClinicalTrials.gov registry (AACT-verified); publication resolved live via NCT.,https://clinicaltrials.gov/study/NCT01375777
EZETIMIBE_LIPID_AUTO_FULL_REVIEW.html,GAUSS,23128163,,Sullivan D,2012,2497-2506,JAMA,NCT NCT01375764: Percent Change From Baseline in Low-Density Lipoprotein Cholesterol (LDL-C) at Week 12. Source: ClinicalTrials.gov registry (AACT-verified); publication resolved live via NCT.,https://clinicaltrials.gov/study/NCT01375764
FARICIMAB_DME_AUTO_FULL_REVIEW.html,NCT03622580,35085503,,Wykoff CC,2022,741-755,"Lancet (London, England)","NCT NCT03622580: Change From Baseline in BCVA in the Study Eye Averaged Over Weeks 48, 52, and 56, ITT and Treatment-Naive Populations. Source: ClinicalTrials.gov registry (AACT-verified); publication",https://clinicaltrials.gov/study/NCT03622580
FARICIMAB_DME_AUTO_FULL_REVIEW.html,RHINE,35085503,,Wykoff CC,2022,741-755,"Lancet (London, England)","NCT NCT03622593: Change From Baseline in BCVA in the Study Eye Averaged Over Weeks 48, 52, and 56, ITT and Treatment-Naive Populations. Source: ClinicalTrials.gov registry (AACT-verified); publication",https://clinicaltrials.gov/study/NCT03622593
FARICIMAB_DME_AUTO_FULL_REVIEW.html,Rhone-X,41534798,,Sheth VS,2026,599-612,Ophthalmology,"NCT NCT04432831: Incidence and Severity of Ocular Adverse Events in the Study Eye, With Severity Determined According to Adverse Event Se. Source: ClinicalTrials.gov registry (AACT-verified); publicat",https://clinicaltrials.gov/study/NCT04432831
FARICIMAB_RVO_AUTO_FULL_REVIEW.html,COMINO,38280653,,Tadayoni R,2024,950-960,Ophthalmology,NCT NCT04740931: Part 1: Change From Baseline in Best Corrected Visual Acuity (BCVA) in the Study Eye at Week 24. Source: ClinicalTrials.gov registry (AACT-verified); publication resolved live via NCT,https://clinicaltrials.gov/study/NCT04740931
FARICIMAB_RVO_AUTO_FULL_REVIEW.html,BALATON,36912792,,Romano F,2023,196-210,"Asia-Pacific journal of ophthalmology (Philadelphia, Pa.)",NCT NCT04740905: Part 1: Change From Baseline in Best Corrected Visual Acuity (BCVA) in the Study Eye at Week 24. Source: ClinicalTrials.gov registry (AACT-verified); publication resolved live via NCT,https://clinicaltrials.gov/study/NCT04740905
FASINUMAB_OA_AUTO_FULL_REVIEW.html,FACT OA1,41545313,,DiMartino SJ,2026,,RMD open,NCT NCT03161093: Change in the WOMAC Pain Subscale Scores From Baseline to Week 16 in Participants Treated With Fasinumab 1mg SC Q4W Comp. Source: ClinicalTrials.gov registry (AACT-verified); publicat,https://clinicaltrials.gov/study/NCT03161093
FASINUMAB_OA_AUTO_FULL_REVIEW.html,FACT OA2,40001000,,DiMartino SJ,2025,192,BMC musculoskeletal disorders,NCT NCT03304379: Change From Baseline in the Western Ontario and McMaster Universities Osteoarthritis Index (WOMAC) Pain Subscale Scores . Source: ClinicalTrials.gov registry (AACT-verified); publicat,https://clinicaltrials.gov/study/NCT03304379
FEBUXOSTAT_GOUT_AUTO_FULL_REVIEW.html,NCT02139046,30073793,,Saag KG,2019,143-153,"Arthritis & rheumatology (Hoboken, N.J.)",NCT NCT02139046: Percentage of Participants With Serum Urate <5.0 mg/dL at Month 3. Source: ClinicalTrials.gov registry (AACT-verified); publication resolved live via NCT.,https://clinicaltrials.gov/study/NCT02139046
FEBUXOSTAT_GOUT_AUTO_FULL_REVIEW.html,NCT02579096,35434725,,O'Dell JR,2022,,NEJM evidence,NCT NCT02579096: Percentage of Participants Experiencing ≥ 1 Gout Flare During Phase 3. Source: ClinicalTrials.gov registry (AACT-verified); publication resolved live via NCT.,https://clinicaltrials.gov/study/NCT02579096
FENOFIBRATE_DR_AUTO_FULL_REVIEW.html,LENS,38905569,,Preiss D,2024,EVIDoa2400179,NEJM evidence,"NCT NCT03439345: Number of Participants With Progression to Referable Diabetic Retinopathy or Maculopathy, or Treatment. Source: ClinicalTrials.gov registry (AACT-verified); publication resolved live ",https://clinicaltrials.gov/study/NCT03439345
FENOFIBRATE_DR_AUTO_FULL_REVIEW.html,NCT00542178,20212201,,Ambrosius WT,2010,312-318,"Archives of ophthalmology (Chicago, Ill. : 1960)",NCT NCT00542178: Number of Participants With Progression of Diabetic Retinopathy of at Least 3 Stages on the Early Treatment Diabetic Ret. Source: ClinicalTrials.gov registry (AACT-verified); publicat,https://clinicaltrials.gov/study/NCT00542178
FERUMOXYTOL_IDA_AUTO_FULL_REVIEW.html,NCT02694978,30518682,,Wolf M,2018,,JCI insight,"NCT NCT02694978: Participants With Treatment-Emergent (TE) Moderate To Severe Hypersensitivity Reactions (Rxns), Including Anaphylaxis, O. Source: ClinicalTrials.gov registry (AACT-verified); publicat",https://clinicaltrials.gov/study/NCT02694978
FERUMOXYTOL_IDA_AUTO_FULL_REVIEW.html,NCT04253626,41860281,,Igbinosa II,2026,745-753,Obstetrics and gynecology,NCT NCT04253626: Median Change in Hemoglobin Value Before and After Intervention. Source: ClinicalTrials.gov registry (AACT-verified); publication resolved live via NCT.,https://clinicaltrials.gov/study/NCT04253626
FERUMOXYTOL_IDA_AUTO_FULL_REVIEW.html,FIRST,24458078,,Macdougall IC,2014,705-712,Clinical journal of the American Society of Nephrology : CJASN,NCT NCT01052779: Mean Change In Hemoglobin From Baseline (Day 1) To Week 5. Source: ClinicalTrials.gov registry (AACT-verified); publication resolved live via NCT.,https://clinicaltrials.gov/study/NCT01052779
FESOTERODINE_OAB_AUTO_FULL_REVIEW.html,NCT00928070,23973522,,Dubeau CE,2014,395-404,The Journal of urology,NCT NCT00928070: Mean Number of Urgency Urinary Incontinence (UUI) Episodes Per 24 Hours. Source: ClinicalTrials.gov registry (AACT-verified); publication resolved live via NCT.,https://clinicaltrials.gov/study/NCT00928070
FESOTERODINE_OAB_AUTO_FULL_REVIEW.html,BRIDGES,29324595,,Warsi QA,2018,204-211,Obstetrics and gynecology,NCT NCT00862745: Change in Frequency of Urge Urinary Incontinence Episodes at Week 12.. Source: ClinicalTrials.gov registry (AACT-verified); publication resolved live via NCT.,https://clinicaltrials.gov/study/NCT00862745
FEXINIDAZOLE_HAT_AUTO_FULL_REVIEW.html,NCT03025789,40288399,,Kumeso VKB,2025,e900-e909,The Lancet. Global health,NCT NCT03025789: Percentage of Participants Whose Treatment Outcome at Month 18 is a Success. Source: ClinicalTrials.gov registry (AACT-verified); publication resolved live via NCT.,https://clinicaltrials.gov/study/NCT03025789
FEXINIDAZOLE_HAT_AUTO_FULL_REVIEW.html,NCT03974178,40288400,,Matovu E,2025,e910-e919,The Lancet. Global health,"NCT NCT03974178: Percentage of Evaluable Patients With Stage 2 r-HAT Who Died by the End of Hospitalization, Considering Only Deaths Poss. Source: ClinicalTrials.gov registry (AACT-verified); publicat",https://clinicaltrials.gov/study/NCT03974178
FEZOLINETANT_HOT_FLASHES_AUTO_FULL_REVIEW.html,NCT05419908,31415087,,Depypere H,2019,5893-5905,The Journal of clinical endocrinology and metabolism,NCT NCT05419908: Change From Baseline to Week 12 in The Weekly General Hot Flash Score. Source: ClinicalTrials.gov registry (AACT-verified); publication resolved live via NCT.,https://clinicaltrials.gov/study/NCT05419908
FEZOLINETANT_HOT_FLASHES_AUTO_FULL_REVIEW.html,Skylight 4,36897180,,Neal-Perry G,2023,737-747,Obstetrics and gynecology,NCT NCT04003389: Number of Participants With Treatment Emergent Adverse Events (TEAEs). Source: ClinicalTrials.gov registry (AACT-verified); publication resolved live via NCT.,https://clinicaltrials.gov/study/NCT04003389
FEZOLINETANT_HOT_FLASHES_AUTO_FULL_REVIEW.html,Skylight 2,36734148,,Johnson KA,2023,1981-1997,The Journal of clinical endocrinology and metabolism,NCT NCT04003142: Change From Baseline in The Mean Frequency of Moderate to Severe VMS at Week 4. Source: ClinicalTrials.gov registry (AACT-verified); publication resolved live via NCT.,https://clinicaltrials.gov/study/NCT04003142
FIDAXOMICIN_CDI_AUTO_FULL_REVIEW.html,NCT02692651,37797310,,Rao K,2024,277-282,Clinical infectious diseases : an official publication of the Infectious Diseases Society of America,NCT NCT02692651: Clinical Cure: Resolution of Diarrhea. Source: ClinicalTrials.gov registry (AACT-verified); publication resolved live via NCT.,https://clinicaltrials.gov/study/NCT02692651
FIDAXOMICIN_CDI_AUTO_FULL_REVIEW.html,OpTION,35398532,,Johnson S,2022,106756,Contemporary clinical trials,NCT NCT02667418: Number of Participants With Sustained Clinical Response as Measured at Study Day 59 for All Treatment Regimens. Source: ClinicalTrials.gov registry (AACT-verified); publication resolv,https://clinicaltrials.gov/study/NCT02667418
FIDAXOMICIN_CDIFF_AUTO_FULL_REVIEW.html,NCT02692651,37797310,,Rao K,2024,277-282,Clinical infectious diseases : an official publication of the Infectious Diseases Society of America,NCT NCT02692651: Clinical Cure: Resolution of Diarrhea. Source: ClinicalTrials.gov registry (AACT-verified); publication resolved live via NCT.,https://clinicaltrials.gov/study/NCT02692651
FIDAXOMICIN_CDIFF_AUTO_FULL_REVIEW.html,DEFLECT-1,29893798,,Mullane KM,2019,196-203,Clinical infectious diseases : an official publication of the Infectious Diseases Society of America,NCT NCT01691248: Percentage of Participants With Occurrence of CDAD From Start of Study Treatment up to 30 Days Post-treatment Follow-up.. Source: ClinicalTrials.gov registry (AACT-verified); publicat,https://clinicaltrials.gov/study/NCT01691248
FILGOTINIB_RA_AUTO_FULL_REVIEW.html,FINCH 2,31334793,,Genovese MC,2019,315-325,JAMA,NCT NCT02873936: Percentage of Participants Who Achieved an American College of Rheumatology (ACR) 20% Improvement (ACR20) Response at We. Source: ClinicalTrials.gov registry (AACT-verified); publicat,https://clinicaltrials.gov/study/NCT02873936
FILGOTINIB_RA_AUTO_FULL_REVIEW.html,FINCH 1,33504485,,Combe B,2021,848-858,Annals of the rheumatic diseases,NCT NCT02889796: Percentage of Participants Who Achieved an American College of Rheumatology (ACR) 20% Improvement (ACR20) Response at We. Source: ClinicalTrials.gov registry (AACT-verified); publicat,https://clinicaltrials.gov/study/NCT02889796
FILGOTINIB_RA_AUTO_FULL_REVIEW.html,MANTA-RAy,35614292,,Hellstrom WJG,2022,3403-3422,Advances in therapy,NCT NCT03926195: Percentage of Participants With a ≥ 50% Decrease From Baseline in Sperm Concentration at Week 13. Source: ClinicalTrials.gov registry (AACT-verified); publication resolved live via NC,https://clinicaltrials.gov/study/NCT03926195
FITUSIRAN_HEM_AUTO_FULL_REVIEW.html,NCT03417245,37003278,,Srivastava A,2023,e322-e332,The Lancet. Haematology,NCT NCT03417245: Estimated Annualized Bleeding Rate (ABR) for Treated Bleeds During the Efficacy Period. Source: ClinicalTrials.gov registry (AACT-verified); publication resolved live via NCT.,https://clinicaltrials.gov/study/NCT03417245
FITUSIRAN_HEM_AUTO_FULL_REVIEW.html,ATLAS-INH,34922648,,Del Pozo Martín Y,2022,e92-e93,The Lancet. Haematology,NCT NCT03417102: Estimated Annualized Bleeding Rate (ABR) for Treated Bleeds During the Efficacy Period. Source: ClinicalTrials.gov registry (AACT-verified); publication resolved live via NCT.,https://clinicaltrials.gov/study/NCT03417102
FITUSIRAN_HEM_AUTO_FULL_REVIEW.html,ATLAS-PPX,38452197,,Kenet G,2024,2256-2269,Blood,NCT NCT03549871: Estimated Annualized Bleeding Rate (ABR). Source: ClinicalTrials.gov registry (AACT-verified); publication resolved live via NCT.,https://clinicaltrials.gov/study/NCT03549871
FITUSIRAN_HEMA_AUTO_FULL_REVIEW.html,NCT03417245,37003278,,Srivastava A,2023,e322-e332,The Lancet. Haematology,NCT NCT03417245: Estimated Annualized Bleeding Rate (ABR) for Treated Bleeds During the Efficacy Period. Source: ClinicalTrials.gov registry (AACT-verified); publication resolved live via NCT.,https://clinicaltrials.gov/study/NCT03417245
FITUSIRAN_HEMA_AUTO_FULL_REVIEW.html,ATLAS-INH,34922648,,Del Pozo Martín Y,2022,e92-e93,The Lancet. Haematology,NCT NCT03417102: Estimated Annualized Bleeding Rate (ABR) for Treated Bleeds During the Efficacy Period. Source: ClinicalTrials.gov registry (AACT-verified); publication resolved live via NCT.,https://clinicaltrials.gov/study/NCT03417102
FITUSIRAN_HEMA_AUTO_FULL_REVIEW.html,ATLAS-PPX,38452197,,Kenet G,2024,2256-2269,Blood,NCT NCT03549871: Estimated Annualized Bleeding Rate (ABR). Source: ClinicalTrials.gov registry (AACT-verified); publication resolved live via NCT.,https://clinicaltrials.gov/study/NCT03549871
FLUTICASONE_ASTHMA_AUTO_FULL_REVIEW.html,NCT00284856,23380218,,Price D,2013,763-771,The Journal of allergy and clinical immunology,NCT NCT00284856: Percentage of Asthma-control Days Over the 6-month Treatment Period. Source: ClinicalTrials.gov registry (AACT-verified); publication resolved live via NCT.,https://clinicaltrials.gov/study/NCT00284856
FLUTICASONE_ASTHMA_AUTO_FULL_REVIEW.html,NCT01134042,24136330,,O'Byrne PM,2014,773-782,The European respiratory journal,NCT NCT01134042: Change From Baseline in Clinic Visit Trough (Pre-bronchodilator and Pre-dose) Forced Expiratory Volume in One Second (FE. Source: ClinicalTrials.gov registry (AACT-verified); publicat,https://clinicaltrials.gov/study/NCT01134042
FLUTICASONE_ASTHMA_AUTO_FULL_REVIEW.html,NCT00843193,23706709,,Anderson WH,2013,416-422,"Annals of allergy, asthma & immunology : official publication of the American College of Allergy, Asthma, & Immunology",NCT NCT00843193: Change From Baseline in Asthma Control Questionnaire (ACQ-7) Over 12 Weeks. Source: ClinicalTrials.gov registry (AACT-verified); publication resolved live via NCT.,https://clinicaltrials.gov/study/NCT00843193
FONDAPARINUX_AUTO_FULL_REVIEW.html,FUTURA/OASIS 8,21146654,,Steg PG,2010,1029-1034,American heart journal,"NCT NCT00790907: Number of Participants With Composite of Major Bleeding, Minor Bleeding, or Major Vascular Access Site Complications Dur. Source: ClinicalTrials.gov registry (AACT-verified); publicat",https://clinicaltrials.gov/study/NCT00790907
FONDAPARINUX_AUTO_FULL_REVIEW.html,NCT01857583,25653574,,Fuji T,2015,6,Thrombosis journal,NCT NCT01857583: Incidence of Any Adjudicated Bleeding Events. Source: ClinicalTrials.gov registry (AACT-verified); publication resolved live via NCT.,https://clinicaltrials.gov/study/NCT01857583
FONDAPARINUX_AUTO_FULL_REVIEW.html,NCT00789399,26699594,,Kolluri R,2016,1-6,American heart journal,NCT NCT00789399: Number of Participants With Venous Thromboembolisms and/or Major Hemorrhages to Day 11. Source: ClinicalTrials.gov registry (AACT-verified); publication resolved live via NCT.,https://clinicaltrials.gov/study/NCT00789399
FONDAPARINUX_AUTO_FULL_REVIEW.html,NCT00531843,19854398,,Lu JP,2009,589-594,Journal of the American College of Surgeons,NCT NCT00531843: Presence of Deep Vein Thrombosis (DVT) or Pulmonary Embolus (PE). Source: ClinicalTrials.gov registry (AACT-verified); publication resolved live via NCT.,https://clinicaltrials.gov/study/NCT00531843
FONDAPARINUX_VTE_AUTO_FULL_REVIEW.html,NCT01857583,25653574,,Fuji T,2015,6,Thrombosis journal,NCT NCT01857583: Incidence of Any Adjudicated Bleeding Events. Source: ClinicalTrials.gov registry (AACT-verified); publication resolved live via NCT.,https://clinicaltrials.gov/study/NCT01857583
FONDAPARINUX_VTE_AUTO_FULL_REVIEW.html,NCT00789399,26699594,,Kolluri R,2016,1-6,American heart journal,NCT NCT00789399: Number of Participants With Venous Thromboembolisms and/or Major Hemorrhages to Day 11. Source: ClinicalTrials.gov registry (AACT-verified); publication resolved live via NCT.,https://clinicaltrials.gov/study/NCT00789399
FORMOTEROL_COPD_AUTO_FULL_REVIEW.html,GLAD,23731768,,Kuna P,2013,64,Respiratory research,"NCT NCT00929708: FEV1, E0-4; the Average Value at Visit 5 From Before to 4 Hours After Morning Dose (Peak Effect). Source: ClinicalTrials.gov registry (AACT-verified); publication resolved live via NC",https://clinicaltrials.gov/study/NCT00929708
FORMOTEROL_COPD_AUTO_FULL_REVIEW.html,NCT01070888,24267370,,Gaffin JM,2013,567-568,"Annals of allergy, asthma & immunology : official publication of the American College of Allergy, Asthma, & Immunology","NCT NCT01070888: Mean Difference Between Maximal Percentage Decrease in FEV1 After the Exercise Challenge Compared to the Run in Period, . Source: ClinicalTrials.gov registry (AACT-verified); publicat",https://clinicaltrials.gov/study/NCT01070888
FOSAPREPITANT_CINV_AUTO_FULL_REVIEW.html,NCT01111851,22739139,,Van Laere K,2012,243-250,Clinical pharmacology and therapeutics,NCT NCT01111851: Brain NK1-receptor Occupancy at 24 Hours Post Dose. Source: ClinicalTrials.gov registry (AACT-verified); publication resolved live via NCT.,https://clinicaltrials.gov/study/NCT01111851
FOSAPREPITANT_CINV_AUTO_FULL_REVIEW.html,NCT01697579,30900392,,Mora J,2019,e27690,Pediatric blood & cancer,NCT NCT01697579: Maximum Concentration (Cmax) of Aprepitant in Participants 0 to <2 Years of Age. Source: ClinicalTrials.gov registry (AACT-verified); publication resolved live via NCT.,https://clinicaltrials.gov/study/NCT01697579
FOSAPREPITANT_CINV_AUTO_FULL_REVIEW.html,NCT02116530,27410922,,Navari RM,2016,134-142,The New England journal of medicine,NCT NCT02116530: Proportion of Patients With no Nausea. Source: ClinicalTrials.gov registry (AACT-verified); publication resolved live via NCT.,https://clinicaltrials.gov/study/NCT02116530
FRAGILITY_FRACTURE_REVIEW.html,VERT,11346808,,Neer RM,2001,1434-1441,The New England journal of medicine,Source: Neer RM et al. NEJM 2001;344:1434-1441 (FPT/teriparatide pivotal).,https://www.nejm.org/doi/full/10.1056/NEJM200105103441904
GALCANEZUMAB_MIGRAINE_AUTO_FULL_REVIEW.html,NCT02959177,33408512,,Shibata M,2020,3531-3538,Journal of pain research,NCT NCT02959177: Overall Mean Change From Baseline in the Number of Monthly Migraine Headache Days (MHD). Source: ClinicalTrials.gov registry (AACT-verified); publication resolved live via NCT.,https://clinicaltrials.gov/study/NCT02959177
GALCANEZUMAB_MIGRAINE_AUTO_FULL_REVIEW.html,CHALLENGE-MIG,37948006,,Schwedt TJ,2024,85-105,Neurology and therapy,NCT NCT05127486: Percentage of Participants With 50% Response Rate Across the 3-month Treatment Period.. Source: ClinicalTrials.gov registry (AACT-verified); publication resolved live via NCT.,https://clinicaltrials.gov/study/NCT05127486
GALCANEZUMAB_MIGRAINE_AUTO_FULL_REVIEW.html,EVOLVE-1,29813147,,Stauffer VL,2018,1080-1088,JAMA neurology,NCT NCT02614183: Overall Mean Change From Baseline in the Number of Monthly Migraine Headache Days. Source: ClinicalTrials.gov registry (AACT-verified); publication resolved live via NCT.,https://clinicaltrials.gov/study/NCT02614183
GALCANEZUMAB_MIGRAINE_AUTO_FULL_REVIEW.html,CONQUER,32949542,,Mulleners WM,2020,814-825,The Lancet. Neurology,NCT NCT03559257: Overall Mean Change From Baseline in the Number of Monthly Migraine Headache Days. Source: ClinicalTrials.gov registry (AACT-verified); publication resolved live via NCT.,https://clinicaltrials.gov/study/NCT03559257
GALCANEZUMAB_MIGRAINE_AUTO_FULL_REVIEW.html,NCT02163993,29255900,,Skljarevski V,2018,187-193,JAMA neurology,NCT NCT02163993: Mean Change From Baseline in the Number of Migraine Headache Days in the Last 28-Day Period of the 12-Week Treatment Pha. Source: ClinicalTrials.gov registry (AACT-verified); publicat,https://clinicaltrials.gov/study/NCT02163993
GANTENERUMAB_AD_AUTO_FULL_REVIEW.html,DIAN-TU,39974075,,Bateman RJ,2025,,medRxiv : the preprint server for health sciences,NCT NCT06424236: Change From Baseline in Composite [11C] Pittsburgh Compound B (PiB)-Positron Emission Tomography (PET) Composite Standar. Source: ClinicalTrials.gov registry (AACT-verified); publicat,https://clinicaltrials.gov/study/NCT06424236
GANTENERUMAB_AD_AUTO_FULL_REVIEW.html,DIAN-TU,36110925,,Atkins KJ,2022,e000335,BMJ neurology open,NCT NCT04623242: Assess Cognitive Efficacy in Individuals With Mutations Causing Dominantly Inherited AD as Measured by the DIAN-Multivar. Source: ClinicalTrials.gov registry (AACT-verified); publicat,https://clinicaltrials.gov/study/NCT04623242
GANTENERUMAB_AD_AUTO_FULL_REVIEW.html,NCT02051608,31831056,,Klein G,2019,101,Alzheimer's research & therapy,NCT NCT02051608: Part 2: Percentage of Participants With Adverse Events (AEs) or Serious Adverse Events (SAEs). Source: ClinicalTrials.gov registry (AACT-verified); publication resolved live via NCT.,https://clinicaltrials.gov/study/NCT02051608
GANTENERUMAB_AD_AUTO_FULL_REVIEW.html,NCT04374253,39556389,,Salloway S,2025,19-29,JAMA neurology,NCT NCT04374253: Number of Participants With at Least One Adverse Event (AE) and Serious Adverse Event (SAE). Source: ClinicalTrials.gov registry (AACT-verified); publication resolved live via NCT.,https://clinicaltrials.gov/study/NCT04374253
GEFAPIXANT_COUGH_AUTO_FULL_REVIEW.html,NCT02476890,31023843,,Morice AH,2019,,The European respiratory journal,NCT NCT02476890: Cough Reflex Sensitivity to Capsaicin in Participants Who Received Gefapixant 100 mg and Placebo (Period 1 & Period 2 Co. Source: ClinicalTrials.gov registry (AACT-verified); publicat,https://clinicaltrials.gov/study/NCT02476890
GEFAPIXANT_COUGH_AUTO_FULL_REVIEW.html,NCT04193176,39222649,,Birring SS,2024,855-864,The Lancet. Respiratory medicine,NCT NCT04193176: Percent Change From Baseline in Average Daily Cough-induced Stress Urinary Incontinence (SUI) Episodes at Week 12. Source: ClinicalTrials.gov registry (AACT-verified); publication res,https://clinicaltrials.gov/study/NCT04193176
GEFAPIXANT_COUGH_AUTO_FULL_REVIEW.html,NCT03449147,35248186,,McGarvey LP,2022,909-923,"Lancet (London, England)",NCT NCT03449147: Model-Based Geometric Mean Ratio (GMR) of 24-Hour Coughs Per Hour at Week 24/Baseline. Source: ClinicalTrials.gov registry (AACT-verified); publication resolved live via NCT.,https://clinicaltrials.gov/study/NCT03449147
GEFAPIXANT_COUGH_AUTO_FULL_REVIEW.html,NCT03569033,35969360,,Smith JA,2022,297-310,Pulmonary therapy,NCT NCT03569033: Awake Coughs Per Hour on Day 3. Source: ClinicalTrials.gov registry (AACT-verified); publication resolved live via NCT.,https://clinicaltrials.gov/study/NCT03569033
GEPOTIDACIN_URINARY_TRACT_AUTO_FULL_REVIEW.html,NCT04020341,34978887,,Scangarella-Oman NE,2022,e0149221,Antimicrobial agents and chemotherapy,NCT NCT04020341: Number of Participants With Therapeutic Response (TR) (Combined Per Participant Clinical and Microbiological Response) a. Source: ClinicalTrials.gov registry (AACT-verified); publicat,https://clinicaltrials.gov/study/NCT04020341
GEPOTIDACIN_URINARY_TRACT_AUTO_FULL_REVIEW.html,NCT04187144,34978887,,Scangarella-Oman NE,2022,e0149221,Antimicrobial agents and chemotherapy,NCT NCT04187144: Number of Participants With Therapeutic Response (TR) (Combined Per Participant Clinical and Microbiological Response) a. Source: ClinicalTrials.gov registry (AACT-verified); publicat,https://clinicaltrials.gov/study/NCT04187144
GIVINOSTAT_DMD_AUTO_FULL_REVIEW.html,NCT01761292,27566866,,Bettica P,2016,643-649,Neuromuscular disorders : NMD,NCT NCT01761292: Change From Baseline to Part 2 in the Value of Muscle Fiber Area (MFA) % Comparing the Histology Biopsies Before and Aft. Source: ClinicalTrials.gov registry (AACT-verified); publicat,https://clinicaltrials.gov/study/NCT01761292
GIVINOSTAT_DMD_AUTO_FULL_REVIEW.html,NCT02851797,38508835,,Mercuri E,2024,393-403,The Lancet. Neurology,NCT NCT02851797: Mean Change From Baseline in 4 Standard Stairs (4SC) Climb After 18 Months of Treatment. Source: ClinicalTrials.gov registry (AACT-verified); publication resolved live via NCT.,https://clinicaltrials.gov/study/NCT02851797
GLASDEGIB_AML_AUTO_FULL_REVIEW.html,BRIGHT AML1019,31516032,,Cortes JE,2019,3531-3545,"Future oncology (London, England)",NCT NCT03416179: Intensive Study: Overall Survival (OS). Source: ClinicalTrials.gov registry (AACT-verified); publication resolved live via NCT.,https://clinicaltrials.gov/study/NCT03416179
GLASDEGIB_AML_AUTO_FULL_REVIEW.html,NCT03390296,35442137,,Short NJ,2022,2161-2170,Leukemia & lymphoma,NCT NCT03390296: Number of Participants With a Response. Source: ClinicalTrials.gov registry (AACT-verified); publication resolved live via NCT.,https://clinicaltrials.gov/study/NCT03390296
GLASDEGIB_AML_AUTO_FULL_REVIEW.html,BRIGHT 1012,35488900,,Sekeres MA,2022,1689-1701,Annals of hematology,NCT NCT02367456: Number of Participants With Treatment-Emergent Adverse Events (TEAEs) in the Lead-in Cohort (LIC). Source: ClinicalTrials.gov registry (AACT-verified); publication resolved live via N,https://clinicaltrials.gov/study/NCT02367456
GOSERELIN_PROSTATE_AUTO_FULL_REVIEW.html,NCT00004124,18349405,,Flaig TW,2008,1532-1536,Journal of clinical oncology : official journal of the American Society of Clinical Oncology,NCT NCT00004124: Overall Survival. Source: ClinicalTrials.gov registry (AACT-verified); publication resolved live via NCT.,https://clinicaltrials.gov/study/NCT00004124
GOSERELIN_PROSTATE_AUTO_FULL_REVIEW.html,NCT00884273,22500884,,Axcrona K,2012,1721-1728,BJU international,NCT NCT00884273: Change From Baseline in Prostate Size Based on Trans Rectal Ultra Sound (TRUS) at Week 12 (Full Analysis Set). Source: ClinicalTrials.gov registry (AACT-verified); publication resolve,https://clinicaltrials.gov/study/NCT00884273
GRANISETRON_CINV_AUTO_FULL_REVIEW.html,NCT02116530,27410922,,Navari RM,2016,134-142,The New England journal of medicine,NCT NCT02116530: Proportion of Patients With no Nausea. Source: ClinicalTrials.gov registry (AACT-verified); publication resolved live via NCT.,https://clinicaltrials.gov/study/NCT02116530
GRANISETRON_CINV_AUTO_FULL_REVIEW.html,NCT01499849,26272769,,Rapoport BL,2015,1079-1089,The Lancet. Oncology,NCT NCT01499849: No Emetic Episodes and No Rescue Medication. Source: ClinicalTrials.gov registry (AACT-verified); publication resolved live via NCT.,https://clinicaltrials.gov/study/NCT01499849
GRAZOPREVIR_HEPATITIS_C_AUTO_FULL_REVIEW.html,NCT02332707,28802814,,Lawitz E,2017,814-823,The lancet. Gastroenterology & hepatology,NCT NCT02332707: Percentage of Participants Achieving Sustained Virologic Response 12 Weeks After Completing Treatment (SVR12). Source: ClinicalTrials.gov registry (AACT-verified); publication resolve,https://clinicaltrials.gov/study/NCT02332707
GRAZOPREVIR_HEPATITIS_C_AUTO_FULL_REVIEW.html,NCT01716156,27291249,,Gane E,2016,789-797,Journal of viral hepatitis,NCT NCT01716156: Percentage of Participants Achieving Sustained Virologic Response 12 Weeks After the End of All Study Therapy (SVR12). Source: ClinicalTrials.gov registry (AACT-verified); publication,https://clinicaltrials.gov/study/NCT01716156
GUANFACINE_ADHD_AUTO_FULL_REVIEW.html,NCT00150592,21476931,,Kollins SH,2011,111-120,Journal of child and adolescent psychopharmacology,NCT NCT00150592: Change From Baseline in Choice Reaction Time (CRT) at 6 Weeks. Source: ClinicalTrials.gov registry (AACT-verified); publication resolved live via NCT.,https://clinicaltrials.gov/study/NCT00150592
GUANFACINE_ADHD_AUTO_FULL_REVIEW.html,Project1,27453079,,McCracken JT,2016,657-666,Journal of the American Academy of Child and Adolescent Psychiatry,NCT NCT00429273: ADHD IV Rating Scale (Attention Deficit Hyperactivity Disorder Rating Scale). Source: ClinicalTrials.gov registry (AACT-verified); publication resolved live via NCT.,https://clinicaltrials.gov/study/NCT00429273
GUANFACINE_ADHD_AUTO_FULL_REVIEW.html,NCT01244490,25453486,,Hervas A,2014,1861-1872,European neuropsychopharmacology : the journal of the European College of Neuropsychopharmacology,NCT NCT01244490: Change From Baseline in Attention Deficit Hyperactivity Disorder Rating Scale-fourth Edition (ADHD-RS-IV) Total Score at. Source: ClinicalTrials.gov registry (AACT-verified); publicat,https://clinicaltrials.gov/study/NCT01244490
GUANFACINE_ADHD_AUTO_FULL_REVIEW.html,NCT01500694,29442229,,Huss M,2018,1283-1294,European child & adolescent psychiatry,NCT NCT01500694: Change From Baseline in Mean Systolic Blood Pressure at Final Assessment. Source: ClinicalTrials.gov registry (AACT-verified); publication resolved live via NCT.,https://clinicaltrials.gov/study/NCT01500694
GUSELKUMAB_ARTHRITIS_PSORIATIC_AUTO_FULL_REVIEW.html,NCT03158285,32178766,,Mease PJ,2020,1126-1136,"Lancet (London, England)",NCT NCT03158285: Percentage of Participants Who Achieved an American College of Rheumatology (ACR) 20 Response at Week 24. Source: ClinicalTrials.gov registry (AACT-verified); publication resolved liv,https://clinicaltrials.gov/study/NCT03158285
GUSELKUMAB_ARTHRITIS_PSORIATIC_AUTO_FULL_REVIEW.html,SOLSTICE,38773563,,Ogdie A,2024,20,BMC rheumatology,NCT NCT04936308: Percentage of Participants Who Achieved an American College of Rheumatology (ACR) 20 Response at Week 24. Source: ClinicalTrials.gov registry (AACT-verified); publication resolved liv,https://clinicaltrials.gov/study/NCT04936308
GUSELKUMAB_ARTHRITIS_PSORIATIC_AUTO_FULL_REVIEW.html,APEX,36627711,,Ritchlin CT,2023,22,Trials,NCT NCT04882098: Percentage of Participants Who Achieved an American College of Rheumatology (ACR) 20 Response at Week 24. Source: ClinicalTrials.gov registry (AACT-verified); publication resolved liv,https://clinicaltrials.gov/study/NCT04882098
GUSELKUMAB_PSORIASIS_AUTO_FULL_REVIEW.html,VOYAGE 1,28057360,,Blauvelt A,2017,405-417,Journal of the American Academy of Dermatology,NCT NCT02207231: Percentage of Participants Who Achieved an Investigator's Global Assessment (IGA) Score of Cleared (0) or Minimal (1) in. Source: ClinicalTrials.gov registry (AACT-verified); publicat,https://clinicaltrials.gov/study/NCT02207231
GUSELKUMAB_PSORIASIS_AUTO_FULL_REVIEW.html,COBRA,38300408,,Reich K,2024,453-468,Dermatology and therapy,NCT NCT04533737: Having Psoriasis Area and Severity Index (PASI) 100 Response at Week 16. Source: ClinicalTrials.gov registry (AACT-verified); publication resolved live via NCT.,https://clinicaltrials.gov/study/NCT04533737
GUSELKUMAB_PSORIASIS_AUTO_FULL_REVIEW.html,NCT02905331,30887876,,Ferris LK,2020,152-159,The Journal of dermatological treatment,NCT NCT02905331: Percentage of Participants Who Achieved an Investigator's Global Assessment (IGA) Score of Cleared (0) or Minimal (1) at. Source: ClinicalTrials.gov registry (AACT-verified); publicat,https://clinicaltrials.gov/study/NCT02905331
GUSELKUMAB_PSORIASIS_AUTO_FULL_REVIEW.html,PROTOSTAR,39708367,,Prajapati VH,2025,618-628,The British journal of dermatology,NCT NCT03451851: Part 1: Percentage of Participants Who Achieved an Investigator's Global Assessment (IGA) Score of Cleared (0) or Minima. Source: ClinicalTrials.gov registry (AACT-verified); publicat,https://clinicaltrials.gov/study/NCT03451851
HALOPERIDOL_DELIRIUM_AUTO_FULL_REVIEW.html,PMD,21645330,,Campbell NL,2011,139,Trials,NCT NCT00842608: Days Free of Delirium and Coma. Source: ClinicalTrials.gov registry (AACT-verified); publication resolved live via NCT.,https://clinicaltrials.gov/study/NCT00842608
HALOPERIDOL_DELIRIUM_AUTO_FULL_REVIEW.html,NCT03021486,32479786,,Hui D,2020,989-998,The Lancet. Oncology,NCT NCT03021486: Change in Richmond Agitation Sedation Score (RASS) (0-24h). Source: ClinicalTrials.gov registry (AACT-verified); publication resolved live via NCT.,https://clinicaltrials.gov/study/NCT03021486
HDM_AIT_AUTO_FULL_REVIEW.html,NCT01199133,39035788,,Worm M,2024,100924,The World Allergy Organization journal,NCT NCT01199133: Average Adjusted Symptom Score (AASS) During the Treatment Period. Source: ClinicalTrials.gov registry (AACT-verified); publication resolved live via NCT.,https://clinicaltrials.gov/study/NCT01199133
HDM_AIT_AUTO_FULL_REVIEW.html,NCT01527188,39035788,,Worm M,2024,100924,The World Allergy Organization journal,NCT NCT01527188: Change From Baseline to the End-of-treatment Period in the Area Under the Curve of the Rhinitis Total Symptom Score Reco. Source: ClinicalTrials.gov registry (AACT-verified); publicat,https://clinicaltrials.gov/study/NCT01527188
HDM_AIT_AUTO_FULL_REVIEW.html,NCT00200850,21333346,,Bush RK,2011,974-981,The Journal of allergy and clinical immunology,NCT NCT00200850: Bronchial Threshold to Allergen Challenge From Baseline to 12-18 Months of Treatment. Source: ClinicalTrials.gov registry (AACT-verified); publication resolved live via NCT.,https://clinicaltrials.gov/study/NCT00200850
HEPA_VACCINE_AUTO_FULL_REVIEW.html,NCT00684671,21366801,,Chlibek R,2011,145-148,Journal of travel medicine,NCT NCT00684671: Number of Subjects With Anamnestic Response to the Challenge Dose for Anti-hepatitis A (Anti-HAV) Antibodies. Source: ClinicalTrials.gov registry (AACT-verified); publication resolved,https://clinicaltrials.gov/study/NCT00684671
HEPA_VACCINE_AUTO_FULL_REVIEW.html,NCT00289913,26308112,,Petrecz M,2016,503-511,Human vaccines & immunotherapeutics,NCT NCT00289913: Seropositivity Rate (SPR) to Hepatitis A. Source: ClinicalTrials.gov registry (AACT-verified); publication resolved live via NCT.,https://clinicaltrials.gov/study/NCT00289913
HZV_LIVE_AUTO_FULL_REVIEW.html,NCT02519855,28830693,,Levin MJ,2018,179-185,Vaccine,NCT NCT02519855: Geometric Mean Titer (GMT) of Varicella-zoster Virus (VZV) Glycoprotein Enzyme-linked Immunosorbent Assay (gpELISA) Anti. Source: ClinicalTrials.gov registry (AACT-verified); publicat,https://clinicaltrials.gov/study/NCT02519855
HZV_LIVE_AUTO_FULL_REVIEW.html,NCT01385566,27061887,,Beals CR,2016,915-922,The Lancet. Infectious diseases,NCT NCT01385566: Geometric Mean Fold Change From Baseline in Varicella Zoster Virus (VZV)-Specific Antibodies. Source: ClinicalTrials.gov registry (AACT-verified); publication resolved live via NCT.,https://clinicaltrials.gov/study/NCT01385566
IBRUTINIB_SMALL_LYMPHOCYTIC_AUTO_FULL_REVIEW.html,Captivate,34618601,,Wierda WG,2021,3853-3865,Journal of clinical oncology : official journal of the American Society of Clinical Oncology,NCT NCT02910583: MRD Cohort: 1-Year Disease-Free Survival (DFS) Rate in Confirmed uMRD Randomized Participants. Source: ClinicalTrials.gov registry (AACT-verified); publication resolved live via NCT.,https://clinicaltrials.gov/study/NCT02910583
IBRUTINIB_SMALL_LYMPHOCYTIC_AUTO_FULL_REVIEW.html,NCT01611090,26655421,,Chanan-Khan A,2016,200-211,The Lancet. Oncology,NCT NCT01611090: Progression-free Survival (PFS). Source: ClinicalTrials.gov registry (AACT-verified); publication resolved live via NCT.,https://clinicaltrials.gov/study/NCT01611090
ICAGEN_AUTO_FULL_REVIEW.html,NCT01181102,25294589,,Fuji T,2014,1198-1204,Thrombosis research,NCT NCT01181102: Incidence of Subjects With Venous Thromboembolism Events.. Source: ClinicalTrials.gov registry (AACT-verified); publication resolved live via NCT.,https://clinicaltrials.gov/study/NCT01181102
ICAGEN_AUTO_FULL_REVIEW.html,NCT01181141,24680549,,Fuji T,2014,1016-1022,Thrombosis research,NCT NCT01181141: The Incidence of Major or Clinically Relevant Non-major Bleeding. Source: ClinicalTrials.gov registry (AACT-verified); publication resolved live via NCT.,https://clinicaltrials.gov/study/NCT01181141
ICATIBANT_HAE_AUTO_FULL_REVIEW.html,NCT00097695,20818888,,Cicardi M,2010,532-541,The New England journal of medicine,NCT NCT00097695: Time to Onset of Symptom Relief (TOSR). Source: ClinicalTrials.gov registry (AACT-verified); publication resolved live via NCT.,https://clinicaltrials.gov/study/NCT00097695
ICATIBANT_HAE_AUTO_FULL_REVIEW.html,NCT01386658,28601641,,Farkas H,2017,1671-1678,The journal of allergy and clinical immunology. In practice,NCT NCT01386658: Time to Peak Concentration (Tmax) of a Single Subcutaneous (SC) Dose of Icatibant. Source: ClinicalTrials.gov registry (AACT-verified); publication resolved live via NCT.,https://clinicaltrials.gov/study/NCT01386658
ICATIBANT_HAE_AUTO_FULL_REVIEW.html,FAST2,17073887,,Bas M,2006,1490-1492,Allergy,NCT NCT00500656: Time to Onset of Symptom Relief.. Source: ClinicalTrials.gov registry (AACT-verified); publication resolved live via NCT.,https://clinicaltrials.gov/study/NCT00500656
ICATIBANT_HAE_AUTO_FULL_REVIEW.html,EASSI,24438203,,Aberer W,2014,305-314,Allergy,NCT NCT00997204: Number of Participants With Adverse Events in Self-treatment of Acute HAE Attacks With s.c. Injections of Icatibant. Source: ClinicalTrials.gov registry (AACT-verified); publication r,https://clinicaltrials.gov/study/NCT00997204
ICATIBANT_HAE_AUTO_FULL_REVIEW.html,NCT00912093,22123383,,Lumry WR,2011,529-537,"Annals of allergy, asthma & immunology : official publication of the American College of Allergy, Asthma, & Immunology","NCT NCT00912093: Time to Onset of Symptom Relief for an Acute Attack, as Assessed by the Patient. Source: ClinicalTrials.gov registry (AACT-verified); publication resolved live via NCT.",https://clinicaltrials.gov/study/NCT00912093
ICLEPERTIN_SCHIZOPHRENIA_AUTO_FULL_REVIEW.html,NCT04860830,41233083,,Keefe RSE,2025,906-920,The lancet. Psychiatry,NCT NCT04860830: Change From Baseline in Overall Composite T-score of the Measurement and Treatment Research to Improve Cognition in Schi. Source: ClinicalTrials.gov registry (AACT-verified); publicat,https://clinicaltrials.gov/study/NCT04860830
ICLEPERTIN_SCHIZOPHRENIA_AUTO_FULL_REVIEW.html,NCT04846868,41233083,,Keefe RSE,2025,906-920,The lancet. Psychiatry,NCT NCT04846868: Change From Baseline in Overall Composite T-score of the Measurement and Treatment Research to Improve Cognition in Schi. Source: ClinicalTrials.gov registry (AACT-verified); publicat,https://clinicaltrials.gov/study/NCT04846868
ICLEPERTIN_SCHIZOPHRENIA_AUTO_FULL_REVIEW.html,NCT04846881,41233083,,Keefe RSE,2025,906-920,The lancet. Psychiatry,NCT NCT04846881: Change From Baseline in the Overall Composite T-score of the Measurement and Treatment Research to Improve Cognition in . Source: ClinicalTrials.gov registry (AACT-verified); publicat,https://clinicaltrials.gov/study/NCT04846881
ICODEC_DIABETES_MELLITUS_AUTO_FULL_REVIEW.html,ONWARDS 1,37356066,,Rosenstock J,2023,297-308,The New England journal of medicine,NCT NCT04460885: Change in Glycated Haemoglobin (HbA1c). Source: ClinicalTrials.gov registry (AACT-verified); publication resolved live via NCT.,https://clinicaltrials.gov/study/NCT04460885
ICODEC_DIABETES_MELLITUS_AUTO_FULL_REVIEW.html,COMBINE 1,40482671,,Mathieu C,2025,568-579,The lancet. Diabetes & endocrinology,NCT NCT05352815: Change in Glycated Haemoglobin (HbA1c). Source: ClinicalTrials.gov registry (AACT-verified); publication resolved live via NCT.,https://clinicaltrials.gov/study/NCT05352815
ICODEC_DIABETES_MELLITUS_AUTO_FULL_REVIEW.html,ONWARDS 4,36106652,,Philis-Tsimikas A,2023,331-341,"Diabetes, obesity & metabolism",NCT NCT04880850: Change in Glycated Haemoglobin (HbA1c). Source: ClinicalTrials.gov registry (AACT-verified); publication resolved live via NCT.,https://clinicaltrials.gov/study/NCT04880850
ICODEC_DIABETES_MELLITUS_AUTO_FULL_REVIEW.html,ONWARDS 2,37148899,,Philis-Tsimikas A,2023,414-425,The lancet. Diabetes & endocrinology,NCT NCT04770532: Change in Glycated Haemoglobin (HbA1c). Source: ClinicalTrials.gov registry (AACT-verified); publication resolved live via NCT.,https://clinicaltrials.gov/study/NCT04770532
ICODEC_DIABETES_MELLITUS_AUTO_FULL_REVIEW.html,NCT03951805,33875484,,Lingvay I,2021,1595-1603,Diabetes care,NCT NCT03951805: Percentage of Time in Target Range (TIR) 3.9-10.0 Millimoles Per Liter (mmol/L) (70-180 Milligrams Per Deciliter (mg/dL). Source: ClinicalTrials.gov registry (AACT-verified); publicat,https://clinicaltrials.gov/study/NCT03951805
ICOSAPENT_LIPID_AUTO_FULL_REVIEW.html,ANCHOR,22819432,,Ballantyne CM,2012,984-992,The American journal of cardiology,NCT NCT01047501: Difference Between AMR101 (Ethyl Icosapentate) and Placebo Treatment Groups in Triglyceride Lowering Effect. Source: ClinicalTrials.gov registry (AACT-verified); publication resolved ,https://clinicaltrials.gov/study/NCT01047501
ICOSAPENT_LIPID_AUTO_FULL_REVIEW.html,NCT01078909,24252845,,Flock MR,2013,e000513,Journal of the American Heart Association,NCT NCT01078909: Mean Concentrations of Inflammatory Markers (TNF-alpha and IL-6) Following 5 Months of Treatment. Source: ClinicalTrials.gov registry (AACT-verified); publication resolved live via NC,https://clinicaltrials.gov/study/NCT01078909
IDALOPIRDINE_ALZHEIMERS_DISEASE_AUTO_FULL_REVIEW.html,STARBRIGHT,29318278,,Atri A,2018,130-142,JAMA,NCT NCT02006654: Change in Cognition. Source: ClinicalTrials.gov registry (AACT-verified); publication resolved live via NCT.,https://clinicaltrials.gov/study/NCT02006654
IDALOPIRDINE_ALZHEIMERS_DISEASE_AUTO_FULL_REVIEW.html,STARBEAM,29318278,,Atri A,2018,130-142,JAMA,NCT NCT02006641: Change in Cognition. Source: ClinicalTrials.gov registry (AACT-verified); publication resolved live via NCT.,https://clinicaltrials.gov/study/NCT02006641
IDALOPIRDINE_ALZHEIMERS_DISEASE_AUTO_FULL_REVIEW.html,STARSHINE,29318278,,Atri A,2018,130-142,JAMA,NCT NCT01955161: Change in Cognition. Source: ClinicalTrials.gov registry (AACT-verified); publication resolved live via NCT.,https://clinicaltrials.gov/study/NCT01955161
IDELALISIB_LEUKEMIA_AUTO_FULL_REVIEW.html,COSMOS,34414843,,Staber PB,2021,3440-3451,Leukemia & lymphoma,NCT NCT02639910: Incidence and Severity of Adverse Events (AEs). Source: ClinicalTrials.gov registry (AACT-verified); publication resolved live via NCT.,https://clinicaltrials.gov/study/NCT02639910
IDELALISIB_LEUKEMIA_AUTO_FULL_REVIEW.html,NCT01796470,26968534,,Barr PM,2016,2411-2415,Blood,NCT NCT01796470: Objective Response Rate (ORR). Source: ClinicalTrials.gov registry (AACT-verified); publication resolved live via NCT.,https://clinicaltrials.gov/study/NCT01796470
IDELALISIB_LEUKEMIA_AUTO_FULL_REVIEW.html,BRUIN CLL-321,40479620,,Sharman JP,2025,2538-2549,Journal of clinical oncology : official journal of the American Society of Clinical Oncology,NCT NCT04666038: Progression-free Survival (PFS) Assessed by Independent Review Committee (IRC). Source: ClinicalTrials.gov registry (AACT-verified); publication resolved live via NCT.,https://clinicaltrials.gov/study/NCT04666038
IDURSULFASE_MPS2_AUTO_FULL_REVIEW.html,NCT01506141,35588317,,Muenzer J,2022,1437-1448,Genetics in medicine : official journal of the American College of Medical Genetics,NCT NCT01506141: Number of Participants With Treatment-emergent Adverse Events (TEAEs). Source: ClinicalTrials.gov registry (AACT-verified); publication resolved live via NCT.,https://clinicaltrials.gov/study/NCT01506141
IDURSULFASE_MPS2_AUTO_FULL_REVIEW.html,NCT00920647,25834948,,Muenzer J,2016,73-81,Genetics in medicine : official journal of the American College of Medical Genetics,NCT NCT00920647: Number of Serious Adverse Event (SAE). Source: ClinicalTrials.gov registry (AACT-verified); publication resolved live via NCT.,https://clinicaltrials.gov/study/NCT00920647
INCLISIRAN_HOFH_AUTO_FULL_REVIEW.html,ORION-15,33990512,,Warden BA,2021,e157-e174,Journal of cardiovascular pharmacology,NCT NCT04666298: Percent Change From Baseline in Low-density Lipoprotein Cholesterol (LDL-C) to Day 180. Source: ClinicalTrials.gov registry (AACT-verified); publication resolved live via NCT.,https://clinicaltrials.gov/study/NCT04666298
INCLISIRAN_HOFH_AUTO_FULL_REVIEW.html,ORION-5,33990512,,Warden BA,2021,e157-e174,Journal of cardiovascular pharmacology,NCT NCT03851705: Percent Change in Low-Density Lipoprotein Cholesterol (LDL-C) From Baseline to Day 150. Source: ClinicalTrials.gov registry (AACT-verified); publication resolved live via NCT.,https://clinicaltrials.gov/study/NCT03851705
INCLISIRAN_HOFH_AUTO_FULL_REVIEW.html,ORION-3,33990512,,Warden BA,2021,e157-e174,Journal of cardiovascular pharmacology,NCT NCT03060577: Percentage Change in LDL-C From Baseline of the ORION-1 Study to Day 210 in ORION-3 (Inclisiran Arm). Source: ClinicalTrials.gov registry (AACT-verified); publication resolved live vi,https://clinicaltrials.gov/study/NCT03060577
INCLISIRAN_HOFH_AUTO_FULL_REVIEW.html,ORION-8,33990512,,Warden BA,2021,e157-e174,Journal of cardiovascular pharmacology,NCT NCT03814187: Proportion of Subjects Achieving Global Lipid Targets for Their Level of ASCVD Risk. Source: ClinicalTrials.gov registry (AACT-verified); publication resolved live via NCT.,https://clinicaltrials.gov/study/NCT03814187
INCLISIRAN_HOFH_AUTO_FULL_REVIEW.html,ORION-13,33990512,,Warden BA,2021,e157-e174,Journal of cardiovascular pharmacology,NCT NCT04659863: Percentage Change in LDL-C From Baseline to Day 330 (Part 1/Year 1). Source: ClinicalTrials.gov registry (AACT-verified); publication resolved live via NCT.,https://clinicaltrials.gov/study/NCT04659863
INCLISIRAN_LIPID_KIDNEY_AUTO_FULL_REVIEW.html,ORION-15,33990512,,Warden BA,2021,e157-e174,Journal of cardiovascular pharmacology,NCT NCT04666298: Percent Change From Baseline in Low-density Lipoprotein Cholesterol (LDL-C) to Day 180. Source: ClinicalTrials.gov registry (AACT-verified); publication resolved live via NCT.,https://clinicaltrials.gov/study/NCT04666298
INCLISIRAN_LIPID_KIDNEY_AUTO_FULL_REVIEW.html,ORION-5,33990512,,Warden BA,2021,e157-e174,Journal of cardiovascular pharmacology,NCT NCT03851705: Percent Change in Low-Density Lipoprotein Cholesterol (LDL-C) From Baseline to Day 150. Source: ClinicalTrials.gov registry (AACT-verified); publication resolved live via NCT.,https://clinicaltrials.gov/study/NCT03851705
INCLISIRAN_LIPID_KIDNEY_AUTO_FULL_REVIEW.html,ORION-3,33990512,,Warden BA,2021,e157-e174,Journal of cardiovascular pharmacology,NCT NCT03060577: Percentage Change in LDL-C From Baseline of the ORION-1 Study to Day 210 in ORION-3 (Inclisiran Arm). Source: ClinicalTrials.gov registry (AACT-verified); publication resolved live vi,https://clinicaltrials.gov/study/NCT03060577
INCLISIRAN_LIPID_KIDNEY_AUTO_FULL_REVIEW.html,ORION-8,33990512,,Warden BA,2021,e157-e174,Journal of cardiovascular pharmacology,NCT NCT03814187: Proportion of Subjects Achieving Global Lipid Targets for Their Level of ASCVD Risk. Source: ClinicalTrials.gov registry (AACT-verified); publication resolved live via NCT.,https://clinicaltrials.gov/study/NCT03814187
INCLISIRAN_LIPID_KIDNEY_AUTO_FULL_REVIEW.html,ORION-13,33990512,,Warden BA,2021,e157-e174,Journal of cardiovascular pharmacology,NCT NCT04659863: Percentage Change in LDL-C From Baseline to Day 330 (Part 1/Year 1). Source: ClinicalTrials.gov registry (AACT-verified); publication resolved live via NCT.,https://clinicaltrials.gov/study/NCT04659863
INCRETIN_HFpEF_REVIEW.html,STEP-HFpEF,37622681,,Kosiborod MN,2023,1069-1084,The New England journal of medicine,N Engl J Med 2023; 389:1069-1084,https://www.nejm.org/doi/full/10.1056/NEJMoa2306963
INCRETIN_HFpEF_REVIEW.html,STEP-HFpEF DM,38587233,,Kosiborod MN,2024,1394-1407,The New England journal of medicine,N Engl J Med 2024; 390:1394-1407,https://www.nejm.org/doi/full/10.1056/NEJMoa2313917
INCRETIN_HFpEF_REVIEW.html,SUMMIT,39555826,YEAR_MISMATCH,Packer M,2025,427-437,The New England journal of medicine,N Engl J Med 2024 (SUMMIT trial),https://www.nejm.org/doi/full/10.1056/NEJMoa2410027
INDACATEROL_COPD_AUTO_FULL_REVIEW.html,NCT01985334,28720132,,Vogelmeier CF,2017,140,Respiratory research,NCT NCT01985334: Trough FEV1 at Week 12 for Group: Glycopyrronium vs. Short-acting Bronchodilators (SABA and/or SAMA as Monotherapy or in. Source: ClinicalTrials.gov registry (AACT-verified); publicat,https://clinicaltrials.gov/study/NCT01985334
INDACATEROL_COPD_AUTO_FULL_REVIEW.html,NCT00794157,23040786,,To Y,2012,1715-1721,Respiratory medicine,"NCT NCT00794157: Trough Forced Expiratory Volume in 1 Second (FEV1) 24 Hours Post-dose at the End of Treatment (Week 12 + 1 Day, Day 85). Source: ClinicalTrials.gov registry (AACT-verified); publicati",https://clinicaltrials.gov/study/NCT00794157
INDACATEROL_COPD_AUTO_FULL_REVIEW.html,ILLUMINATE,24321804,,Vogelmeier CF,2013,51-60,The Lancet. Respiratory medicine,NCT NCT01315249: Forced Expiratory Volume in 1 Second Area Under the Curve (FEV1 AUC) 0-12. Source: ClinicalTrials.gov registry (AACT-verified); publication resolved live via NCT.,https://clinicaltrials.gov/study/NCT01315249
INDACATEROL_COPD_AUTO_FULL_REVIEW.html,INSIST,21367594,,Korn S,2011,719-726,Respiratory medicine,NCT NCT00821093: Forced Expiratory Volume in 1 Second (FEV1) Standardized (With Respect to Time) Area Under the Curve (AUC) From 5 Minute. Source: ClinicalTrials.gov registry (AACT-verified); publicat,https://clinicaltrials.gov/study/NCT00821093
INDACATEROL_GLYCOPYR_COPD_AUTO_FULL_REVIEW.html,NCT01985334,28720132,,Vogelmeier CF,2017,140,Respiratory research,NCT NCT01985334: Trough FEV1 at Week 12 for Group: Glycopyrronium vs. Short-acting Bronchodilators (SABA and/or SAMA as Monotherapy or in. Source: ClinicalTrials.gov registry (AACT-verified); publicat,https://clinicaltrials.gov/study/NCT01985334
INDACATEROL_GLYCOPYR_COPD_AUTO_FULL_REVIEW.html,NCT00794157,23040786,,To Y,2012,1715-1721,Respiratory medicine,"NCT NCT00794157: Trough Forced Expiratory Volume in 1 Second (FEV1) 24 Hours Post-dose at the End of Treatment (Week 12 + 1 Day, Day 85). Source: ClinicalTrials.gov registry (AACT-verified); publicati",https://clinicaltrials.gov/study/NCT00794157
INDACATEROL_GLYCOPYR_COPD_AUTO_FULL_REVIEW.html,ILLUMINATE,24321804,,Vogelmeier CF,2013,51-60,The Lancet. Respiratory medicine,NCT NCT01315249: Forced Expiratory Volume in 1 Second Area Under the Curve (FEV1 AUC) 0-12. Source: ClinicalTrials.gov registry (AACT-verified); publication resolved live via NCT.,https://clinicaltrials.gov/study/NCT01315249
INDACATEROL_GLYCOPYR_COPD_AUTO_FULL_REVIEW.html,INSIST,21367594,,Korn S,2011,719-726,Respiratory medicine,NCT NCT00821093: Forced Expiratory Volume in 1 Second (FEV1) Standardized (With Respect to Time) Area Under the Curve (AUC) From 5 Minute. Source: ClinicalTrials.gov registry (AACT-verified); publicat,https://clinicaltrials.gov/study/NCT00821093
INFLIXIMAB_RA_AUTO_FULL_REVIEW.html,NCT00095147,18055472,,Schiff M,2008,1096-1103,Annals of the rheumatic diseases,NCT NCT00095147: DB; Adjusted Mean Change From Baseline to Day 197 in Disease Activity Score (DAS) 28 Score (Erythrocyte Sedimentation Ra. Source: ClinicalTrials.gov registry (AACT-verified); publicat,https://clinicaltrials.gov/study/NCT00095147
INFLIXIMAB_RA_AUTO_FULL_REVIEW.html,NCT02222493,30053896,,Cohen SB,2018,155,Arthritis research & therapy,NCT NCT02222493: Number of Participants With an American College of Rheumatology 20% (ACR20) Response at Week 14: Period 1. Source: ClinicalTrials.gov registry (AACT-verified); publication resolved li,https://clinicaltrials.gov/study/NCT02222493
INFLUENZA_RECOMBINANT_AUTO_FULL_REVIEW.html,NCT05144945,40752250,,Choi WS,2025,127521,Vaccine,NCT NCT05144945: Geometric Mean Titers (GMTs) of Influenza Vaccine Antibodies at Day 1- Per Protocol Analysis Set (PPAS). Source: ClinicalTrials.gov registry (AACT-verified); publication resolved live,https://clinicaltrials.gov/study/NCT05144945
INFLUENZA_RECOMBINANT_AUTO_FULL_REVIEW.html,NCT02285998,28636855,,Dunkle LM,2017,2427-2436,The New England journal of medicine,NCT NCT02285998: Number of Participants With rtPCR-confirmed Influenza-Like Illness. Source: ClinicalTrials.gov registry (AACT-verified); publication resolved live via NCT.,https://clinicaltrials.gov/study/NCT02285998
INOTERSEN_ATTR_PN_AUTO_FULL_REVIEW.html,NCT01737398,29972757,,Benson MD,2018,22-31,The New England journal of medicine,NCT NCT01737398: Change From Baseline In The Modified Neuropathy Impairment Score (mNIS) +7 Composite Score at Week 66. Source: ClinicalTrials.gov registry (AACT-verified); publication resolved live v,https://clinicaltrials.gov/study/NCT01737398
INOTERSEN_ATTR_PN_AUTO_FULL_REVIEW.html,NCT02175004,32343462,,Brannagan TH,2020,1374-1381,European journal of neurology,"NCT NCT02175004: Percentage of Participants With Treatment Emergent Adverse Events (TEAEs), Serious TEAEs, and TEAEs Related to Study Dru. Source: ClinicalTrials.gov registry (AACT-verified); publicat",https://clinicaltrials.gov/study/NCT02175004
INOTERSEN_ATTR_PN_AUTO_FULL_REVIEW.html,NCT04136184,33638113,,Coelho T,2021,375-389,Neurology and therapy,NCT NCT04136184: Change From Baseline in Modified Neuropathy Impairment Score Plus 7 (mNIS+7) at Week 66. Source: ClinicalTrials.gov registry (AACT-verified); publication resolved live via NCT.,https://clinicaltrials.gov/study/NCT04136184
INOTERSEN_FAP_AUTO_FULL_REVIEW.html,NCT01737398,29972757,,Benson MD,2018,22-31,The New England journal of medicine,NCT NCT01737398: Change From Baseline In The Modified Neuropathy Impairment Score (mNIS) +7 Composite Score at Week 66. Source: ClinicalTrials.gov registry (AACT-verified); publication resolved live v,https://clinicaltrials.gov/study/NCT01737398
INOTERSEN_FAP_AUTO_FULL_REVIEW.html,NCT02175004,32343462,,Brannagan TH,2020,1374-1381,European journal of neurology,"NCT NCT02175004: Percentage of Participants With Treatment Emergent Adverse Events (TEAEs), Serious TEAEs, and TEAEs Related to Study Dru. Source: ClinicalTrials.gov registry (AACT-verified); publicat",https://clinicaltrials.gov/study/NCT02175004
INOTERSEN_HATTR_AUTO_FULL_REVIEW.html,NCT01737398,29972757,,Benson MD,2018,22-31,The New England journal of medicine,NCT NCT01737398: Change From Baseline In The Modified Neuropathy Impairment Score (mNIS) +7 Composite Score at Week 66. Source: ClinicalTrials.gov registry (AACT-verified); publication resolved live v,https://clinicaltrials.gov/study/NCT01737398
INOTERSEN_HATTR_AUTO_FULL_REVIEW.html,NCT02175004,32343462,,Brannagan TH,2020,1374-1381,European journal of neurology,"NCT NCT02175004: Percentage of Participants With Treatment Emergent Adverse Events (TEAEs), Serious TEAEs, and TEAEs Related to Study Dru. Source: ClinicalTrials.gov registry (AACT-verified); publicat",https://clinicaltrials.gov/study/NCT02175004
INOTERSEN_HATTR_AUTO_FULL_REVIEW.html,NCT04136184,33638113,,Coelho T,2021,375-389,Neurology and therapy,NCT NCT04136184: Change From Baseline in Modified Neuropathy Impairment Score Plus 7 (mNIS+7) at Week 66. Source: ClinicalTrials.gov registry (AACT-verified); publication resolved live via NCT.,https://clinicaltrials.gov/study/NCT04136184
IPILIMUMAB_RENAL_AUTO_FULL_REVIEW.html,CHECKMATE 920,35210307,,Tykodi SS,2022,,Journal for immunotherapy of cancer,NCT NCT02982954: Number of Participants With High Grade (Grade 3-4) Immune Mediated Adverse Events (IMAEs). Source: ClinicalTrials.gov registry (AACT-verified); publication resolved live via NCT.,https://clinicaltrials.gov/study/NCT02982954
IPILIMUMAB_RENAL_AUTO_FULL_REVIEW.html,CheckMate 914,33526329,,Marconi L,2021,e92-e99,Clinical genitourinary cancer,NCT NCT03138512: Disease-Free Survival (DFS) by BICR - Treatment Part A and B. Source: ClinicalTrials.gov registry (AACT-verified); publication resolved live via NCT.,https://clinicaltrials.gov/study/NCT03138512
IRON_ISOMALTOSIDE_IDA_AUTO_FULL_REVIEW.html,NCT03237065,32016310,,Wolf M,2020,432-443,JAMA,NCT NCT03237065: Incidence of Hypophosphatemia (S-phosphate Level <2 mg/dL). Source: ClinicalTrials.gov registry (AACT-verified); publication resolved live via NCT.,https://clinicaltrials.gov/study/NCT03237065
IRON_ISOMALTOSIDE_IDA_AUTO_FULL_REVIEW.html,NCT02940886,31243803,,Auerbach M,2019,1007-1014,American journal of hematology,NCT NCT02940886: Change in Hemoglobin (Hb) From Baseline to Week 8. Source: ClinicalTrials.gov registry (AACT-verified); publication resolved live via NCT.,https://clinicaltrials.gov/study/NCT02940886
ISOMALTOSIDE_IRON_DEFICIENCY_AUTO_FULL_REVIEW.html,NCT03237065,32016310,,Wolf M,2020,432-443,JAMA,NCT NCT03237065: Incidence of Hypophosphatemia (S-phosphate Level <2 mg/dL). Source: ClinicalTrials.gov registry (AACT-verified); publication resolved live via NCT.,https://clinicaltrials.gov/study/NCT03237065
ISOMALTOSIDE_IRON_DEFICIENCY_AUTO_FULL_REVIEW.html,NCT02940886,31243803,,Auerbach M,2019,1007-1014,American journal of hematology,NCT NCT02940886: Change in Hemoglobin (Hb) From Baseline to Week 8. Source: ClinicalTrials.gov registry (AACT-verified); publication resolved live via NCT.,https://clinicaltrials.gov/study/NCT02940886
ISOMALTOSIDE_IRON_DEFICIENCY_AUTO_FULL_REVIEW.html,NCT02940860,32049331,,Bhandari S,2021,111-120,"Nephrology, dialysis, transplantation : official publication of the European Dialysis and Transplant Association - European Renal Association",NCT NCT02940860: Change in Hemoglobin (Hb) From Baseline to Week 8. Source: ClinicalTrials.gov registry (AACT-verified); publication resolved live via NCT.,https://clinicaltrials.gov/study/NCT02940860
ISOMALTOSIDE_IRON_DEFICIENCY_AUTO_FULL_REVIEW.html,NCT03238911,32016310,,Wolf M,2020,432-443,JAMA,NCT NCT03238911: Incidence of Hypophosphatemia (S-phosphate Level <2 mg/dL). Source: ClinicalTrials.gov registry (AACT-verified); publication resolved live via NCT.,https://clinicaltrials.gov/study/NCT03238911
ISONIAZID_LTBI_AUTO_FULL_REVIEW.html,NCT00396084,16776446,,Johnson JL,2006,605-612,The international journal of tuberculosis and lung disease : the official journal of the International Union against Tuberculosis and Lung Disease,NCT NCT00396084: Sputum Bacillary Loads: Adjusted Area Under the Curve (aAUC). Source: ClinicalTrials.gov registry (AACT-verified); publication resolved live via NCT.,https://clinicaltrials.gov/study/NCT00396084
ISONIAZID_LTBI_AUTO_FULL_REVIEW.html,iAdhere,29114781,,Belknap R,2017,689-697,Annals of internal medicine,NCT NCT01582711: Treatment Completion Rate.. Source: ClinicalTrials.gov registry (AACT-verified); publication resolved live via NCT.,https://clinicaltrials.gov/study/NCT01582711
IV_IRON_HF_REVIEW.html,CONFIRM-HF,25176939,,Ponikowski P,2015,657-668,European heart journal,Eur Heart J 2015; 36(11):657-668,https://academic.oup.com/eurheartj/article/36/11/657/2293315
IV_IRON_HF_REVIEW.html,AFFIRM-AHF,33197395,YEAR_MISMATCH,Ponikowski P,2020,1895-1904,"Lancet (London, England)",Lancet 2021; 396(10266):1895-1904,https://www.thelancet.com/journals/lancet/article/PIIS0140-6736(20)32339-4/fulltext
IV_IRON_HF_REVIEW.html,IRONMAN,36347265,,Kalra PR,2022,2199-2209,"Lancet (London, England)",Lancet 2022; 400(10369):2199-2209,https://www.thelancet.com/journals/lancet/article/PIIS0140-6736(22)02083-9/fulltext
IV_IRON_HF_REVIEW.html,HEART-FID,37632463,PAGE_MISMATCH;JOURNAL_MISMATCH,Mentz RJ,2023,975-986,The New England journal of medicine,Lancet 2023; 402(10411):1655-1665,https://www.thelancet.com/journals/lancet/article/PIIS0140-6736(23)02003-8/fulltext
IVERMECTIN_LF_AUTO_FULL_REVIEW.html,FED,25877874,,Tafatatha TT,2015,393-399,Transactions of the Royal Society of Tropical Medicine and Hygiene,NCT NCT01213576: Number of Participants Achieving Microfilarial Clearance. Source: ClinicalTrials.gov registry (AACT-verified); publication resolved live via NCT.,https://clinicaltrials.gov/study/NCT01213576
IVERMECTIN_LF_AUTO_FULL_REVIEW.html,NCT04410406,37616301,,Chhonker YS,2023,e0011567,PLoS neglected tropical diseases,NCT NCT04410406: Clearance of Microfilaremia (IA vs. MoxA). Source: ClinicalTrials.gov registry (AACT-verified); publication resolved live via NCT.,https://clinicaltrials.gov/study/NCT04410406
IVERMECTIN_LF_AUTO_FULL_REVIEW.html,RIMDAMAL,30878222,,Foy BD,2019,1517-1526,"Lancet (London, England)",NCT NCT02509481: Incidence of Clinical Malaria Episodes. Source: ClinicalTrials.gov registry (AACT-verified); publication resolved live via NCT.,https://clinicaltrials.gov/study/NCT02509481
IXEKIZUMAB_AS_AUTO_FULL_REVIEW.html,NCT03129100,35853675,,Braun J,2022,,RMD open,NCT NCT03129100: Percentage of Participants Who do Not Experience a Flare (Combined Ixekizumab Treatment). Source: ClinicalTrials.gov registry (AACT-verified); publication resolved live via NCT.,https://clinicaltrials.gov/study/NCT03129100
IXEKIZUMAB_AS_AUTO_FULL_REVIEW.html,COAST-X,31813637,,Deodhar A,2020,53-64,"Lancet (London, England)",NCT NCT02757352: Percentage of Participants Achieving an Assessment of Spondyloarthritis International Society 40 (ASAS40) Response. Source: ClinicalTrials.gov registry (AACT-verified); publication re,https://clinicaltrials.gov/study/NCT02757352
IXEKIZUMAB_AXIAL_AUTO_FULL_REVIEW.html,COAST-W,30343531,,Deodhar A,2019,599-611,"Arthritis & rheumatology (Hoboken, N.J.)",NCT NCT02696798: Percentage of Participants Achieving an Assessment of Spondyloarthritis International Society 40 (ASAS40) Response. Source: ClinicalTrials.gov registry (AACT-verified); publication re,https://clinicaltrials.gov/study/NCT02696798
IXEKIZUMAB_AXIAL_AUTO_FULL_REVIEW.html,NCT03129100,35853675,,Braun J,2022,,RMD open,NCT NCT03129100: Percentage of Participants Who do Not Experience a Flare (Combined Ixekizumab Treatment). Source: ClinicalTrials.gov registry (AACT-verified); publication resolved live via NCT.,https://clinicaltrials.gov/study/NCT03129100
IXEKIZUMAB_AXIAL_AUTO_FULL_REVIEW.html,COAST-X,31813637,,Deodhar A,2020,53-64,"Lancet (London, England)",NCT NCT02757352: Percentage of Participants Achieving an Assessment of Spondyloarthritis International Society 40 (ASAS40) Response. Source: ClinicalTrials.gov registry (AACT-verified); publication re,https://clinicaltrials.gov/study/NCT02757352
IXEKIZUMAB_AXIAL_AUTO_FULL_REVIEW.html,NCT04285229,37737952,,Xue Y,2024,145-156,"BioDrugs : clinical immunotherapeutics, biopharmaceuticals and gene therapy",NCT NCT04285229: Percentage of Participants Achieving an Assessment of Spondyloarthritis International Society 40 (ASAS40) Response in Bi. Source: ClinicalTrials.gov registry (AACT-verified); publicat,https://clinicaltrials.gov/study/NCT04285229
IXEKIZUMAB_AXIAL_AUTO_FULL_REVIEW.html,COAST-V,31254223,,Mease P,2019,435-450,Rheumatology and therapy,NCT NCT02696785: Percentage of Participants Achieving an Assessment of Spondyloarthritis International Society 40 (ASAS40) Response. Source: ClinicalTrials.gov registry (AACT-verified); publication re,https://clinicaltrials.gov/study/NCT02696785
IXEKIZUMAB_PSA_AUTO_FULL_REVIEW.html,NCT04527380,41785908,,Ramanan AV,2026,e377-e388,The Lancet. Rheumatology,NCT NCT04527380: Percentage of Participants Achieving Juvenile Idiopathic Arthritis (JIA) American College of Rheumatology (ACR) 30 (Ixek. Source: ClinicalTrials.gov registry (AACT-verified); publicat,https://clinicaltrials.gov/study/NCT04527380
IXEKIZUMAB_PSA_AUTO_FULL_REVIEW.html,SPIRIT-H2H,32660977,,Smolen JS,2020,1310-1319,Annals of the rheumatic diseases,NCT NCT03151551: Percentage of Participants Simultaneously Achieving American College of Rheumatology 50 (ACR50) and Psoriasis Area and S. Source: ClinicalTrials.gov registry (AACT-verified); publicat,https://clinicaltrials.gov/study/NCT03151551
IXEKIZUMAB_PSA_AUTO_FULL_REVIEW.html,SPIRIT-P2,28551073,,Nash P,2017,2317-2327,"Lancet (London, England)",NCT NCT02349295: Percentage of Participants Achieving American College of Rheumatology 20 Index (ACR20). Source: ClinicalTrials.gov registry (AACT-verified); publication resolved live via NCT.,https://clinicaltrials.gov/study/NCT02349295
IXEKIZUMAB_PSORIASIS_AUTO_FULL_REVIEW.html,NCT03942042,34967916,,Morita A,2022,481-494,Dermatology and therapy,NCT NCT03942042: Maintenance Dosing Period: Number of Participants Who Improved Global Improvement Score (GIS) at Least 1 Point From Week. Source: ClinicalTrials.gov registry (AACT-verified); publicat,https://clinicaltrials.gov/study/NCT03942042
IXEKIZUMAB_PSORIASIS_AUTO_FULL_REVIEW.html,NCT01107457,22455413,,Leonardi C,2012,1190-1199,The New England journal of medicine,NCT NCT01107457: Percentage of Participants Achieving Psoriasis Area and Severity Index ≥75% (PASI 75) Improvement. Source: ClinicalTrials.gov registry (AACT-verified); publication resolved live via N,https://clinicaltrials.gov/study/NCT01107457
IXEKIZUMAB_PSORIASIS_AUTO_FULL_REVIEW.html,IXORA-S,32415575,,Wasel N,2020,663-670,Dermatology and therapy,NCT NCT02561806: Percentage of Participants With a ≥90% Improvement in Psoriasis Area and Severity Index (PASI 90) From Baseline. Source: ClinicalTrials.gov registry (AACT-verified); publication resol,https://clinicaltrials.gov/study/NCT02561806
IXEKIZUMAB_PSORIASIS_AUTO_FULL_REVIEW.html,UNCOVER-3,26072109,,Griffiths CE,2015,541-551,"Lancet (London, England)","NCT NCT01646177: Number of Participants Achieving a Static Physician Global Assessment (sPGA) of (0, 1) (Efficacy of Ixekizumab in Partic. Source: ClinicalTrials.gov registry (AACT-verified); publicat",https://clinicaltrials.gov/study/NCT01646177
KARXT_SCHIZO_AUTO_FULL_REVIEW.html,NCT04659161,38104575,,Kaul I,2024,160-170,"Lancet (London, England)",NCT NCT04659161: Change From Baseline in Positive and Negative Syndrome Scale (PANSS) Total Score at Week 5. Source: ClinicalTrials.gov registry (AACT-verified); publication resolved live via NCT.,https://clinicaltrials.gov/study/NCT04659161
KARXT_SCHIZO_AUTO_FULL_REVIEW.html,NCT04738123,38691387,,Kaul I,2024,749-756,JAMA psychiatry,NCT NCT04738123: Change From Baseline in Positive and Negative Syndrome Scale (PANSS) Total Score at Week 5. Source: ClinicalTrials.gov registry (AACT-verified); publication resolved live via NCT.,https://clinicaltrials.gov/study/NCT04738123
LANADELUMAB_HAE_AUTO_FULL_REVIEW.html,NCT04206605,40469312,,Riedl MA,2025,1502325,Frontiers in immunology,NCT NCT04206605: Number of Investigator-Confirmed Angioedema Attacks During the Treatment Period of Day 0 Through Day 182. Source: ClinicalTrials.gov registry (AACT-verified); publication resolved liv,https://clinicaltrials.gov/study/NCT04206605
LANADELUMAB_HAE_AUTO_FULL_REVIEW.html,SPRING,37730089,,Maurer M,2024,201-211,The journal of allergy and clinical immunology. In practice,NCT NCT04070326: Number of Participants With Adverse Events Including Serious Adverse Events (SAEs) and Adverse Events of Special Interes. Source: ClinicalTrials.gov registry (AACT-verified); publicat,https://clinicaltrials.gov/study/NCT04070326
LAPATINIB_BREAST_AUTO_FULL_REVIEW.html,NCT00770809,26527775,,Carey LA,2016,542-549,Journal of clinical oncology : official journal of the American Society of Clinical Oncology,NCT NCT00770809: pCR Rate. Source: ClinicalTrials.gov registry (AACT-verified); publication resolved live via NCT.,https://clinicaltrials.gov/study/NCT00770809
LAPATINIB_BREAST_AUTO_FULL_REVIEW.html,NCT00281658,23509322,,Guan Z,2013,1947-1953,Journal of clinical oncology : official journal of the American Society of Clinical Oncology,NCT NCT00281658: Overall Survival (OS) at 53 Months. Source: ClinicalTrials.gov registry (AACT-verified); publication resolved live via NCT.,https://clinicaltrials.gov/study/NCT00281658
LASMIDITAN_ACUTE_AUTO_FULL_REVIEW.html,GLADIATOR,31433669,,Brandes JL,2019,1343-1357,Cephalalgia : an international journal of headache,NCT NCT02565186: Number of Participants With at Least 1 Treatment Emergent Adverse Event. Source: ClinicalTrials.gov registry (AACT-verified); publication resolved live via NCT.,https://clinicaltrials.gov/study/NCT02565186
LASMIDITAN_ACUTE_AUTO_FULL_REVIEW.html,SPARTAN,31152441,,Tepper SJ,2019,1052-1062,Headache,NCT NCT02605174: Percentage of Participants Headache Pain Free at 2 Hours Post Dose. Source: ClinicalTrials.gov registry (AACT-verified); publication resolved live via NCT.,https://clinicaltrials.gov/study/NCT02605174
LASMIDITAN_ACUTE_AUTO_FULL_REVIEW.html,NCT03988088,33565026,,Tsai M,2021,819-828,Clinical pharmacokinetics,NCT NCT03988088: Pharmacokinetics (PK): Maximum Observed Drug Concentration (Cmax) of Lasmiditan. Source: ClinicalTrials.gov registry (AACT-verified); publication resolved live via NCT.,https://clinicaltrials.gov/study/NCT03988088
LASMIDITAN_ACUTE_AUTO_FULL_REVIEW.html,NCT00384774,20855362,,Ferrari MD,2010,1170-1178,Cephalalgia : an international journal of headache,NCT NCT00384774: Number of Participants With Headache Response at Two Hours After Initiation of Infusion of Study Drug. Source: ClinicalTrials.gov registry (AACT-verified); publication resolved live v,https://clinicaltrials.gov/study/NCT00384774
LASMIDITAN_ACUTE_AUTO_FULL_REVIEW.html,SAMURAI,30446595,,Kuca B,2018,e2222-e2232,Neurology,NCT NCT02439320: Percentage of Participants Who Are Headache Pain Free. Source: ClinicalTrials.gov registry (AACT-verified); publication resolved live via NCT.,https://clinicaltrials.gov/study/NCT02439320
LASMIDITAN_ACUTE_AUTO_FULL_REVIEW.html,NCT03670810,33541117,,Ashina M,2021,294-304,Cephalalgia : an international journal of headache,NCT NCT03670810: Percentage of Participants That Are Pain Free 2 Hours Postdose During the First Attack. Source: ClinicalTrials.gov registry (AACT-verified); publication resolved live via NCT.,https://clinicaltrials.gov/study/NCT03670810
LASMIDITAN_MIG_AUTO_FULL_REVIEW.html,GLADIATOR,31433669,,Brandes JL,2019,1343-1357,Cephalalgia : an international journal of headache,NCT NCT02565186: Number of Participants With at Least 1 Treatment Emergent Adverse Event. Source: ClinicalTrials.gov registry (AACT-verified); publication resolved live via NCT.,https://clinicaltrials.gov/study/NCT02565186
LASMIDITAN_MIG_AUTO_FULL_REVIEW.html,SPARTAN,31152441,,Tepper SJ,2019,1052-1062,Headache,NCT NCT02605174: Percentage of Participants Headache Pain Free at 2 Hours Post Dose. Source: ClinicalTrials.gov registry (AACT-verified); publication resolved live via NCT.,https://clinicaltrials.gov/study/NCT02605174
LASMIDITAN_MIG_AUTO_FULL_REVIEW.html,NCT03988088,33565026,,Tsai M,2021,819-828,Clinical pharmacokinetics,NCT NCT03988088: Pharmacokinetics (PK): Maximum Observed Drug Concentration (Cmax) of Lasmiditan. Source: ClinicalTrials.gov registry (AACT-verified); publication resolved live via NCT.,https://clinicaltrials.gov/study/NCT03988088
LASMIDITAN_MIG_AUTO_FULL_REVIEW.html,NCT00384774,20855362,,Ferrari MD,2010,1170-1178,Cephalalgia : an international journal of headache,NCT NCT00384774: Number of Participants With Headache Response at Two Hours After Initiation of Infusion of Study Drug. Source: ClinicalTrials.gov registry (AACT-verified); publication resolved live v,https://clinicaltrials.gov/study/NCT00384774
LASMIDITAN_MIG_AUTO_FULL_REVIEW.html,SAMURAI,30446595,,Kuca B,2018,e2222-e2232,Neurology,NCT NCT02439320: Percentage of Participants Who Are Headache Pain Free. Source: ClinicalTrials.gov registry (AACT-verified); publication resolved live via NCT.,https://clinicaltrials.gov/study/NCT02439320
LASMIDITAN_MIG_AUTO_FULL_REVIEW.html,NCT03670810,33541117,,Ashina M,2021,294-304,Cephalalgia : an international journal of headache,NCT NCT03670810: Percentage of Participants That Are Pain Free 2 Hours Postdose During the First Attack. Source: ClinicalTrials.gov registry (AACT-verified); publication resolved live via NCT.,https://clinicaltrials.gov/study/NCT03670810
LASMIDITAN_MIGRAINE_AUTO_FULL_REVIEW.html,GLADIATOR,31433669,,Brandes JL,2019,1343-1357,Cephalalgia : an international journal of headache,NCT NCT02565186: Number of Participants With at Least 1 Treatment Emergent Adverse Event. Source: ClinicalTrials.gov registry (AACT-verified); publication resolved live via NCT.,https://clinicaltrials.gov/study/NCT02565186
LASMIDITAN_MIGRAINE_AUTO_FULL_REVIEW.html,SPARTAN,31152441,,Tepper SJ,2019,1052-1062,Headache,NCT NCT02605174: Percentage of Participants Headache Pain Free at 2 Hours Post Dose. Source: ClinicalTrials.gov registry (AACT-verified); publication resolved live via NCT.,https://clinicaltrials.gov/study/NCT02605174
LASMIDITAN_MIGRAINE_AUTO_FULL_REVIEW.html,NCT03988088,33565026,,Tsai M,2021,819-828,Clinical pharmacokinetics,NCT NCT03988088: Pharmacokinetics (PK): Maximum Observed Drug Concentration (Cmax) of Lasmiditan. Source: ClinicalTrials.gov registry (AACT-verified); publication resolved live via NCT.,https://clinicaltrials.gov/study/NCT03988088
LASMIDITAN_MIGRAINE_AUTO_FULL_REVIEW.html,NCT00384774,20855362,,Ferrari MD,2010,1170-1178,Cephalalgia : an international journal of headache,NCT NCT00384774: Number of Participants With Headache Response at Two Hours After Initiation of Infusion of Study Drug. Source: ClinicalTrials.gov registry (AACT-verified); publication resolved live v,https://clinicaltrials.gov/study/NCT00384774
LASMIDITAN_MIGRAINE_AUTO_FULL_REVIEW.html,SAMURAI,30446595,,Kuca B,2018,e2222-e2232,Neurology,NCT NCT02439320: Percentage of Participants Who Are Headache Pain Free. Source: ClinicalTrials.gov registry (AACT-verified); publication resolved live via NCT.,https://clinicaltrials.gov/study/NCT02439320
LASMIDITAN_MIGRAINE_AUTO_FULL_REVIEW.html,NCT03670810,33541117,,Ashina M,2021,294-304,Cephalalgia : an international journal of headache,NCT NCT03670810: Percentage of Participants That Are Pain Free 2 Hours Postdose During the First Attack. Source: ClinicalTrials.gov registry (AACT-verified); publication resolved live via NCT.,https://clinicaltrials.gov/study/NCT03670810
LAZERTINIB_LUNG_AUTO_FULL_REVIEW.html,MARIPOSA,34911336,,Cho BC,2022,639-647,"Future oncology (London, England)",NCT NCT04487080: Progression-Free Survival (PFS) According to Response Evaluation Criteria in Solid Tumors (RECIST) Version 1.1 as Assess. Source: ClinicalTrials.gov registry (AACT-verified); publicat,https://clinicaltrials.gov/study/NCT04487080
LAZERTINIB_LUNG_AUTO_FULL_REVIEW.html,NCT04248829,37379502,,Cho BC,2023,4208-4217,Journal of clinical oncology : official journal of the American Society of Clinical Oncology,NCT NCT04248829: Progression-Free Survival (PFS) According to RECIST v1.1 by Investigator Assessment. Source: ClinicalTrials.gov registry (AACT-verified); publication resolved live via NCT.,https://clinicaltrials.gov/study/NCT04248829
LEBRIKIZUMAB_AD_AUTO_FULL_REVIEW.html,NCT04626297,39009804,,Soung J,2024,2181-2193,Dermatology and therapy,NCT NCT04626297: Percentage of Participants Who Develop a Booster Response to Tetanus Toxoid 4 Weeks After Tdap (Tetanus-diphtheria-pertu. Source: ClinicalTrials.gov registry (AACT-verified); publicat,https://clinicaltrials.gov/study/NCT04626297
LEBRIKIZUMAB_AD_AUTO_FULL_REVIEW.html,ADjoin,40549127,,Guttman-Yassky E,2025,2217-2232,Dermatology and therapy,NCT NCT04392154: Primary Treatment Period: Percentage of Participants Discontinued From Study Treatment Due to Adverse Events. Source: ClinicalTrials.gov registry (AACT-verified); publication resolved,https://clinicaltrials.gov/study/NCT04392154
LEBRIKIZUMAB_AD_AUTO_FULL_REVIEW.html,NCT03443024,32101256,,Guttman-Yassky E,2020,411-420,JAMA dermatology,NCT NCT03443024: Percent Change From Baseline in Eczema Area and Severity Index (EASI). Source: ClinicalTrials.gov registry (AACT-verified); publication resolved live via NCT.,https://clinicaltrials.gov/study/NCT03443024
LEDIPASVIR_HCV_AUTO_FULL_REVIEW.html,NCT02421211,28971875,,Bourgeois S,2017,,Antimicrobial agents and chemotherapy,NCT NCT02421211: Minimum Plasma Concentration (Cmin) of Simeprevir (SMV). Source: ClinicalTrials.gov registry (AACT-verified); publication resolved live via NCT.,https://clinicaltrials.gov/study/NCT02421211
LEDIPASVIR_HCV_AUTO_FULL_REVIEW.html,NCT02605304,29091342,,Tam E,2018,1010-1021,Liver international : official journal of the International Association for the Study of the Liver,NCT NCT02605304: Percentage of Participants With Sustained Virologic Response at 12 Weeks After Treatment Discontinuation (SVR12). Source: ClinicalTrials.gov registry (AACT-verified); publication reso,https://clinicaltrials.gov/study/NCT02605304
LEFAMULIN_CABP_AUTO_FULL_REVIEW.html,LEAP2,31560372,,Alexander E,2019,1661-1671,JAMA,NCT NCT02813694: Early Clinical Response (ECR). Source: ClinicalTrials.gov registry (AACT-verified); publication resolved live via NCT.,https://clinicaltrials.gov/study/NCT02813694
LEFAMULIN_CABP_AUTO_FULL_REVIEW.html,LEAP,30722059,,File TM,2019,1856-1867,Clinical infectious diseases : an official publication of the Infectious Diseases Society of America,NCT NCT02559310: Early Clinical Response (ECR). Source: ClinicalTrials.gov registry (AACT-verified); publication resolved live via NCT.,https://clinicaltrials.gov/study/NCT02559310
LEFAMULIN_CAP_AUTO_FULL_REVIEW.html,LEAP2,31560372,,Alexander E,2019,1661-1671,JAMA,NCT NCT02813694: Early Clinical Response (ECR). Source: ClinicalTrials.gov registry (AACT-verified); publication resolved live via NCT.,https://clinicaltrials.gov/study/NCT02813694
LEFAMULIN_CAP_AUTO_FULL_REVIEW.html,LEAP,30722059,,File TM,2019,1856-1867,Clinical infectious diseases : an official publication of the Infectious Diseases Society of America,NCT NCT02559310: Early Clinical Response (ECR). Source: ClinicalTrials.gov registry (AACT-verified); publication resolved live via NCT.,https://clinicaltrials.gov/study/NCT02559310
LENACAPAVIR_HIV_AUTO_FULL_REVIEW.html,NCT04811040,40176256,,Eron JJ,2025,1440-1444,The Journal of infectious diseases,NCT NCT04811040: Primary Cohort: Percentage of Participants Experiencing Treatment-Emergent Serious Adverse Events (SAEs). Source: ClinicalTrials.gov registry (AACT-verified); publication resolved liv,https://clinicaltrials.gov/study/NCT04811040
LENACAPAVIR_HIV_AUTO_FULL_REVIEW.html,NCT03739866,32612233,,Link JO,2020,614-618,Nature,NCT NCT03739866: Part A and Part B: Maximum Reduction From Day 1 (Baseline) Through Day 10 in Plasma HIV-1 RNA. Source: ClinicalTrials.gov registry (AACT-verified); publication resolved live via NCT.,https://clinicaltrials.gov/study/NCT03739866
LESINURAD_GOUT_AUTO_FULL_REVIEW.html,LIGHT,29029210,,Tausche AK,2017,2170-2178,"Rheumatology (Oxford, England)",NCT NCT01508702: Number of Subjects With an sUA Level That is < 6.0 mg/dL. Source: ClinicalTrials.gov registry (AACT-verified); publication resolved live via NCT.,https://clinicaltrials.gov/study/NCT01508702
LESINURAD_GOUT_AUTO_FULL_REVIEW.html,CLEAR 2,27821644,,Bardin T,2017,811-820,Annals of the rheumatic diseases,NCT NCT01493531: Subjects With a Serum Urate (sUA) < 6.0 mg/dL by Month 6.. Source: ClinicalTrials.gov registry (AACT-verified); publication resolved live via NCT.,https://clinicaltrials.gov/study/NCT01493531
LEVOMILNACIPRAN_DEPRESSION_AUTO_FULL_REVIEW.html,LMIL,31332902,,Krause-Sorio B,2020,140-148,Psychogeriatrics : the official journal of the Japanese Psychogeriatric Society,NCT NCT02466958: Hamilton Depression Rating Scale (HDRS) Scores 24. Source: ClinicalTrials.gov registry (AACT-verified); publication resolved live via NCT.,https://clinicaltrials.gov/study/NCT02466958
LEVOMILNACIPRAN_DEPRESSION_AUTO_FULL_REVIEW.html,NCT03569475,38700708,,Radecki DT,2024,241-250,Journal of child and adolescent psychopharmacology,NCT NCT03569475: Change From Baseline in Children's Depression Rating Scale- Revised (CDRS-R). Source: ClinicalTrials.gov registry (AACT-verified); publication resolved live via NCT.,https://clinicaltrials.gov/study/NCT03569475
LEVOMILNACIPRAN_DEPRESSION_AUTO_FULL_REVIEW.html,NCT01034462,24172209,,Sambunaris A,2014,47-56,Journal of clinical psychopharmacology,NCT NCT01034462: Change in Montgomery-Asberg Depression Rating Scale (MADRS) Total Score. Source: ClinicalTrials.gov registry (AACT-verified); publication resolved live via NCT.,https://clinicaltrials.gov/study/NCT01034462
LEVOMILNACIPRAN_DEPRESSION_AUTO_FULL_REVIEW.html,NCT00969150,26644957,,Cutler AJ,2015,,The primary care companion for CNS disorders,NCT NCT00969150: Change in Montgomery-Asberg Depression Rating Scale (MADRS) Total Score. Source: ClinicalTrials.gov registry (AACT-verified); publication resolved live via NCT.,https://clinicaltrials.gov/study/NCT00969150
LEVOMILNACIPRAN_DEPRESSION_AUTO_FULL_REVIEW.html,NCT00969709,23561229,,Asnis GM,2013,242-248,The Journal of clinical psychiatry,NCT NCT00969709: Change in Montgomery-Åsberg Depression Rating Scale (MADRS) Total Score. Source: ClinicalTrials.gov registry (AACT-verified); publication resolved live via NCT.,https://clinicaltrials.gov/study/NCT00969709
LIGELIZUMAB_URTICARIA_AUTO_2_FULL_REVIEW.html,NCT03580369,38008109,,Maurer M,2024,147-159,"Lancet (London, England)",NCT NCT03580369: Mean Change From Baseline in UAS7 at Week 12 (Multiple Imputation) of Adult Subjects. Source: ClinicalTrials.gov registry (AACT-verified); publication resolved live via NCT.,https://clinicaltrials.gov/study/NCT03580369
LIGELIZUMAB_URTICARIA_AUTO_2_FULL_REVIEW.html,NCT03580356,38008109,,Maurer M,2024,147-159,"Lancet (London, England)",NCT NCT03580356: Mean Change From Baseline in UAS7 at Week 12 (Multiple Imputation) of Adult Subjects. Source: ClinicalTrials.gov registry (AACT-verified); publication resolved live via NCT.,https://clinicaltrials.gov/study/NCT03580356
LIGELIZUMAB_URTICARIA_AUTO_2_FULL_REVIEW.html,NCT03437278,37492920,,Staubach P,2023,e13982,Pediatric allergy and immunology : official publication of the European Society of Pediatric Allergy and Immunology,NCT NCT03437278: Change From Baseline of Weekly Urticaria Activity Score (UAS7) at Week 24. Source: ClinicalTrials.gov registry (AACT-verified); publication resolved live via NCT.,https://clinicaltrials.gov/study/NCT03437278
LIGELIZUMAB_URTICARIA_AUTO_FULL_REVIEW.html,NCT03580369,38008109,,Maurer M,2024,147-159,"Lancet (London, England)",NCT NCT03580369: Mean Change From Baseline in UAS7 at Week 12 (Multiple Imputation) of Adult Subjects. Source: ClinicalTrials.gov registry (AACT-verified); publication resolved live via NCT.,https://clinicaltrials.gov/study/NCT03580369
LIGELIZUMAB_URTICARIA_AUTO_FULL_REVIEW.html,NCT03580356,38008109,,Maurer M,2024,147-159,"Lancet (London, England)",NCT NCT03580356: Mean Change From Baseline in UAS7 at Week 12 (Multiple Imputation) of Adult Subjects. Source: ClinicalTrials.gov registry (AACT-verified); publication resolved live via NCT.,https://clinicaltrials.gov/study/NCT03580356
LIGELIZUMAB_URTICARIA_AUTO_FULL_REVIEW.html,NCT03437278,37492920,,Staubach P,2023,e13982,Pediatric allergy and immunology : official publication of the European Society of Pediatric Allergy and Immunology,NCT NCT03437278: Change From Baseline of Weekly Urticaria Activity Score (UAS7) at Week 24. Source: ClinicalTrials.gov registry (AACT-verified); publication resolved live via NCT.,https://clinicaltrials.gov/study/NCT03437278
LINEZOLID_MRSA_AUTO_FULL_REVIEW.html,ZEPHYR,24011955,,Puzniak LA,2013,1557-1570,Clinical therapeutics,NCT NCT00084266: Clinical Outcome in Participants With Baseline Methicillin Resistant Staphylococcus Aureus (MRSA) at End of Study (EOS) . Source: ClinicalTrials.gov registry (AACT-verified); publicat,https://clinicaltrials.gov/study/NCT00084266
LINEZOLID_MRSA_AUTO_FULL_REVIEW.html,NCT00087490,22770644,,Itani KM,2012,1667-1673,Clinical therapeutics,NCT NCT00087490: Clinical Outcome in Participants With Baseline Methicillin-Resistant Staphylococcus Aureus (MRSA) at End of Study (EOS) . Source: ClinicalTrials.gov registry (AACT-verified); publicat,https://clinicaltrials.gov/study/NCT00087490
LINEZOLID_TB_AUTO_FULL_REVIEW.html,NCT00396084,16776446,,Johnson JL,2006,605-612,The international journal of tuberculosis and lung disease : the official journal of the International Union against Tuberculosis and Lung Disease,NCT NCT00396084: Sputum Bacillary Loads: Adjusted Area Under the Curve (aAUC). Source: ClinicalTrials.gov registry (AACT-verified); publication resolved live via NCT.,https://clinicaltrials.gov/study/NCT00396084
LINEZOLID_TB_AUTO_FULL_REVIEW.html,MDR-END,30651149,,Lee M,2019,57,Trials,NCT NCT02619994: Treatment Success Rate. Source: ClinicalTrials.gov registry (AACT-verified); publication resolved live via NCT.,https://clinicaltrials.gov/study/NCT02619994
LISINOPRIL_HTN_AUTO_FULL_REVIEW.html,CALIBREX,32761160,,Hajjar I,2020,e2012252,JAMA network open,NCT NCT01984164: Executive Function. Source: ClinicalTrials.gov registry (AACT-verified); publication resolved live via NCT.,https://clinicaltrials.gov/study/NCT01984164
LISINOPRIL_HTN_AUTO_FULL_REVIEW.html,NCT00347360,20883227,,Bakris GL,2010,678-686,"Journal of clinical hypertension (Greenwich, Conn.)",NCT NCT00347360: Change From Baseline to Week 6 in 24 Hour (hr) Mean Diastolic Blood Pressure. Source: ClinicalTrials.gov registry (AACT-verified); publication resolved live via NCT.,https://clinicaltrials.gov/study/NCT00347360
LIXISENATIDE_T2D_AUTO_FULL_REVIEW.html,NCT01596504,25887358,,Meier JJ,2015,1263-1273,Diabetes care,NCT NCT01596504: Change From Baseline to Day 56 in Plasma Glucose Corrected Area Under The Plasma Concentration-Time Curve (AUC) From Tim. Source: ClinicalTrials.gov registry (AACT-verified); publicat,https://clinicaltrials.gov/study/NCT01596504
LIXISENATIDE_T2D_AUTO_FULL_REVIEW.html,NCT01476475,27284114,,Rosenstock J,2016,1579-1586,Diabetes care,NCT NCT01476475: Change in HbA1c From Baseline to Week 24. Source: ClinicalTrials.gov registry (AACT-verified); publication resolved live via NCT.,https://clinicaltrials.gov/study/NCT01476475
LORATADINE_RHIN_AUTO_FULL_REVIEW.html,NCT00960141,15049402,,Chervinsky P,2004,367-373,"Annals of allergy, asthma & immunology : official publication of the American College of Allergy, Asthma, & Immunology",NCT NCT00960141: Mean Change From Baseline in Daytime Nasal Symptoms Score. Source: ClinicalTrials.gov registry (AACT-verified); publication resolved live via NCT.,https://clinicaltrials.gov/study/NCT00960141
LORATADINE_RHIN_AUTO_FULL_REVIEW.html,NCT02478398,32304832,,Nolte H,2020,2322-2331,The journal of allergy and clinical immunology. In practice,NCT NCT02478398: Total Combined Score (TCS) During the Peak Ragweed Season (RS). Source: ClinicalTrials.gov registry (AACT-verified); publication resolved live via NCT.,https://clinicaltrials.gov/study/NCT02478398
LUMASIRAN_PH1_AUTO_FULL_REVIEW.html,ILLUMINATE-A,33789010,,Garrelfs SF,2021,1216-1226,The New England journal of medicine,NCT NCT03681184: Percent Change in 24-hour Urinary Oxalate Excretion Corrected for Body Surface Area (BSA) From Baseline to Month 6. Source: ClinicalTrials.gov registry (AACT-verified); publication re,https://clinicaltrials.gov/study/NCT03681184
LUMASIRAN_PH1_AUTO_FULL_REVIEW.html,ILLUMINATE-C,35843439,,Michael M,2023,145-155,American journal of kidney diseases : the official journal of the National Kidney Foundation,NCT NCT04152200: Cohort A: Percent Change in Plasma Oxalate From Baseline to Month 6. Source: ClinicalTrials.gov registry (AACT-verified); publication resolved live via NCT.,https://clinicaltrials.gov/study/NCT04152200
LURASIDONE_SCHIZ_AUTO_FULL_REVIEW.html,HDL,31706786,,Karpouzian-Rogers T,2020,314-321,Schizophrenia research,NCT NCT01569659: Change in Positive Symptoms of Schizophrenia. Source: ClinicalTrials.gov registry (AACT-verified); publication resolved live via NCT.,https://clinicaltrials.gov/study/NCT01569659
LURASIDONE_SCHIZ_AUTO_FULL_REVIEW.html,NCT00549718,23421963,,Nasrallah HA,2013,670-677,Journal of psychiatric research,NCT NCT00549718: Change in Total PANSS Score From Baseline to the End of the Double Blind Phase. Source: ClinicalTrials.gov registry (AACT-verified); publication resolved live via NCT.,https://clinicaltrials.gov/study/NCT00549718
MAGROLIMAB_AML_AUTO_FULL_REVIEW.html,ENHANCE-2,37703506,,Daver NG,2023,4893-4904,Journal of clinical oncology : official journal of the American Society of Clinical Oncology,NCT NCT04778397: Overall Survival (OS) in Participants Appropriate for Non-intensive Therapy. Source: ClinicalTrials.gov registry (AACT-verified); publication resolved live via NCT.,https://clinicaltrials.gov/study/NCT04778397
MAGROLIMAB_AML_AUTO_FULL_REVIEW.html,ENHANCE,36888930,,Sallman DA,2023,2815-2826,Journal of clinical oncology : official journal of the American Society of Clinical Oncology,NCT NCT04313881: Percentage of Participants With Complete Remission (CR). Source: ClinicalTrials.gov registry (AACT-verified); publication resolved live via NCT.,https://clinicaltrials.gov/study/NCT04313881
MAGROLIMAB_AML_AUTO_FULL_REVIEW.html,ENHANCE-3,37703506,,Daver NG,2023,4893-4904,Journal of clinical oncology : official journal of the American Society of Clinical Oncology,NCT NCT05079230: Overall Survival (OS). Source: ClinicalTrials.gov registry (AACT-verified); publication resolved live via NCT.,https://clinicaltrials.gov/study/NCT05079230
MARALIXIBAT_PFIC_REVIEW_FULL_REVIEW.html,MARCH-PFIC,38723644,,Miethke AG,2024,620-631,The lancet. Gastroenterology & hepatology,NCT NCT03905330: Mean Change in the Average Morning ItchRO(Obs) Severity Score in the Primary Cohort. Source: ClinicalTrials.gov registry (AACT-verified); publication resolved live via NCT.,https://clinicaltrials.gov/study/NCT03905330
MARIBAVIR_CMV_AUTO_FULL_REVIEW.html,NCT01611974,23870704,,Schubert A,2013,330,BMC infectious diseases,NCT NCT01611974: Number of Participants With Confirmed Undetectable Plasma Cytomegalovirus (CMV) Within 6 Weeks. Source: ClinicalTrials.gov registry (AACT-verified); publication resolved live via NCT.,https://clinicaltrials.gov/study/NCT01611974
MARIBAVIR_CMV_AUTO_FULL_REVIEW.html,NCT02927067,37899366,,Stewart AG,2024,884-897,Transplantation,NCT NCT02927067: Number of Participants Who Achieved Confirmed Clearance of Plasma Cytomegalovirus (CMV) Deoxyribose Nucleic Acid (DNA) a. Source: ClinicalTrials.gov registry (AACT-verified); publicat,https://clinicaltrials.gov/study/NCT02927067
MARIBAVIR_CMV_AUTO_FULL_REVIEW.html,NCT00497796,38700045,,Vernooij RW,2024,CD003774,The Cochrane database of systematic reviews,NCT NCT00497796: Number of Participants With Endpoint Committee (EC)-Confirmed Cytomegalovirus (CMV) Disease Within 6 Months Post-Transpl. Source: ClinicalTrials.gov registry (AACT-verified); publicat,https://clinicaltrials.gov/study/NCT00497796
MARIBAVIR_CMV_AUTO_FULL_REVIEW.html,NCT02931539,33811823,,Del Pozo Martín Y,2021,e317-e318,The Lancet. Haematology,NCT NCT02931539: Percentage of Participants Who Achieved Confirmed Clearance of Plasma Cytomegalovirus (CMV) Deoxyribonucleic Acid (DNA) . Source: ClinicalTrials.gov registry (AACT-verified); publicat,https://clinicaltrials.gov/study/NCT02931539
MAVACAMTEN_HCM_REVIEW.html,EXPLORER-HCM,32871100,,Olivotto I,2020,759-769,"Lancet (London, England)",Lancet 2020; 396(10261):759-769,https://www.thelancet.com/journals/lancet/article/PIIS0140-6736(20)31792-X/fulltext
MAVACAMTEN_HCM_REVIEW.html,VALOR-HCM,37639243,YEAR_MISMATCH;PAGE_MISMATCH;JOURNAL_MISMATCH,Desai MY,2023,968-977,JAMA cardiology,Lancet 2022; 400(10358):1109-1119,https://www.thelancet.com/journals/lancet/article/PIIS0140-6736(22)01379-5/fulltext
MAVACAMTEN_HCM_REVIEW.html,MAVA-LTE,38176782,YEAR_MISMATCH;PAGE_MISMATCH,Rader F,2024,164-177,JACC. Heart failure,JACC 2023; 81(18):1759-1770,https://www.jacc.org/doi/full/10.1016/j.jacc.2023.03.009
MAVACAMTEN_HCM_REVIEW.html,Chinese Phase 3,37336533,,Tian Z,2023,e071473,BMJ open,JACC 2023 (Chinese Phase 3 trial report),https://clinicaltrials.gov/study/NCT05174416
MAVACAMTEN_OHCM_AUTO_FULL_REVIEW.html,MAVERICK-HCM,32466879,,Ho CY,2020,2649-2660,Journal of the American College of Cardiology,NCT NCT03442764: Percentage of Participants Who Experienced at Least One Treatment Emergent Adverse Event (TEAE). Source: ClinicalTrials.gov registry (AACT-verified); publication resolved live via NCT,https://clinicaltrials.gov/study/NCT03442764
MAVACAMTEN_OHCM_AUTO_FULL_REVIEW.html,EXPLORER-HCM,32871100,,Olivotto I,2020,759-769,"Lancet (London, England)",NCT NCT03470545: Percentage of Participants Achieving A Clinical Response. Source: ClinicalTrials.gov registry (AACT-verified); publication resolved live via NCT.,https://clinicaltrials.gov/study/NCT03470545
MEDITERRANEAN_DIET_CV_REVIEW.html,PREDIMED (Estruch 2018 reanalysis),29897866,,Estruch R,2018,e34,The New England journal of medicine,"Source: Estruch R, Ros E, Salas-Salvado J, et al. Primary Prevention of Cardiovascular Disease with a Mediterranean Diet Supplemented with Extra-Virgin Olive Oil or Nuts (REANALYSIS). NEJM 2018;378:e3",https://doi.org/10.1056/NEJMoa1800389
MEDITERRANEAN_DIET_CV_REVIEW.html,PREDIMED-Plus (Salas-Salvado 2024),38924767,AUTHOR_MISMATCH;PAGE_MISMATCH,Toussia-Cohen S,2024,722-729,Journal of perinatal medicine,"Source: Salas-Salvado J, Diaz-Lopez A, Becerra-Tomas N, et al. Effect of an Intensive Lifestyle Intervention with Energy-Reduced Mediterranean Diet on Cardiovascular Disease (PREDIMED-Plus). Lancet 20",https://doi.org/10.1016/S0140-6736(24)00822-0
MELPHALAN_FLUFENAMIDE_AUTO_FULL_REVIEW.html,NCT01897714,32213344,,Richardson PG,2020,e395-e407,The Lancet. Haematology,NCT NCT01897714: Percentage of Patients Who Achieved Best Overall Disease Response. Source: ClinicalTrials.gov registry (AACT-verified); publication resolved live via NCT.,https://clinicaltrials.gov/study/NCT01897714
MELPHALAN_FLUFENAMIDE_AUTO_FULL_REVIEW.html,LIGHTHOUSE,37646657,,Ocio EM,2024,867-876,Haematologica,NCT NCT04649060: Progression Free Survival (PFS). Source: ClinicalTrials.gov registry (AACT-verified); publication resolved live via NCT.,https://clinicaltrials.gov/study/NCT04649060
MELPHALAN_FLUFENAMIDE_AUTO_FULL_REVIEW.html,OCEAN,35032434,,Schjesvold FH,2022,e98-e110,The Lancet. Haematology,NCT NCT03151811: Progression Free Survival (PFS). Source: ClinicalTrials.gov registry (AACT-verified); publication resolved live via NCT.,https://clinicaltrials.gov/study/NCT03151811
MEMANTINE_DEMENTIA_AUTO_FULL_REVIEW.html,NCT00857649,23472619,,Herrmann N,2013,919-927,International psychogeriatrics,NCT NCT00857649: Efficacy of Memantine on Behavioural Symptoms in Outpatients With Moderate to Severe Dementia of the Alzheimer's Type Us. Source: ClinicalTrials.gov registry (AACT-verified); publicat,https://clinicaltrials.gov/study/NCT00857649
MEMANTINE_DEMENTIA_AUTO_FULL_REVIEW.html,MONANTI,40034344,,Fischer MHF,2024,1516-1528,Journal of Alzheimer's disease reports,NCT NCT04117178: Change of Mini Mental State Examination (MMSE) Test Result. Source: ClinicalTrials.gov registry (AACT-verified); publication resolved live via NCT.,https://clinicaltrials.gov/study/NCT04117178
MEN_ACWY_AUTO_FULL_REVIEW.html,NCT00465816,22107850,,Østergaard L,2012,774-783,Vaccine,"NCT NCT00465816: Meningococcal Polysaccharide A Serum Bactericidal Antibodies/Assay, Using Baby Rabbit Complement for Assay (rSBA-MenA), . Source: ClinicalTrials.gov registry (AACT-verified); publicat",https://clinicaltrials.gov/study/NCT00465816
MEN_ACWY_AUTO_FULL_REVIEW.html,NCT02810340,30120069,,Chen WH,2018,1088-1096,The Lancet. Infectious diseases,NCT NCT02810340: Number and Percentage of Participants Experiencing Solicited Events. Source: ClinicalTrials.gov registry (AACT-verified); publication resolved live via NCT.,https://clinicaltrials.gov/study/NCT02810340
MEN_ACWY_AUTO_FULL_REVIEW.html,NCT03587207,34787449,,Beran J,2021,e0055321,mSphere,NCT NCT03587207: Human Serum Bactericidal Activity (hSBA) Adjusted Geometric Mean Titers (GMTs) Against All of N. Meningitidis Serogroup . Source: ClinicalTrials.gov registry (AACT-verified); publicat,https://clinicaltrials.gov/study/NCT03587207
MEN_ACWY_AUTO_FULL_REVIEW.html,NCT00614614,25152325,,Leonardi M,2015,933-941,Vaccine,NCT NCT00614614: Number of Subjects With Serum Bactericidal Activity Using Human Complement (hSBA) Antibody Titers for N. Meningitidis Se. Source: ClinicalTrials.gov registry (AACT-verified); publicat,https://clinicaltrials.gov/study/NCT00614614
MENACWY_BOOSTER_AUTO_FULL_REVIEW.html,NCT02810340,30120069,,Chen WH,2018,1088-1096,The Lancet. Infectious diseases,NCT NCT02810340: Number and Percentage of Participants Experiencing Solicited Events. Source: ClinicalTrials.gov registry (AACT-verified); publication resolved live via NCT.,https://clinicaltrials.gov/study/NCT02810340
MENACWY_BOOSTER_AUTO_FULL_REVIEW.html,NCT01359449,25285126,,Noya F,2014,211-216,The Canadian journal of infectious diseases & medical microbiology = Journal canadien des maladies infectieuses et de la microbiologie medicale,NCT NCT01359449: Geometric Mean Titers of Serum Bovine Albumin Baby Rabbit Titers Following Vaccination With Either One Dose of Menactra®. Source: ClinicalTrials.gov registry (AACT-verified); publicat,https://clinicaltrials.gov/study/NCT01359449
MENACYW_HEALTHY_VOLUNTEERS_AUTO_FULL_REVIEW.html,NCT03537508,41337697,,Campbell JD,2025,2588874,Human vaccines & immunotherapeutics,NCT NCT03537508: Groups 1a and 2a: Percentage of Participants With Vaccine Seroresponse Measured by Serum Bactericidal Assay Using Human . Source: ClinicalTrials.gov registry (AACT-verified); publicat,https://clinicaltrials.gov/study/NCT03537508
MENACYW_HEALTHY_VOLUNTEERS_AUTO_FULL_REVIEW.html,NCT03691610,41792337,,Duffy C,2026,,Pediatric research,NCT NCT03691610: Infants Groups 1 and 2: Percentage of Participants With Vaccine Seroresponse Measured by Serum Bactericidal Assay Using . Source: ClinicalTrials.gov registry (AACT-verified); publicat,https://clinicaltrials.gov/study/NCT03691610
MENVEO_MEN_AUTO_FULL_REVIEW.html,NCT02842866,32387012,,Esteves-Jaramillo A,2020,4405-4411,Vaccine,"NCT NCT02842866: Percentage of Participants With Vaccine Seroresponse for Meningococcal Serogroups A, C, Y, and W Following Vaccination W. Source: ClinicalTrials.gov registry (AACT-verified); publicat",https://clinicaltrials.gov/study/NCT02842866
MENVEO_MEN_AUTO_FULL_REVIEW.html,NCT00771849,16417952,,El Bashir H,2006,2544-2549,Vaccine,NCT NCT00771849: Geometric Mean of Antibody Titers (GMTs) as Measured by Serum Bactericidal Assay (SBA) at Baseline (Day 0) and Day 28 Po. Source: ClinicalTrials.gov registry (AACT-verified); publicat,https://clinicaltrials.gov/study/NCT00771849
MENVEO_MEN_AUTO_FULL_REVIEW.html,NCT00465816,22107850,,Østergaard L,2012,774-783,Vaccine,"NCT NCT00465816: Meningococcal Polysaccharide A Serum Bactericidal Antibodies/Assay, Using Baby Rabbit Complement for Assay (rSBA-MenA), . Source: ClinicalTrials.gov registry (AACT-verified); publicat",https://clinicaltrials.gov/study/NCT00465816
MEPOLIZUMAB_ASTHMA_AUTO_FULL_REVIEW.html,NCT01691508,25199060,,Bel EH,2014,1189-1197,The New England journal of medicine,NCT NCT01691508: Number of Participants With the Indicated Percent Reduction From Baseline in Oral Corticosteroid (OCS) Dose During Weeks. Source: ClinicalTrials.gov registry (AACT-verified); publicat,https://clinicaltrials.gov/study/NCT01691508
MEPOLIZUMAB_ASTHMA_AUTO_FULL_REVIEW.html,IMPOSE,40551802,,Kotsiou OS,2025,,ERJ open research,NCT NCT05147155: Airway Resistance at 5 Hz (R5) at Baseline (Pre-mepolizumab Initiation). Source: ClinicalTrials.gov registry (AACT-verified); publication resolved live via NCT.,https://clinicaltrials.gov/study/NCT05147155
MEROPENEM_AUTO_FULL_REVIEW.html,CARE,31254273,,Kuti JL,2019,383-396,Infectious diseases and therapy,NCT NCT01970371: Percentage of Patients With All Cause Mortality (ACM) at Day 28 or Significant Disease-Related Complication (SDRC) in th. Source: ClinicalTrials.gov registry (AACT-verified); publicat,https://clinicaltrials.gov/study/NCT01970371
MEROPENEM_AUTO_FULL_REVIEW.html,APEKS-NP,33058798,,Wunderink RG,2021,213-225,The Lancet. Infectious diseases,NCT NCT03032380: All-cause Mortality Rate at Day 14. Source: ClinicalTrials.gov registry (AACT-verified); publication resolved live via NCT.,https://clinicaltrials.gov/study/NCT03032380
MEROPENEM_AUTO_FULL_REVIEW.html,NCT01570192,29038277,,Drusano GL,2018,,Antimicrobial agents and chemotherapy,NCT NCT01570192: Number of Participants With Suppression and Emergence of Resistance. Source: ClinicalTrials.gov registry (AACT-verified); publication resolved live via NCT.,https://clinicaltrials.gov/study/NCT01570192
METFORMIN_T2D_AUTO_FULL_REVIEW.html,NCT00482729,21410627,,Reasner C,2011,644-652,"Diabetes, obesity & metabolism",NCT NCT00482729: Change From Baseline in Hemoglobin A1c (A1C) at Week 18. Source: ClinicalTrials.gov registry (AACT-verified); publication resolved live via NCT.,https://clinicaltrials.gov/study/NCT00482729
METFORMIN_T2D_AUTO_FULL_REVIEW.html,NCT01704261,29110647,,Lee SH,2017,70,BMC endocrine disorders,NCT NCT01704261: Change From Baseline in Hemoglobin A1c (A1C) at Week 24. Source: ClinicalTrials.gov registry (AACT-verified); publication resolved live via NCT.,https://clinicaltrials.gov/study/NCT01704261
METFORMIN_T2D_AUTO_FULL_REVIEW.html,NCT01596504,25887358,,Meier JJ,2015,1263-1273,Diabetes care,NCT NCT01596504: Change From Baseline to Day 56 in Plasma Glucose Corrected Area Under The Plasma Concentration-Time Curve (AUC) From Tim. Source: ClinicalTrials.gov registry (AACT-verified); publicat,https://clinicaltrials.gov/study/NCT01596504
METHADONE_OUD_AUTO_FULL_REVIEW.html,NCT04491968,38061786,,Cooperman NA,2024,338-346,JAMA psychiatry,NCT NCT04491968: Drug Relapse Through 16-weeks.. Source: ClinicalTrials.gov registry (AACT-verified); publication resolved live via NCT.,https://clinicaltrials.gov/study/NCT04491968
METHADONE_OUD_AUTO_FULL_REVIEW.html,NCT04214834,37480087,,Czynski A,2023,466,Trials,NCT NCT04214834: Days of Opioid Treatment From First Wean to Cessation. Source: ClinicalTrials.gov registry (AACT-verified); publication resolved live via NCT.,https://clinicaltrials.gov/study/NCT04214834
METHYLNALTREXONE_OIC_AUTO_FULL_REVIEW.html,NCT01186770,33788162,,Liao SS,2021,503-511,Drugs & aging,NCT NCT01186770: Average Percentage of Dosing Days That Resulted in Rescue-Free Bowel Movements (RFBMs) Within 4 Hours of Dosing During W. Source: ClinicalTrials.gov registry (AACT-verified); publicat,https://clinicaltrials.gov/study/NCT01186770
METHYLNALTREXONE_OIC_AUTO_FULL_REVIEW.html,NCT00640146,21998076,,Anissian L,2012,67-72,Journal of hospital medicine,NCT NCT00640146: Percentage of Participants With Laxation Response Within 2 Hours of the First Dose. Source: ClinicalTrials.gov registry (AACT-verified); publication resolved live via NCT.,https://clinicaltrials.gov/study/NCT00640146
MILNACIPRAN_FIBRO_AUTO_FULL_REVIEW.html,NCT01014585,23953493,,Clauw DJ,2013,R88,Arthritis research & therapy,NCT NCT01014585: Time to Loss of Therapeutic Response (LTR). Source: ClinicalTrials.gov registry (AACT-verified); publication resolved live via NCT.,https://clinicaltrials.gov/study/NCT01014585
MILNACIPRAN_FIBRO_AUTO_FULL_REVIEW.html,NCT00618956,24188161,,Trugman JM,2014,589-597,Current medical research and opinion,NCT NCT00618956: Change From Baseline in Mean Systolic Blood Pressure Following 12-hour Period Post-AM Dose at Visit 4. Source: ClinicalTrials.gov registry (AACT-verified); publication resolved live v,https://clinicaltrials.gov/study/NCT00618956
MIPOMERSEN_HOFH_AUTO_FULL_REVIEW.html,NCT00477594,20707601,,Patel N,2010,2569-2572,Expert opinion on pharmacotherapy,NCT NCT00477594: Percent Change From Baseline in Low-density Lipoprotein Cholesterol (LDL-C). Source: ClinicalTrials.gov registry (AACT-verified); publication resolved live via NCT.,https://clinicaltrials.gov/study/NCT00477594
MIPOMERSEN_HOFH_AUTO_FULL_REVIEW.html,ASSIST,20707601,,Patel N,2010,2569-2572,Expert opinion on pharmacotherapy,NCT NCT00707746: Percent Change From Baseline in Low-density Lipoprotein Cholesterol (LDL-C) at the Primary Efficacy Time Point. Source: ClinicalTrials.gov registry (AACT-verified); publication resolv,https://clinicaltrials.gov/study/NCT00707746
MIPOMERSEN_HOFH_AUTO_FULL_REVIEW.html,RADICHOL 1,20227758,,Raal FJ,2010,998-1006,"Lancet (London, England)",NCT NCT00607373: Percent Change From Baseline in Low-density Lipoprotein Cholesterol (LDL-C) at Primary Efficacy Time Point. Source: ClinicalTrials.gov registry (AACT-verified); publication resolved l,https://clinicaltrials.gov/study/NCT00607373
MIPOMERSEN_HOFH_AUTO_FULL_REVIEW.html,NCT00362180,20008831,,Visser ME,2010,1057-1062,Journal of lipid research,NCT NCT00362180: Change From Baseline in Liver Triglyceride (TG) Content As Measured by Magnetic Resonance Spectroscopy (MRS). Source: ClinicalTrials.gov registry (AACT-verified); publication resolved,https://clinicaltrials.gov/study/NCT00362180
MIRIKIZUMAB_CROHN_AUTO_FULL_REVIEW.html,VIVID-2,41794217,,Sands BE,2026,,Clinical gastroenterology and hepatology : the official clinical practice journal of the American Gastroenterological Association,NCT NCT04232553: Percentage of Participants Achieving Endoscopic Response at Week 52 (Participants Originating From AMAM Study). Source: ClinicalTrials.gov registry (AACT-verified); publication resolv,https://clinicaltrials.gov/study/NCT04232553
MIRIKIZUMAB_CROHN_AUTO_FULL_REVIEW.html,VIVID-1,39537976,,Regueiro M,2025,509-521,"Quality of life research : an international journal of quality of life aspects of treatment, care and rehabilitation",NCT NCT03926130: Percentage of Adult Participants Achieving Clinical Response at Week 12 and Endoscopic Response at Week 52 (Placebo and . Source: ClinicalTrials.gov registry (AACT-verified); publicat,https://clinicaltrials.gov/study/NCT03926130
MIRIKIZUMAB_PSO_AUTO_FULL_REVIEW.html,OASIS-1,39073712,,Hsieh CY,2024,2607-2620,Dermatology and therapy,"NCT NCT03482011: Percentage of Participants With a Static Physician's Global Assessment of (sPGA) (0,1) With at Least a 2-point Improveme. Source: ClinicalTrials.gov registry (AACT-verified); publicat",https://clinicaltrials.gov/study/NCT03482011
MIRIKIZUMAB_PSO_AUTO_FULL_REVIEW.html,NCT03556202,39073712,,Hsieh CY,2024,2607-2620,Dermatology and therapy,NCT NCT03556202: Percentage of Participants With a Static Physician's Global Assessment Among Those Who Entered the Study With a sPGA of . Source: ClinicalTrials.gov registry (AACT-verified); publicat,https://clinicaltrials.gov/study/NCT03556202
MIRIKIZUMAB_PSO_AUTO_FULL_REVIEW.html,NCT03535194,38251498,,Papp K,2023,e542-e552,The Lancet. Rheumatology,"NCT NCT03535194: Percentage of Participants With a Static Physician's Global Assessment (sPGA) of (0,1) With at Least a 2-point Improveme. Source: ClinicalTrials.gov registry (AACT-verified); publicat",https://clinicaltrials.gov/study/NCT03535194
MIRVETUXIMAB_FALLOPIAN_TUBE_AUTO_FULL_REVIEW.html,MIRASOL,38055253,,Moore KN,2023,2162-2174,The New England journal of medicine,NCT NCT04209855: Progression-free Survival (PFS) as Assessed by Response Evaluation Criteria in Solid Tumors (RECIST) Version 1.1. Source: ClinicalTrials.gov registry (AACT-verified); publication reso,https://clinicaltrials.gov/study/NCT04209855
MIRVETUXIMAB_FALLOPIAN_TUBE_AUTO_FULL_REVIEW.html,FORWARD I,33667670,,Moore KN,2021,757-765,Annals of oncology : official journal of the European Society for Medical Oncology,"NCT NCT02631876: Progression-Free Survival (PFS), as Assessed by BIRC Per RECIST Version 1.1 in All Participants Randomized to the Study. Source: ClinicalTrials.gov registry (AACT-verified); publicati",https://clinicaltrials.gov/study/NCT02631876
MIRVETUXIMAB_OVARIAN_REVIEW_FULL_REVIEW.html,MIRASOL,38055253,,Moore KN,2023,2162-2174,The New England journal of medicine,NCT NCT04209855: Progression-free Survival (PFS) as Assessed by Response Evaluation Criteria in Solid Tumors (RECIST) Version 1.1. Source: ClinicalTrials.gov registry (AACT-verified); publication reso,https://clinicaltrials.gov/study/NCT04209855
MITAPIVAT_PYRUVATE_AUTO_FULL_REVIEW.html,NCT03853798,31974203,,Rab MAE,2021,238-249,Haematologica,"NCT NCT03853798: All Cohorts: Number of Participants With at Least One Treatment Emergent Adverse Events (TEAEs), Serious TEAEs, Related . Source: ClinicalTrials.gov registry (AACT-verified); publicat",https://clinicaltrials.gov/study/NCT03853798
MITAPIVAT_PYRUVATE_AUTO_FULL_REVIEW.html,NCT04770753,40544857,,Taher AT,2025,33-42,"Lancet (London, England)",NCT NCT04770753: Double-Blind Period: Percentage of Participants Who Achieved Hemoglobin (Hb) Response From Week 12 Through Week 24 Compa. Source: ClinicalTrials.gov registry (AACT-verified); publicat,https://clinicaltrials.gov/study/NCT04770753
MOMELOTINIB_AUTO_FULL_REVIEW.html,Simplify 2,29275119,,Harrison CN,2018,e73-e81,The Lancet. Haematology,NCT NCT02101268: Splenic Response Rate at Week 24. Source: ClinicalTrials.gov registry (AACT-verified); publication resolved live via NCT.,https://clinicaltrials.gov/study/NCT02101268
MOMELOTINIB_AUTO_FULL_REVIEW.html,Simplify 1,28930494,,Mesa RA,2017,3844-3850,Journal of clinical oncology : official journal of the American Society of Clinical Oncology,NCT NCT01969838: Splenic Response Rate at Week 24. Source: ClinicalTrials.gov registry (AACT-verified); publication resolved live via NCT.,https://clinicaltrials.gov/study/NCT01969838
MOMELOTINIB_MF_AUTO_2_FULL_REVIEW.html,Simplify 2,29275119,,Harrison CN,2018,e73-e81,The Lancet. Haematology,NCT NCT02101268: Splenic Response Rate at Week 24. Source: ClinicalTrials.gov registry (AACT-verified); publication resolved live via NCT.,https://clinicaltrials.gov/study/NCT02101268
MOMELOTINIB_MF_AUTO_2_FULL_REVIEW.html,Simplify 1,28930494,,Mesa RA,2017,3844-3850,Journal of clinical oncology : official journal of the American Society of Clinical Oncology,NCT NCT01969838: Splenic Response Rate at Week 24. Source: ClinicalTrials.gov registry (AACT-verified); publication resolved live via NCT.,https://clinicaltrials.gov/study/NCT01969838
MOMELOTINIB_MF_AUTO_FULL_REVIEW.html,Simplify 2,29275119,,Harrison CN,2018,e73-e81,The Lancet. Haematology,NCT NCT02101268: Splenic Response Rate at Week 24. Source: ClinicalTrials.gov registry (AACT-verified); publication resolved live via NCT.,https://clinicaltrials.gov/study/NCT02101268
MOMELOTINIB_MF_AUTO_FULL_REVIEW.html,Simplify 1,28930494,,Mesa RA,2017,3844-3850,Journal of clinical oncology : official journal of the American Society of Clinical Oncology,NCT NCT01969838: Splenic Response Rate at Week 24. Source: ClinicalTrials.gov registry (AACT-verified); publication resolved live via NCT.,https://clinicaltrials.gov/study/NCT01969838
MOMETASONE_CRS_AUTO_FULL_REVIEW.html,WAYPOINT,40106374,,Lipworth BJ,2025,1178-1188,The New England journal of medicine,NCT NCT04851964: Change From Baseline in Total Nasal Polyp Score at Week 52. Source: ClinicalTrials.gov registry (AACT-verified); publication resolved live via NCT.,https://clinicaltrials.gov/study/NCT04851964
MONTELUKAST_RHIN_AUTO_FULL_REVIEW.html,NCT00960141,15049402,,Chervinsky P,2004,367-373,"Annals of allergy, asthma & immunology : official publication of the American College of Allergy, Asthma, & Immunology",NCT NCT00960141: Mean Change From Baseline in Daytime Nasal Symptoms Score. Source: ClinicalTrials.gov registry (AACT-verified); publication resolved live via NCT.,https://clinicaltrials.gov/study/NCT00960141
MOXIFLOXACIN_RESPI_AUTO_FULL_REVIEW.html,NCT01944774,25092690,,Cao GY,2014,6116-6121,Antimicrobial agents and chemotherapy,NCT NCT01944774: Difference in the Clinical Cure Rate of Two Doses of Intravenously Infused Nemonoxacin Malate Sodium Chloride Injection . Source: ClinicalTrials.gov registry (AACT-verified); publicat,https://clinicaltrials.gov/study/NCT01944774
MOXIFLOXACIN_RESPI_AUTO_FULL_REVIEW.html,LEAP2,31560372,,Alexander E,2019,1661-1671,JAMA,NCT NCT02813694: Early Clinical Response (ECR). Source: ClinicalTrials.gov registry (AACT-verified); publication resolved live via NCT.,https://clinicaltrials.gov/study/NCT02813694
MRNA1273_VACCINE_AUTO_FULL_REVIEW.html,NCT05289037,35898343,,Branche AR,2022,,medRxiv : the preprint server for health sciences,NCT NCT05289037: Geometric Mean Fold Rise (GMFR) of AUC From Baseline Antibody Against Wa-1 in One Dose Groups.. Source: ClinicalTrials.gov registry (AACT-verified); publication resolved live via NCT.,https://clinicaltrials.gov/study/NCT05289037
MRNA1273_VACCINE_AUTO_FULL_REVIEW.html,NCT04952402,41700320,,Smith D,2026,,The Journal of infectious diseases,NCT NCT04952402: Neutralizing Antibody (NAb) Level. Source: ClinicalTrials.gov registry (AACT-verified); publication resolved live via NCT.,https://clinicaltrials.gov/study/NCT04952402
NALDEMEDINE_OIC_AUTO_FULL_REVIEW.html,NCT01443403,28371937,,Webster LR,2017,2350-2360,"Pain medicine (Malden, Mass.)",NCT NCT01443403: Change From Baseline to Last 2 Weeks of the Treatment Period in the Number of Spontaneous Bowel Movements Per Week. Source: ClinicalTrials.gov registry (AACT-verified); publication re,https://clinicaltrials.gov/study/NCT01443403
NALDEMEDINE_OIC_AUTO_FULL_REVIEW.html,NCT01993940,28576452,,Hale M,2017,555-564,The lancet. Gastroenterology & hepatology,NCT NCT01993940: Percentage of Participants With a Spontaneous Bowel Movement (SBM) Response. Source: ClinicalTrials.gov registry (AACT-verified); publication resolved live via NCT.,https://clinicaltrials.gov/study/NCT01993940
NALDEMEDINE_OIC_AUTO_FULL_REVIEW.html,NCT01965652,32086791,,Wild J,2020,271-279,Drugs & aging,NCT NCT01965652: Number of Participants With Adverse Events. Source: ClinicalTrials.gov registry (AACT-verified); publication resolved live via NCT.,https://clinicaltrials.gov/study/NCT01965652
NALMEFENE_AUD_AUTO_FULL_REVIEW.html,ESENSE2,23562264,,Gual A,2013,1432-1442,European neuropsychopharmacology : the journal of the European College of Neuropsychopharmacology,NCT NCT00812461: Change From Baseline in the Monthly Number of Heavy Drinking Days (HDDs). Source: ClinicalTrials.gov registry (AACT-verified); publication resolved live via NCT.,https://clinicaltrials.gov/study/NCT00812461
NALMEFENE_AUD_AUTO_FULL_REVIEW.html,SENSE,25227627,,Laramée P,2014,e005376,BMJ open,NCT NCT00811941: Number of Patients With Adverse Events (AEs). Source: ClinicalTrials.gov registry (AACT-verified); publication resolved live via NCT.,https://clinicaltrials.gov/study/NCT00811941
NEMOLIZUMAB_AD_AUTO_FULL_REVIEW.html,NCT01986933,28249150,,Ruzicka T,2017,826-835,The New England journal of medicine,NCT NCT01986933: Percent Changes From Baseline in Pruritus Visual Analogue Scale (VAS) at Week 12. Source: ClinicalTrials.gov registry (AACT-verified); publication resolved live via NCT.,https://clinicaltrials.gov/study/NCT01986933
NEMOLIZUMAB_AD_AUTO_FULL_REVIEW.html,NCT03100344,31449914,,Silverberg JI,2020,173-182,The Journal of allergy and clinical immunology,NCT NCT03100344: Percent Change From Baseline in Eczema Area and Severity Index (EASI) at Week 24. Source: ClinicalTrials.gov registry (AACT-verified); publication resolved live via NCT.,https://clinicaltrials.gov/study/NCT03100344
NEMOLIZUMAB_AD_AUTO_FULL_REVIEW.html,NCT03985943,39008191,,Dias-Barbosa C,2024,73,Journal of patient-reported outcomes,NCT NCT03985943: Percentage of Participants With an Investigator's Global Assessment (IGA) Success (IGA of 0 or 1 and a More Than Equal t. Source: ClinicalTrials.gov registry (AACT-verified); publicat,https://clinicaltrials.gov/study/NCT03985943
NEMOLIZUMAB_PRURIGO_NODULARIS_AUTO_FULL_REVIEW.html,NCT04501666,37888917,,Kwatra SG,2023,1579-1589,The New England journal of medicine,NCT NCT04501666: Number of Participants With an Improvement of Greater Than or Equal to (>=) 4 From Baseline in Weekly Average Peak Pruri. Source: ClinicalTrials.gov registry (AACT-verified); publicat,https://clinicaltrials.gov/study/NCT04501666
NEMOLIZUMAB_PRURIGO_NODULARIS_AUTO_FULL_REVIEW.html,NCT04501679,37888917,,Kwatra SG,2023,1579-1589,The New England journal of medicine,NCT NCT04501679: Number of Participants With an Improvement of Greater Than or Equal to (>=) 4 From Baseline in Weekly Average Peak Pruri. Source: ClinicalTrials.gov registry (AACT-verified); publicat,https://clinicaltrials.gov/study/NCT04501679
NEMOLIZUMAB_PRURIGO_REVIEW_FULL_REVIEW.html,NCT04501666,37888917,,Kwatra SG,2023,1579-1589,The New England journal of medicine,NCT NCT04501666: Number of Participants With an Improvement of Greater Than or Equal to (>=) 4 From Baseline in Weekly Average Peak Pruri. Source: ClinicalTrials.gov registry (AACT-verified); publicat,https://clinicaltrials.gov/study/NCT04501666
NEPA_CINV_AUTO_FULL_REVIEW.html,NCT03040726,33388382,,Hui D,2021,223-232,Journal of pain and symptom management,NCT NCT03040726: Change in Nausea Numerical Rating Scale (NRS) Between Day 5 and Day 15. Source: ClinicalTrials.gov registry (AACT-verified); publication resolved live via NCT.,https://clinicaltrials.gov/study/NCT03040726
NEPA_CINV_AUTO_FULL_REVIEW.html,NCT01376297,28285236,,Rugo HS,2017,76-82,"Breast (Edinburgh, Scotland)",NCT NCT01376297: Percentage of Patients With Adverse Events. Source: ClinicalTrials.gov registry (AACT-verified); publication resolved live via NCT.,https://clinicaltrials.gov/study/NCT01376297
NERATINIB_BREAST_AUTO_FULL_REVIEW.html,NCT00777101,23953056,,Martin M,2013,3763-3772,"European journal of cancer (Oxford, England : 1990)",NCT NCT00777101: Progression Free Survival. Source: ClinicalTrials.gov registry (AACT-verified); publication resolved live via NCT.,https://clinicaltrials.gov/study/NCT00777101
NERATINIB_BREAST_AUTO_FULL_REVIEW.html,NCT01008150,24077916,,Jankowitz RC,2013,1205-1212,Cancer chemotherapy and pharmacology,NCT NCT01008150: Pathologic Complete Response in Breast and Axillary Lymph Nodes.. Source: ClinicalTrials.gov registry (AACT-verified); publication resolved live via NCT.,https://clinicaltrials.gov/study/NCT01008150
NETARSUDIL_GLAUCOMA_AUTO_FULL_REVIEW.html,NCT02674854,31981106,,Wisely CE,2020,1114-1123,Advances in therapy,NCT NCT02674854: Intraocular Pressure (IOP). Source: ClinicalTrials.gov registry (AACT-verified); publication resolved live via NCT.,https://clinicaltrials.gov/study/NCT02674854
NETARSUDIL_GLAUCOMA_AUTO_FULL_REVIEW.html,NCT02057575,26209587,,Lewis RA,2016,339-344,The British journal of ophthalmology,NCT NCT02057575: Intraocular Pressure (IOP). Source: ClinicalTrials.gov registry (AACT-verified); publication resolved live via NCT.,https://clinicaltrials.gov/study/NCT02057575
NETARSUDIL_OCULAR_HYPERTENSION_AUTO_FULL_REVIEW.html,NCT02674854,31981106,,Wisely CE,2020,1114-1123,Advances in therapy,NCT NCT02674854: Intraocular Pressure (IOP). Source: ClinicalTrials.gov registry (AACT-verified); publication resolved live via NCT.,https://clinicaltrials.gov/study/NCT02674854
NETARSUDIL_OCULAR_HYPERTENSION_AUTO_FULL_REVIEW.html,NCT02057575,26209587,,Lewis RA,2016,339-344,The British journal of ophthalmology,NCT NCT02057575: Intraocular Pressure (IOP). Source: ClinicalTrials.gov registry (AACT-verified); publication resolved live via NCT.,https://clinicaltrials.gov/study/NCT02057575
NETUPITANT_CINV_AUTO_FULL_REVIEW.html,NCT03040726,33388382,,Hui D,2021,223-232,Journal of pain and symptom management,NCT NCT03040726: Change in Nausea Numerical Rating Scale (NRS) Between Day 5 and Day 15. Source: ClinicalTrials.gov registry (AACT-verified); publication resolved live via NCT.,https://clinicaltrials.gov/study/NCT03040726
NETUPITANT_CINV_AUTO_FULL_REVIEW.html,NCT01376297,28285236,,Rugo HS,2017,76-82,"Breast (Edinburgh, Scotland)",NCT NCT01376297: Percentage of Patients With Adverse Events. Source: ClinicalTrials.gov registry (AACT-verified); publication resolved live via NCT.,https://clinicaltrials.gov/study/NCT01376297
NICOTINE_PATCH_AUTO_FULL_REVIEW.html,NCT03897439,36387983,,Nollen NL,2022,101032,Contemporary clinical trials communications,NCT NCT03897439: Number of Participants With Biochemically Verified Smoking Abstinence at Week 12. Source: ClinicalTrials.gov registry (AACT-verified); publication resolved live via NCT.,https://clinicaltrials.gov/study/NCT03897439
NICOTINE_PATCH_AUTO_FULL_REVIEW.html,NCT01807871,28756042,,Hughes JR,2018,68-81,Addictive behaviors,NCT NCT01807871: Point-prevalent Abstinence at 4 Months. Source: ClinicalTrials.gov registry (AACT-verified); publication resolved live via NCT.,https://clinicaltrials.gov/study/NCT01807871
NIVOLUMAB_HCC_AUTO_FULL_REVIEW.html,NCT03439891,41831609,,Keenan BP,2026,101817,JHEP reports : innovation in hepatology,NCT NCT03439891: Maximum Tolerated Dose (MTD) (Part 1 Only). Source: ClinicalTrials.gov registry (AACT-verified); publication resolved live via NCT.,https://clinicaltrials.gov/study/NCT03439891
NIVOLUMAB_HCC_AUTO_FULL_REVIEW.html,NCT02576509,34914889,,Yau T,2022,77-90,The Lancet. Oncology,NCT NCT02576509: Overall Survival (OS). Source: ClinicalTrials.gov registry (AACT-verified); publication resolved live via NCT.,https://clinicaltrials.gov/study/NCT02576509
NUSINERSEN_SMA_AUTO_FULL_REVIEW.html,EMBRACE,33501671,,Acsadi G,2021,668-677,Muscle & nerve,NCT NCT02462759: Number of Participants With Adverse Events (AEs) and Serious Adverse Events (SAEs). Source: ClinicalTrials.gov registry (AACT-verified); publication resolved live via NCT.,https://clinicaltrials.gov/study/NCT02462759
NUSINERSEN_SMA_AUTO_FULL_REVIEW.html,NURTURE,27939059,,Finkel RS,2016,3017-3026,"Lancet (London, England)",NCT NCT02386553: Time to Death or Respiratory Intervention. Source: ClinicalTrials.gov registry (AACT-verified); publication resolved live via NCT.,https://clinicaltrials.gov/study/NCT02386553
NUSINERSEN_SMA_AUTO_FULL_REVIEW.html,ENDEAR,27939059,,Finkel RS,2016,3017-3026,"Lancet (London, England)",NCT NCT02193074: Percentage of Motor Milestones Responders. Source: ClinicalTrials.gov registry (AACT-verified); publication resolved live via NCT.,https://clinicaltrials.gov/study/NCT02193074
NUSINERSEN_SMA_AUTO_FULL_REVIEW.html,NCT01703988,31420846,,Darras BT,2019,919-932,CNS drugs,"NCT NCT01703988: Number of Participants With Adverse Events (AEs), Serious AEs (SAEs), Discontinuations Due to AEs, and Highest Severity . Source: ClinicalTrials.gov registry (AACT-verified); publicat",https://clinicaltrials.gov/study/NCT01703988
OBETICHOLIC_NASH_AUTO_FULL_REVIEW.html,FLINT,25468160,,Neuschwander-Tetri BA,2015,956-965,"Lancet (London, England)",NCT NCT01265498: Hepatic Histological Improvement in Nonalcoholic Fatty Liver Disease (NAFLD) Activity Score (NAS). Source: ClinicalTrials.gov registry (AACT-verified); publication resolved live via N,https://clinicaltrials.gov/study/NCT01265498
OBETICHOLIC_NASH_AUTO_FULL_REVIEW.html,CONTROL,31402538,,Pockros PJ,2019,2082-2093,Liver international : official journal of the International Association for the Study of the Liver,NCT NCT02633956: The Effect of Obeticholic Acid on Low-density Lipoprotein (LDL) Concentration (Least Squares Mean Change From Baseline a. Source: ClinicalTrials.gov registry (AACT-verified); publicat,https://clinicaltrials.gov/study/NCT02633956
OBETICHOLIC_NASH_AUTO_FULL_REVIEW.html,REGENERATE,31260793,,Ratziu V,2019,105803,Contemporary clinical trials,NCT NCT02548351: Time to the First Adjudicated Event for Clinical Outcome Composite Endpoint: Percentage of Participants With an Event. Source: ClinicalTrials.gov registry (AACT-verified); publication,https://clinicaltrials.gov/study/NCT02548351
OBICETRAPIB_LIPID_AUTO_FULL_REVIEW.html,OCEAN,41190670,,Pirillo A,2025,318-325,Current opinion in lipidology,NCT NCT04770389: Mean Percent Change in Low-Density Lipoprotein Cholesterol (LDL-C) From Baseline to Day 57: Obicetrapib in Combination W. Source: ClinicalTrials.gov registry (AACT-verified); publicat,https://clinicaltrials.gov/study/NCT04770389
OBICETRAPIB_LIPID_AUTO_FULL_REVIEW.html,BROOKLYN,38705341,,Nicholls SJ,2024,32-45,American heart journal,NCT NCT05425745: Percent Change in Low-Density Lipoprotein Cholesterol (LDL-C) From Baseline to Day 84 [PUC]. Source: ClinicalTrials.gov registry (AACT-verified); publication resolved live via NCT.,https://clinicaltrials.gov/study/NCT05425745
OBICETRAPIB_LIPID_AUTO_FULL_REVIEW.html,ROSE,35953719,,Nicholls SJ,2022,1672-1678,Nature medicine,NCT NCT04753606: Mean Percent Change in Low-Density Lipoprotein Cholesterol (LDL-C) [Friedewald]. Source: ClinicalTrials.gov registry (AACT-verified); publication resolved live via NCT.,https://clinicaltrials.gov/study/NCT04753606
OBICETRAPIB_LIPID_AUTO_FULL_REVIEW.html,TANDEM,40347969,,Sarraju A,2025,1757-1768,"Lancet (London, England)",NCT NCT06005597: Effect of Fixed-Dose Combination (FDC) Compared to Placebo on LDL-C. Source: ClinicalTrials.gov registry (AACT-verified); publication resolved live via NCT.,https://clinicaltrials.gov/study/NCT06005597
OBINUTUZUMAB_LN_AUTO_FULL_REVIEW.html,REGENCY,33693991,,Dossier C,2021,1653,"Pediatric nephrology (Berlin, Germany)",NCT NCT04221477: Percentage of Participants With Complete Renal Response (CRR). Source: ClinicalTrials.gov registry (AACT-verified); publication resolved live via NCT.,https://clinicaltrials.gov/study/NCT04221477
OBINUTUZUMAB_LN_AUTO_FULL_REVIEW.html,NCT02550652,33693991,,Dossier C,2021,1653,"Pediatric nephrology (Berlin, Germany)",NCT NCT02550652: Percentage of Participants Who Achieve Protocol Defined Complete Renal Response (CRR) at Week 52. Source: ClinicalTrials.gov registry (AACT-verified); publication resolved live via NC,https://clinicaltrials.gov/study/NCT02550652
ODEVIXIBAT_PFIC_REVIEW_FULL_REVIEW.html,PEDFIC 1,35780807,,Thompson RJ,2022,830-842,The lancet. Gastroenterology & hepatology,NCT NCT03566238: Percentage of Participants With at Least a 70% Reduction in Fasting Serum Bile Acid (s-BA) Concentration From Baseline t. Source: ClinicalTrials.gov registry (AACT-verified); publicat,https://clinicaltrials.gov/study/NCT03566238
ODEVIXIBAT_PFIC_REVIEW_FULL_REVIEW.html,NCT03659916,37456676,,Thompson RJ,2023,100782,JHEP reports : innovation in hepatology,NCT NCT03659916: Change From Baseline in Serum Bile Acids. Source: ClinicalTrials.gov registry (AACT-verified); publication resolved live via NCT.,https://clinicaltrials.gov/study/NCT03659916
OFATUMUMAB_CLL_AUTO_FULL_REVIEW.html,NCT01024010,24431228,,Baig NA,2014,1620-1629,"Journal of immunology (Baltimore, Md. : 1950)",NCT NCT01024010: Arm A: Percentage of Complete Responses. Source: ClinicalTrials.gov registry (AACT-verified); publication resolved live via NCT.,https://clinicaltrials.gov/study/NCT01024010
OFATUMUMAB_CLL_AUTO_FULL_REVIEW.html,NCT02004522,30287523,,Flinn IW,2018,2446-2455,Blood,NCT NCT02004522: Progression-free Survival (PFS). Source: ClinicalTrials.gov registry (AACT-verified); publication resolved live via NCT.,https://clinicaltrials.gov/study/NCT02004522
OLANZAPINE_BIPOLAR_AUTO_FULL_REVIEW.html,NCT00159783,20537396,,McIntyre RS,2010,358-365,Journal of affective disorders,NCT NCT00159783: Participants Who Experienced Adverse Event(s). Source: ClinicalTrials.gov registry (AACT-verified); publication resolved live via NCT.,https://clinicaltrials.gov/study/NCT00159783
OLANZAPINE_CINV_AUTO_FULL_REVIEW.html,NCT02755116,32229754,,Hyman JB,2020,1419-1428,Anesthesiology,NCT NCT02755116: Number of Participants With Nausea and/or Vomiting. Source: ClinicalTrials.gov registry (AACT-verified); publication resolved live via NCT.,https://clinicaltrials.gov/study/NCT02755116
OLANZAPINE_CINV_AUTO_FULL_REVIEW.html,AOPDPCINV,8232489,,Grunberg SM,1993,1790-1796,The New England journal of medicine,NCT NCT02484911: Proportion of Participants Receiving HEC With Complete Response in Overall Phase. Source: ClinicalTrials.gov registry (AACT-verified); publication resolved live via NCT.,https://clinicaltrials.gov/study/NCT02484911
OLANZAPINE_CINV_AUTO_FULL_REVIEW.html,NCT02116530,27410922,,Navari RM,2016,134-142,The New England journal of medicine,NCT NCT02116530: Proportion of Patients With no Nausea. Source: ClinicalTrials.gov registry (AACT-verified); publication resolved live via NCT.,https://clinicaltrials.gov/study/NCT02116530
OLAPARIB_GASTRIC_AUTO_FULL_REVIEW.html,NCT01063517,38504422,,Chan KH,2024,23247096241240176,Journal of investigative medicine high impact case reports,NCT NCT01063517: Progression Free Survival (PFS) in the Overall Study Population. Source: ClinicalTrials.gov registry (AACT-verified); publication resolved live via NCT.,https://clinicaltrials.gov/study/NCT01063517
OLAPARIB_GASTRIC_AUTO_FULL_REVIEW.html,MEDIOLA,32771088,,Domchek SM,2020,1155-1164,The Lancet. Oncology,NCT NCT02734004: Initial Stage Cohorts: Disease Control Rate (DCR) at Week 12. Source: ClinicalTrials.gov registry (AACT-verified); publication resolved live via NCT.,https://clinicaltrials.gov/study/NCT02734004
OLAPARIB_OVARIAN2_AUTO_FULL_REVIEW.html,NCT02502266,39361946,,Lee JM,2024,4305-4316,Journal of clinical oncology : official journal of the American Society of Clinical Oncology,NCT NCT02502266: Progression-free Survival (PFS) (Phase II Only). Source: ClinicalTrials.gov registry (AACT-verified); publication resolved live via NCT.,https://clinicaltrials.gov/study/NCT02502266
OLAPARIB_OVARIAN2_AUTO_FULL_REVIEW.html,NCT02446600,35170751,,Tattersall A,2022,CD007929,The Cochrane database of systematic reviews,NCT NCT02446600: Progression Free Survival Determined Using Response Evaluation Criteria in Solid Tumors Version 1.1 Criteria. Source: ClinicalTrials.gov registry (AACT-verified); publication resolved,https://clinicaltrials.gov/study/NCT02446600
OLAPARIB_OVARIAN2_AUTO_FULL_REVIEW.html,NCT01116648,23810467,,Liu JF,2013,2972-2978,"European journal of cancer (Oxford, England : 1990)",NCT NCT01116648: Number of Participants With Dose Limiting Toxicities of Cediranib Maleate in Combination With Olaparib (Phase I). Source: ClinicalTrials.gov registry (AACT-verified); publication reso,https://clinicaltrials.gov/study/NCT01116648
OLAPARIB_OVARIAN_AUTO_FULL_REVIEW.html,NCT02502266,39361946,,Lee JM,2024,4305-4316,Journal of clinical oncology : official journal of the American Society of Clinical Oncology,NCT NCT02502266: Progression-free Survival (PFS) (Phase II Only). Source: ClinicalTrials.gov registry (AACT-verified); publication resolved live via NCT.,https://clinicaltrials.gov/study/NCT02502266
OLAPARIB_OVARIAN_AUTO_FULL_REVIEW.html,NCT02446600,35170751,,Tattersall A,2022,CD007929,The Cochrane database of systematic reviews,NCT NCT02446600: Progression Free Survival Determined Using Response Evaluation Criteria in Solid Tumors Version 1.1 Criteria. Source: ClinicalTrials.gov registry (AACT-verified); publication resolved,https://clinicaltrials.gov/study/NCT02446600
OLAPARIB_OVARIAN_AUTO_FULL_REVIEW.html,NCT01116648,23810467,,Liu JF,2013,2972-2978,"European journal of cancer (Oxford, England : 1990)",NCT NCT01116648: Number of Participants With Dose Limiting Toxicities of Cediranib Maleate in Combination With Olaparib (Phase I). Source: ClinicalTrials.gov registry (AACT-verified); publication reso,https://clinicaltrials.gov/study/NCT01116648
OLAPARIB_PANCREATIC2_AUTO_FULL_REVIEW.html,NCT01078662,26723501,,Domchek SM,2016,199-203,Gynecologic oncology,NCT NCT01078662: Tumour Response Rate. Source: ClinicalTrials.gov registry (AACT-verified); publication resolved live via NCT.,https://clinicaltrials.gov/study/NCT01078662
OLAPARIB_PANCREATIC2_AUTO_FULL_REVIEW.html,POLO,29223478,,Lowery MA,2018,19-26,"European journal of cancer (Oxford, England : 1990)",NCT NCT02184195: Progression-free Survival (PFS) by Blinded Independent Central Review (BICR) Using Modified Response Evaluation Criteria. Source: ClinicalTrials.gov registry (AACT-verified); publicat,https://clinicaltrials.gov/study/NCT02184195
OLAPARIB_PANCREATIC_AUTO_FULL_REVIEW.html,NCT01078662,26723501,,Domchek SM,2016,199-203,Gynecologic oncology,NCT NCT01078662: Tumour Response Rate. Source: ClinicalTrials.gov registry (AACT-verified); publication resolved live via NCT.,https://clinicaltrials.gov/study/NCT01078662
OLAPARIB_PANCREATIC_AUTO_FULL_REVIEW.html,POLO,29223478,,Lowery MA,2018,19-26,"European journal of cancer (Oxford, England : 1990)",NCT NCT02184195: Progression-free Survival (PFS) by Blinded Independent Central Review (BICR) Using Modified Response Evaluation Criteria. Source: ClinicalTrials.gov registry (AACT-verified); publicat,https://clinicaltrials.gov/study/NCT02184195
OLAPARIB_PROSTATE_AUTO_FULL_REVIEW.html,NCT01078662,26723501,,Domchek SM,2016,199-203,Gynecologic oncology,NCT NCT01078662: Tumour Response Rate. Source: ClinicalTrials.gov registry (AACT-verified); publication resolved live via NCT.,https://clinicaltrials.gov/study/NCT01078662
OLAPARIB_PROSTATE_AUTO_FULL_REVIEW.html,NCT03732820,37714168,,Saad F,2023,1094-1108,The Lancet. Oncology,NCT NCT03732820: Number of Participants With Radiological Progression Free Survival (rPFS) Event by Investigator Assessment. Source: ClinicalTrials.gov registry (AACT-verified); publication resolved l,https://clinicaltrials.gov/study/NCT03732820
OLMESARTAN_HTN_AUTO_FULL_REVIEW.html,NCT00846365,29334491,,Cushman WC,2018,947-956,Journal of hypertension,"NCT NCT00846365: Change From Baseline to Week 8 in Trough, Sitting, Clinic Systolic Blood Pressure.. Source: ClinicalTrials.gov registry (AACT-verified); publication resolved live via NCT.",https://clinicaltrials.gov/study/NCT00846365
OLMESARTAN_HTN_AUTO_FULL_REVIEW.html,NCT01599104,37026551,,Kario K,2023,e027612,Journal of the American Heart Association,NCT NCT01599104: Change From Baseline in Mean Sitting Systolic Blood Pressure (msSBP). Source: ClinicalTrials.gov registry (AACT-verified); publication resolved live via NCT.,https://clinicaltrials.gov/study/NCT01599104
OLMESARTAN_HTN_AUTO_FULL_REVIEW.html,NCT01033071,22710649,,Cushman WC,2012,310-318,"Hypertension (Dallas, Tex. : 1979)","NCT NCT01033071: Change From Baseline in Trough, Sitting, Clinic Systolic Blood Pressure.. Source: ClinicalTrials.gov registry (AACT-verified); publication resolved live via NCT.",https://clinicaltrials.gov/study/NCT01033071
OLOKIZUMAB_RA_AUTO_FULL_REVIEW.html,CREDO 1,34344706,,Nasonov E,2022,469-479,Annals of the rheumatic diseases,NCT NCT02760368: Percentage of Subjects Achieving American College of Rheumatology 20% (ACR20) Response. Source: ClinicalTrials.gov registry (AACT-verified); publication resolved live via NCT.,https://clinicaltrials.gov/study/NCT02760368
OLOKIZUMAB_RA_AUTO_FULL_REVIEW.html,CREDO 2,36001712,,Smolen JS,2022,715-726,The New England journal of medicine,NCT NCT02760407: Percentage of Subjects Achieving American College of Rheumatology 20% (ACR20) Response. Source: ClinicalTrials.gov registry (AACT-verified); publication resolved live via NCT.,https://clinicaltrials.gov/study/NCT02760407
OLOKIZUMAB_RA_AUTO_FULL_REVIEW.html,CREDO 3,36109142,,Feist E,2022,1661-1668,Annals of the rheumatic diseases,NCT NCT02760433: Percentage of Subjects Achieving American College of Rheumatology 20% (ACR20) Response. Source: ClinicalTrials.gov registry (AACT-verified); publication resolved live via NCT.,https://clinicaltrials.gov/study/NCT02760433
OLUTASIDENIB_AML_REVIEW_FULL_REVIEW.html,NCT02719574,36370742,,Watts JM,2023,e46-e58,The Lancet. Haematology,NCT NCT02719574: Phase 1: Number of Participants With Treatment Emergent Adverse Events (TEAEs) and Serious Adverse Events (SAEs). Source: ClinicalTrials.gov registry (AACT-verified); publication reso,https://clinicaltrials.gov/study/NCT02719574
OMALIZUMAB_FOOD_ALLERGY_AUTO_FULL_REVIEW.html,PRROTECT,34755130,YEAR_MISMATCH,Chen G,2021,100410,Cell reports. Medicine,NCT NCT01781637: Tolerance of 2000 mg 6 Weeks After Last Dose of Omalizumab/Placebo. Source: ClinicalTrials.gov registry (AACT-verified); publication resolved live via NCT.,https://clinicaltrials.gov/study/NCT01781637
OMALIZUMAB_FOOD_ALLERGY_AUTO_FULL_REVIEW.html,M-TAX,31193674,,Andorf S,2019,27-38,EClinicalMedicine,"NCT NCT02626611: The Number of Participants Able to Tolerate an Oral Food Challenge to 2,000 mg at Least of 2 Allergens at Week 36 (i.e. . Source: ClinicalTrials.gov registry (AACT-verified); publicat",https://clinicaltrials.gov/study/NCT02626611
OMALIZUMAB_FOOD_ALLERGY_AUTO_FULL_REVIEW.html,NCT03181009,35014049,,Sindher SB,2022,1873-1884,Allergy,NCT NCT03181009: Change in Allergen-specific Serum IgG4 and IgE. Source: ClinicalTrials.gov registry (AACT-verified); publication resolved live via NCT.,https://clinicaltrials.gov/study/NCT03181009
OMALIZUMAB_NASAL_AUTO_FULL_REVIEW.html,POLYP 2,33548517,,Peters AT,2021,2461-2471,The journal of allergy and clinical immunology. In practice,NCT NCT03280537: Change From Baseline in Nasal Polyp Score (NPS) at Week 24. Source: ClinicalTrials.gov registry (AACT-verified); publication resolved live via NCT.,https://clinicaltrials.gov/study/NCT03280537
OMALIZUMAB_NASAL_AUTO_FULL_REVIEW.html,NCT03478930,37951571,,Gevaert P,2024,355-362,"Annals of allergy, asthma & immunology : official publication of the American College of Allergy, Asthma, & Immunology",NCT NCT03478930: Change From Baseline in Nasal Polyp Score (NPS). Source: ClinicalTrials.gov registry (AACT-verified); publication resolved live via NCT.,https://clinicaltrials.gov/study/NCT03478930
OMALIZUMAB_NASAL_AUTO_FULL_REVIEW.html,POLYP 1,33548517,,Peters AT,2021,2461-2471,The journal of allergy and clinical immunology. In practice,NCT NCT03280550: Change From Baseline in Nasal Polyp Score (NPS) at Week 24. Source: ClinicalTrials.gov registry (AACT-verified); publication resolved live via NCT.,https://clinicaltrials.gov/study/NCT03280550
OMALIZUMAB_NASAL_AUTO_FULL_REVIEW.html,EVEREST,35837739,,De Prado Gomez PharmD MSc L,2022,788-795,American journal of rhinology & allergy,NCT NCT04998604: Change From Baseline to Week 24 in Nasal Polyp Score. Source: ClinicalTrials.gov registry (AACT-verified); publication resolved live via NCT.,https://clinicaltrials.gov/study/NCT04998604
OMALIZUMAB_URTICARIA_AUTO_FULL_REVIEW.html,NCT03580369,38008109,,Maurer M,2024,147-159,"Lancet (London, England)",NCT NCT03580369: Mean Change From Baseline in UAS7 at Week 12 (Multiple Imputation) of Adult Subjects. Source: ClinicalTrials.gov registry (AACT-verified); publication resolved live via NCT.,https://clinicaltrials.gov/study/NCT03580369
OMALIZUMAB_URTICARIA_AUTO_FULL_REVIEW.html,NCT03580356,38008109,,Maurer M,2024,147-159,"Lancet (London, England)",NCT NCT03580356: Mean Change From Baseline in UAS7 at Week 12 (Multiple Imputation) of Adult Subjects. Source: ClinicalTrials.gov registry (AACT-verified); publication resolved live via NCT.,https://clinicaltrials.gov/study/NCT03580356
OMALIZUMAB_URTICARIA_AUTO_FULL_REVIEW.html,NCT01292473,23432142,,Maurer M,2013,924-935,The New England journal of medicine,NCT NCT01292473: Change From Baseline in the Weekly Itch Severity Score at Week 12. Source: ClinicalTrials.gov registry (AACT-verified); publication resolved live via NCT.,https://clinicaltrials.gov/study/NCT01292473
OMARIGLIPTIN_TYPE_2_AUTO_FULL_REVIEW.html,NCT01704261,29110647,,Lee SH,2017,70,BMC endocrine disorders,NCT NCT01704261: Change From Baseline in Hemoglobin A1c (A1C) at Week 24. Source: ClinicalTrials.gov registry (AACT-verified); publication resolved live via NCT.,https://clinicaltrials.gov/study/NCT01704261
OMARIGLIPTIN_TYPE_2_AUTO_FULL_REVIEW.html,NCT02906709,33512755,,Kadowaki T,2021,1242-1251,"Diabetes, obesity & metabolism",NCT NCT02906709: Constrained Longitudinal Data Analysis of Change From Baseline in Hemoglobin A1c (HbA1c) at Week 16 Excluding Data After. Source: ClinicalTrials.gov registry (AACT-verified); publicat,https://clinicaltrials.gov/study/NCT02906709
OMARIGLIPTIN_TYPE_2_AUTO_FULL_REVIEW.html,NCT01755156,28547998,,Shankar RR,2017,1853-1860,Current medical research and opinion,NCT NCT01755156: Change From Baseline in Glycosylated Hemoglobin (A1C) at Week 24 (Phase A). Source: ClinicalTrials.gov registry (AACT-verified); publication resolved live via NCT.,https://clinicaltrials.gov/study/NCT01755156
OMARIGLIPTIN_TYPE_2_AUTO_FULL_REVIEW.html,NCT01703221,28449368,,Gantz I,2017,1602-1609,"Diabetes, obesity & metabolism",NCT NCT01703221: Change From Baseline for Hemoglobin A1c (HbA1c) at Week 24. Source: ClinicalTrials.gov registry (AACT-verified); publication resolved live via NCT.,https://clinicaltrials.gov/study/NCT01703221
OMARIGLIPTIN_TYPE_2_AUTO_FULL_REVIEW.html,NCT01697592,28589493,,Gantz I,2017,793-810,"Diabetes therapy : research, treatment and education of diabetes and related disorders",NCT NCT01697592: Percentage of Participants Who Experienced at Least One Adverse Event Excluding Data After Glycemic Rescue During Phase . Source: ClinicalTrials.gov registry (AACT-verified); publicat,https://clinicaltrials.gov/study/NCT01697592
OMARIGLIPTIN_TYPE_2_AUTO_FULL_REVIEW.html,NCT01717313,29079379,,Home P,2018,253-261,Diabetes research and clinical practice,"NCT NCT01717313: Change From Baseline in Hemoglobin A1c (A1C) at Week 24 (Phase A, FAS Population). Source: ClinicalTrials.gov registry (AACT-verified); publication resolved live via NCT.",https://clinicaltrials.gov/study/NCT01717313
OMARIGLIPTIN_TYPE_2_AUTO_FULL_REVIEW.html,NCT01682759,28548024,,Handelsman Y,2017,1861-1868,Current medical research and opinion,NCT NCT01682759: Change From Baseline in Hemoglobin A1C at Week 54. Source: ClinicalTrials.gov registry (AACT-verified); publication resolved live via NCT.,https://clinicaltrials.gov/study/NCT01682759
OMBITASVIR_CHRONIC_HEPATITIS_AUTO_FULL_REVIEW.html,NCT02356562,26596948,,King JR,2016,855-861,Antimicrobial agents and chemotherapy,NCT NCT02356562: Percentage of Part 1 Participants With Sustained Virologic Response 12 (SVR12) Weeks Posttreatment. Source: ClinicalTrials.gov registry (AACT-verified); publication resolved live via ,https://clinicaltrials.gov/study/NCT02356562
OMBITASVIR_CHRONIC_HEPATITIS_AUTO_FULL_REVIEW.html,CORAL-I,25386767,,Kwo PY,2014,2375-2382,The New England journal of medicine,NCT NCT01782495: Percentage of Participants With Sustained Virologic Response 12 Weeks Post-treatment (SVR12). Source: ClinicalTrials.gov registry (AACT-verified); publication resolved live via NCT.,https://clinicaltrials.gov/study/NCT01782495
OMBITASVIR_CHRONIC_HEPATITIS_AUTO_FULL_REVIEW.html,ZIRCON,32451952,,Rosenthal P,2020,3299-3310,Advances in therapy,NCT NCT02486406: Part 1: Maximum Plasma Concentration (Cmax) of Ombitasvir (OBV). Source: ClinicalTrials.gov registry (AACT-verified); publication resolved live via NCT.,https://clinicaltrials.gov/study/NCT02486406
OMBITASVIR_HEPATITIS_C_AUTO_FULL_REVIEW.html,NCT02487199,30291369,,Shuster DL,2019,207-216,European journal of clinical pharmacology,NCT NCT02487199: Percentage of Participants With Sustained Virologic Response 12 Weeks Post-treatment (SVR12). Source: ClinicalTrials.gov registry (AACT-verified); publication resolved live via NCT.,https://clinicaltrials.gov/study/NCT02487199
OMBITASVIR_HEPATITIS_C_AUTO_FULL_REVIEW.html,NCT02517515,29909549,,Zha J,2019,43-52,European journal of drug metabolism and pharmacokinetics,NCT NCT02517515: Percentage of Participants With Sustained Virologic Response 12 Weeks Post-treatment (SVR12). Source: ClinicalTrials.gov registry (AACT-verified); publication resolved live via NCT.,https://clinicaltrials.gov/study/NCT02517515
OMECAMTIV_HEARTFAIL_AUTO_FULL_REVIEW.html,GALACTIC-HF,32035892,,Teerlink JR,2020,329-340,JACC. Heart failure,NCT NCT02929329: Time to Cardiovascular Death or First Heart Failure Event. Source: ClinicalTrials.gov registry (AACT-verified); publication resolved live via NCT.,https://clinicaltrials.gov/study/NCT02929329
OMECAMTIV_HEARTFAIL_AUTO_FULL_REVIEW.html,COSMIC-HF,33176437,,Felker GM,2020,e007814,Circulation. Heart failure,NCT NCT01786512: Dose Escalation Phase: Maximum Observed Plasma Concentration (Cmax) of Omecamtiv Mecarbil Following the Last Dose (Day 7. Source: ClinicalTrials.gov registry (AACT-verified); publicat,https://clinicaltrials.gov/study/NCT01786512
OMECAMTIV_HEARTFAIL_AUTO_FULL_REVIEW.html,METEORIC-HF,35236099,,Lewis GD,2022,e008970,Circulation. Heart failure,NCT NCT03759392: Change in Peak Oxygen Uptake on Cardiopulmonary Exercise Testing From Baseline to Week 20. Source: ClinicalTrials.gov registry (AACT-verified); publication resolved live via NCT.,https://clinicaltrials.gov/study/NCT03759392
OMECAMTIV_HF_AUTO_FULL_REVIEW.html,GALACTIC-HF,32035892,,Teerlink JR,2020,329-340,JACC. Heart failure,NCT NCT02929329: Time to Cardiovascular Death or First Heart Failure Event. Source: ClinicalTrials.gov registry (AACT-verified); publication resolved live via NCT.,https://clinicaltrials.gov/study/NCT02929329
OMECAMTIV_HF_AUTO_FULL_REVIEW.html,COSMIC-HF,33176437,,Felker GM,2020,e007814,Circulation. Heart failure,NCT NCT01786512: Dose Escalation Phase: Maximum Observed Plasma Concentration (Cmax) of Omecamtiv Mecarbil Following the Last Dose (Day 7. Source: ClinicalTrials.gov registry (AACT-verified); publicat,https://clinicaltrials.gov/study/NCT01786512
OMECAMTIV_HF_AUTO_FULL_REVIEW.html,METEORIC-HF,35236099,,Lewis GD,2022,e008970,Circulation. Heart failure,NCT NCT03759392: Change in Peak Oxygen Uptake on Cardiopulmonary Exercise Testing From Baseline to Week 20. Source: ClinicalTrials.gov registry (AACT-verified); publication resolved live via NCT.,https://clinicaltrials.gov/study/NCT03759392
OMECAMTIV_HFREF_AUTO_FULL_REVIEW.html,GALACTIC-HF,32035892,,Teerlink JR,2020,329-340,JACC. Heart failure,NCT NCT02929329: Time to Cardiovascular Death or First Heart Failure Event. Source: ClinicalTrials.gov registry (AACT-verified); publication resolved live via NCT.,https://clinicaltrials.gov/study/NCT02929329
OMECAMTIV_HFREF_AUTO_FULL_REVIEW.html,COSMIC-HF,33176437,,Felker GM,2020,e007814,Circulation. Heart failure,NCT NCT01786512: Dose Escalation Phase: Maximum Observed Plasma Concentration (Cmax) of Omecamtiv Mecarbil Following the Last Dose (Day 7. Source: ClinicalTrials.gov registry (AACT-verified); publicat,https://clinicaltrials.gov/study/NCT01786512
OMECAMTIV_HFREF_AUTO_FULL_REVIEW.html,METEORIC-HF,35236099,,Lewis GD,2022,e008970,Circulation. Heart failure,NCT NCT03759392: Change in Peak Oxygen Uptake on Cardiopulmonary Exercise Testing From Baseline to Week 20. Source: ClinicalTrials.gov registry (AACT-verified); publication resolved live via NCT.,https://clinicaltrials.gov/study/NCT03759392
ONASEMNOGENE_SMA_AUTO_FULL_REVIEW.html,SPR1NT,34383289,,Day JW,2021,1109-1119,Drug safety,NCT NCT03505099: Cohort 1: Number of Participants Who Achieved Sitting Alone for at Least 30 Seconds. Source: ClinicalTrials.gov registry (AACT-verified); publication resolved live via NCT.,https://clinicaltrials.gov/study/NCT03505099
ONTAMALIMAB_IBD_AUTO_FULL_REVIEW.html,CARMEN CD 307,38096402,,Vermeire S,2024,708-719,Journal of Crohn's & colitis,NCT NCT03627091: Number of Participants With Clinical Remission at Week 52. Source: ClinicalTrials.gov registry (AACT-verified); publication resolved live via NCT.,https://clinicaltrials.gov/study/NCT03627091
ONTAMALIMAB_IBD_AUTO_FULL_REVIEW.html,CARMEN CD 306,38096402,,Vermeire S,2024,708-719,Journal of Crohn's & colitis,NCT NCT03566823: Number of Participants With Clinical Remission Based on 2-item Patient-reported Outcome (PRO) at Week 16. Source: ClinicalTrials.gov registry (AACT-verified); publication resolved liv,https://clinicaltrials.gov/study/NCT03566823
ONTAMALIMAB_IBD_AUTO_FULL_REVIEW.html,FIGARO UC 303,38096402,,Vermeire S,2024,708-719,Journal of Crohn's & colitis,NCT NCT03290781: Number of Participants With Remission Based on Composite Score at Week 52. Source: ClinicalTrials.gov registry (AACT-verified); publication resolved live via NCT.,https://clinicaltrials.gov/study/NCT03290781
ONTAMALIMAB_IBD_AUTO_FULL_REVIEW.html,CARMEN CD 305,38096402,,Vermeire S,2024,708-719,Journal of Crohn's & colitis,NCT NCT03559517: Number of Participants With Clinical Remission Based on 2-item Patient-reported Outcome (PRO) at Week 16. Source: ClinicalTrials.gov registry (AACT-verified); publication resolved liv,https://clinicaltrials.gov/study/NCT03559517
ORTERONEL_PROSTATE_CANCER_AUTO_FULL_REVIEW.html,NCT01193244,25701170,,Saad F,2015,338-348,The Lancet. Oncology,NCT NCT01193244: Radiographic Progression-free Survival (rPFS). Source: ClinicalTrials.gov registry (AACT-verified); publication resolved live via NCT.,https://clinicaltrials.gov/study/NCT01193244
ORTERONEL_PROSTATE_CANCER_AUTO_FULL_REVIEW.html,NCT01193257,25624429,,Fizazi K,2015,723-731,Journal of clinical oncology : official journal of the American Society of Clinical Oncology,NCT NCT01193257: Overall Survival. Source: ClinicalTrials.gov registry (AACT-verified); publication resolved live via NCT.,https://clinicaltrials.gov/study/NCT01193257
OSILODROSTAT_CUSHING_AUTO_FULL_REVIEW.html,NCT02180217,32730798,,Pivonello R,2020,748-761,The lancet. Diabetes & endocrinology,NCT NCT02180217: Percentage of Primary Efficacy Responder at Week 34 by Randomized Treatment and Strata. Source: ClinicalTrials.gov registry (AACT-verified); publication resolved live via NCT.,https://clinicaltrials.gov/study/NCT02180217
OSILODROSTAT_CUSHING_AUTO_FULL_REVIEW.html,LINC-4,35325149,,Gadelha M,2022,e2882-e2895,The Journal of clinical endocrinology and metabolism,NCT NCT02697734: Percentage of Randomized Participants With a Complete Response. Source: ClinicalTrials.gov registry (AACT-verified); publication resolved live via NCT.,https://clinicaltrials.gov/study/NCT02697734
OSIMERTINIB_ADJUVANT_AUTO_FULL_REVIEW.html,NCT03255083,36892745,,Yang JC,2023,306-316,Investigational new drugs,NCT NCT03255083: Number of Participants With Dose-limiting Toxicities (DLTs) Following Administration With DS-1205c in Combination With O. Source: ClinicalTrials.gov registry (AACT-verified); publicat,https://clinicaltrials.gov/study/NCT03255083
OSIMERTINIB_ADJUVANT_AUTO_FULL_REVIEW.html,MARIPOSA,34911336,,Cho BC,2022,639-647,"Future oncology (London, England)",NCT NCT04487080: Progression-Free Survival (PFS) According to Response Evaluation Criteria in Solid Tumors (RECIST) Version 1.1 as Assess. Source: ClinicalTrials.gov registry (AACT-verified); publicat,https://clinicaltrials.gov/study/NCT04487080
OSIMERTINIB_LUNG_AUTO_FULL_REVIEW.html,NCT03255083,36892745,,Yang JC,2023,306-316,Investigational new drugs,NCT NCT03255083: Number of Participants With Dose-limiting Toxicities (DLTs) Following Administration With DS-1205c in Combination With O. Source: ClinicalTrials.gov registry (AACT-verified); publicat,https://clinicaltrials.gov/study/NCT03255083
OSIMERTINIB_LUNG_AUTO_FULL_REVIEW.html,MARIPOSA,34911336,,Cho BC,2022,639-647,"Future oncology (London, England)",NCT NCT04487080: Progression-Free Survival (PFS) According to Response Evaluation Criteria in Solid Tumors (RECIST) Version 1.1 as Assess. Source: ClinicalTrials.gov registry (AACT-verified); publicat,https://clinicaltrials.gov/study/NCT04487080
OTESECONAZOLE_VVC_AUTO_FULL_REVIEW.html,ultraVIOLET,36396498,,Vanreppelen G,2023,64-65,Trends in pharmacological sciences,NCT NCT03840616: Percentage of Subjects With 1 or More Culture-verified Acute VVC Episodes During the Maintenance Phase of the Study in t. Source: ClinicalTrials.gov registry (AACT-verified); publicat,https://clinicaltrials.gov/study/NCT03840616
OTESECONAZOLE_VVC_AUTO_FULL_REVIEW.html,VIOLET,36396498,,Vanreppelen G,2023,64-65,Trends in pharmacological sciences,NCT NCT03561701: Percentage of Subjects With 1 or More Culture-verified Acute VVC Episodes During the Maintenance Phase of the Study in t. Source: ClinicalTrials.gov registry (AACT-verified); publicat,https://clinicaltrials.gov/study/NCT03561701
OTESECONAZOLE_VVC_AUTO_FULL_REVIEW.html,VIOLET,36396498,,Vanreppelen G,2023,64-65,Trends in pharmacological sciences,NCT NCT03562156: Percentage of Subjects With 1 or More Culture-Verified Acute VVC Episodes During the Maintenance Phase of the Study in t. Source: ClinicalTrials.gov registry (AACT-verified); publicat,https://clinicaltrials.gov/study/NCT03562156
OTILIMAB_ARTHRITIS_RHEUMATOID_AUTO_FULL_REVIEW.html,contRAst 1,37699654,,Fleischmann RM,2023,1516-1526,Annals of the rheumatic diseases,NCT NCT03980483: Percentage of Participants Achieving 20 Percentage (%) Improvement in American College of Rheumatology Criteria (ACR20) . Source: ClinicalTrials.gov registry (AACT-verified); publicat,https://clinicaltrials.gov/study/NCT03980483
OTILIMAB_ARTHRITIS_RHEUMATOID_AUTO_FULL_REVIEW.html,contRAst X,40044198,,Weinblatt ME,2025,e088869,BMJ open,"NCT NCT04333147: Number of Participants With Adverse Events (AEs), Serious Adverse Events (SAEs) and Adverse Events of Special Interest (. Source: ClinicalTrials.gov registry (AACT-verified); publicat",https://clinicaltrials.gov/study/NCT04333147
OTILIMAB_ARTHRITIS_RHEUMATOID_AUTO_FULL_REVIEW.html,contRAst 3,37696589,,Taylor PC,2023,1527-1537,Annals of the rheumatic diseases,NCT NCT04134728: Percentage of Participants With 20% Improvement in American College of Rheumatology Criteria (ACR20) at Week 12 Superior. Source: ClinicalTrials.gov registry (AACT-verified); publicat,https://clinicaltrials.gov/study/NCT04134728
OTILIMAB_ARTHRITIS_RHEUMATOID_AUTO_FULL_REVIEW.html,contRAst 2,37699654,,Fleischmann RM,2023,1516-1526,Annals of the rheumatic diseases,NCT NCT03970837: Percentage (%) of Participants With 20% Improvement in American College of Rheumatology Criteria (ACR20) at Week 12 Supe. Source: ClinicalTrials.gov registry (AACT-verified); publicat,https://clinicaltrials.gov/study/NCT03970837
OZANIMOD_CROHN_DISEASE_AUTO_FULL_REVIEW.html,NCT03440385,36208720,,Feagan BG,2022,106958,Contemporary clinical trials,NCT NCT03440385: Percentage of Participants With Crohn's Disease Activity Index (CDAI) Score < 150. Source: ClinicalTrials.gov registry (AACT-verified); publication resolved live via NCT.,https://clinicaltrials.gov/study/NCT03440385
OZANIMOD_CROHN_DISEASE_AUTO_FULL_REVIEW.html,NCT03467958,36208720,,Feagan BG,2022,106958,Contemporary clinical trials,NCT NCT03467958: Percentage of Participants With Clinical Remission. Source: ClinicalTrials.gov registry (AACT-verified); publication resolved live via NCT.,https://clinicaltrials.gov/study/NCT03467958
OZANIMOD_CROHN_DISEASE_AUTO_FULL_REVIEW.html,NCT03464097,36208720,,Feagan BG,2022,106958,Contemporary clinical trials,NCT NCT03464097: Percentage of Participants Who Achieve Crohn's Disease Activity Index (CDAI) Score < 150 at Week 52 as Observed. Source: ClinicalTrials.gov registry (AACT-verified); publication resol,https://clinicaltrials.gov/study/NCT03464097
OZANIMOD_CROHN_DISEASE_AUTO_FULL_REVIEW.html,NCT03440372,36208720,,Feagan BG,2022,106958,Contemporary clinical trials,NCT NCT03440372: Percent of Participants With a Crohn's Disease Activity Index (CDAI) Score < 150 at Week 12. Source: ClinicalTrials.gov registry (AACT-verified); publication resolved live via NCT.,https://clinicaltrials.gov/study/NCT03440372
PACRITINIB_MF_AUTO_2_FULL_REVIEW.html,NCT04884191,34551507,,Verstovsek S,2022,1599-1607,Haematologica,NCT NCT04884191: Spleen Volume Reduction Response (≥ 35%). Source: ClinicalTrials.gov registry (AACT-verified); publication resolved live via NCT.,https://clinicaltrials.gov/study/NCT04884191
PACRITINIB_MF_AUTO_2_FULL_REVIEW.html,PAC326,33275766,,Tremblay D,2020,5929-5935,Blood advances,NCT NCT02055781: Spleen Volume Reduction. Source: ClinicalTrials.gov registry (AACT-verified); publication resolved live via NCT.,https://clinicaltrials.gov/study/NCT02055781
PACRITINIB_MF_AUTO_FULL_REVIEW.html,NCT04884191,34551507,,Verstovsek S,2022,1599-1607,Haematologica,NCT NCT04884191: Spleen Volume Reduction Response (≥ 35%). Source: ClinicalTrials.gov registry (AACT-verified); publication resolved live via NCT.,https://clinicaltrials.gov/study/NCT04884191
PACRITINIB_MF_AUTO_FULL_REVIEW.html,PAC326,33275766,,Tremblay D,2020,5929-5935,Blood advances,NCT NCT02055781: Spleen Volume Reduction. Source: ClinicalTrials.gov registry (AACT-verified); publication resolved live via NCT.,https://clinicaltrials.gov/study/NCT02055781
PALBOCICLIB_BREAST_AUTO_FULL_REVIEW.html,AMEERA-1,35840573,,Bardia A,2022,4116,Nature communications,"NCT NCT03284957: Parts A, C, F, H, J: Number of Participants With Study Treatment-Related Dose-Limiting Toxicities (DLTs). Source: ClinicalTrials.gov registry (AACT-verified); publication resolved liv",https://clinicaltrials.gov/study/NCT03284957
PALBOCICLIB_BREAST_AUTO_FULL_REVIEW.html,AMEERA-5,35309087,,Bardia A,2022,17588359221083956,Therapeutic advances in medical oncology,NCT NCT04478266: Progression-free Survival (PFS). Source: ClinicalTrials.gov registry (AACT-verified); publication resolved live via NCT.,https://clinicaltrials.gov/study/NCT04478266
PALBOCICLIB_BREAST_AUTO_FULL_REVIEW.html,NCT05012644,37428347,,DeMichele A,2023,543-558,Targeted oncology,NCT NCT05012644: Real World Tumor Response (rwTR) of All Participants (Adjusted by Normalized Inverse Probability of Treatment Weighting . Source: ClinicalTrials.gov registry (AACT-verified); publicat,https://clinicaltrials.gov/study/NCT05012644
PALFORZIA_PEANUT_AUTO_FULL_REVIEW.html,CAFETERIA,39928078,,Sicherer SH,2025,EVIDoa2400306,NEJM evidence,NCT NCT03907397: Percentage of Children That Tolerate the Full Challenge. Source: ClinicalTrials.gov registry (AACT-verified); publication resolved live via NCT.,https://clinicaltrials.gov/study/NCT03907397
PALFORZIA_PEANUT_AUTO_FULL_REVIEW.html,POISED,29709643,,Chinthrajah RS,2018,69-76,"Annals of allergy, asthma & immunology : official publication of the American College of Allergy, Asthma, & Immunology",NCT NCT02103270: Passing the Week 117 DBPCFC to Peanut. Source: ClinicalTrials.gov registry (AACT-verified); publication resolved live via NCT.,https://clinicaltrials.gov/study/NCT02103270
PALFORZIA_PEANUT_AUTO_FULL_REVIEW.html,NCT02198664,34389504,,Nilsson C,2021,4496-4501,The journal of allergy and clinical immunology. In practice,NCT NCT02198664: Number of Participants With Treatment-related Adverse Events and Dosing Symptoms Occurring With Peanut OIT Over a Protra. Source: ClinicalTrials.gov registry (AACT-verified); publicat,https://clinicaltrials.gov/study/NCT02198664
PALIFERMIN_MUCOSITIS_AUTO_FULL_REVIEW.html,NCT00267046,20855800,,Vadhan-Raj S,2010,358-367,Annals of internal medicine,NCT NCT00267046: Cumulative Incidence Rate of Oral Mucositis. Source: ClinicalTrials.gov registry (AACT-verified); publication resolved live via NCT.,https://clinicaltrials.gov/study/NCT00267046
PALIFERMIN_MUCOSITIS_AUTO_FULL_REVIEW.html,NCT01163097,25880826,,Yang BB,2015,1109-1118,Journal of clinical pharmacology,NCT NCT01163097: Ratio to Baseline of Epithelial Cell Proliferation as Assessed by Ki67 Staining of Buccal Mucosal Tissue.. Source: ClinicalTrials.gov registry (AACT-verified); publication resolved li,https://clinicaltrials.gov/study/NCT01163097
PALOPEGTERIPARATIDE_HPP_AUTO_FULL_REVIEW.html,PaTHway,38691316,,Rejnmark L,2024,2500-2518,Advances in therapy,NCT NCT04701203: Efficacy - Primary Endpoint During the Blinded Period. Source: ClinicalTrials.gov registry (AACT-verified); publication resolved live via NCT.,https://clinicaltrials.gov/study/NCT04701203
PALOPEGTERIPARATIDE_HPP_AUTO_FULL_REVIEW.html,PaTH Forward,34347093,,Khan AA,2022,e372-e385,The Journal of clinical endocrinology and metabolism,NCT NCT04009291: Efficacy - Primary Endpoint During the Blinded Period. Source: ClinicalTrials.gov registry (AACT-verified); publication resolved live via NCT.,https://clinicaltrials.gov/study/NCT04009291
PARITAPREVIR_CHRONIC_HEPATITIS_AUTO_FULL_REVIEW.html,NCT02356562,26596948,,King JR,2016,855-861,Antimicrobial agents and chemotherapy,NCT NCT02356562: Percentage of Part 1 Participants With Sustained Virologic Response 12 (SVR12) Weeks Posttreatment. Source: ClinicalTrials.gov registry (AACT-verified); publication resolved live via ,https://clinicaltrials.gov/study/NCT02356562
PARITAPREVIR_CHRONIC_HEPATITIS_AUTO_FULL_REVIEW.html,ZIRCON,32451952,,Rosenthal P,2020,3299-3310,Advances in therapy,NCT NCT02486406: Part 1: Maximum Plasma Concentration (Cmax) of Ombitasvir (OBV). Source: ClinicalTrials.gov registry (AACT-verified); publication resolved live via NCT.,https://clinicaltrials.gov/study/NCT02486406
PARITAPREVIR_HEPATITIS_C_AUTO_FULL_REVIEW.html,NCT02487199,30291369,,Shuster DL,2019,207-216,European journal of clinical pharmacology,NCT NCT02487199: Percentage of Participants With Sustained Virologic Response 12 Weeks Post-treatment (SVR12). Source: ClinicalTrials.gov registry (AACT-verified); publication resolved live via NCT.,https://clinicaltrials.gov/study/NCT02487199
PARITAPREVIR_HEPATITIS_C_AUTO_FULL_REVIEW.html,NCT02517515,29909549,,Zha J,2019,43-52,European journal of drug metabolism and pharmacokinetics,NCT NCT02517515: Percentage of Participants With Sustained Virologic Response 12 Weeks Post-treatment (SVR12). Source: ClinicalTrials.gov registry (AACT-verified); publication resolved live via NCT.,https://clinicaltrials.gov/study/NCT02517515
PASIREOTIDE_ACROMEGALY_AUTO_FULL_REVIEW.html,PAOLA,25260838,,Gadelha MR,2014,875-884,The lancet. Diabetes & endocrinology,NCT NCT01137682: Percentage of Participants With a Reduction of Mean GH Levels to < 2.5 µg/L and Normalization of Sex- and Age-adjusted I. Source: ClinicalTrials.gov registry (AACT-verified); publicat,https://clinicaltrials.gov/study/NCT01137682
PASIREOTIDE_ACROMEGALY_AUTO_FULL_REVIEW.html,NCT02354508,32117045,,Gadelha M,2019,931,Frontiers in endocrinology,NCT NCT02354508: Core Phase: Percentage of Participants With Mean GH < 1 g/L and IGF-1 < ULN at Week 36 by Previous Treatment and Overall. Source: ClinicalTrials.gov registry (AACT-verified); publicat,https://clinicaltrials.gov/study/NCT02354508
PASIREOTIDE_CUSHING_AUTO_FULL_REVIEW.html,NCT00434148,22397653,,Colao A,2012,914-924,The New England journal of medicine,NCT NCT00434148: Number of mUFC (Urinary Free Cortisol) Responders by Randomized Dose Group. Source: ClinicalTrials.gov registry (AACT-verified); publication resolved live via NCT.,https://clinicaltrials.gov/study/NCT00434148
PASIREOTIDE_CUSHING_AUTO_FULL_REVIEW.html,NCT01374906,27405306,,Silverstein JM,2016,536-543,Pituitary,NCT NCT01374906: Percentage Participants That Attained a mUFC ≤ 1.0 x ULN at Month 7 Regardless of Dose Titration. Source: ClinicalTrials.gov registry (AACT-verified); publication resolved live via NC,https://clinicaltrials.gov/study/NCT01374906
PASIREOTIDE_CUSHING_AUTO_FULL_REVIEW.html,SEASCAPE,31379734,,Fleseriu M,2019,436,Frontiers in endocrinology,NCT NCT01582061: Percentage of Patients With a Drug-related Adverse Event That is Recorded as Grade 3 or 4 or as a Serious Adverse Event . Source: ClinicalTrials.gov registry (AACT-verified); publicat,https://clinicaltrials.gov/study/NCT01582061
PATISIRAN_ATTR_PN_AUTO_FULL_REVIEW.html,NCT01617967,26338094,,Suhr OB,2015,109,Orphanet journal of rare diseases,"NCT NCT01617967: Number of Participants With Adverse Events (AEs), Serious Adverse Events (SAEs) and Study Drug Discontinuation. Source: ClinicalTrials.gov registry (AACT-verified); publication resolv",https://clinicaltrials.gov/study/NCT01617967
PATISIRAN_ATTR_PN_AUTO_FULL_REVIEW.html,NCT03759379,35875890,,Adams D,2023,1-9,Amyloid : the international journal of experimental and clinical investigation : the official journal of the International Society of Amyloidosis,NCT NCT03759379: Change From Baseline in the Modified Neurologic Impairment Score +7 (mNIS+7) at Month 9 Between the Vutrisiran Group (HE. Source: ClinicalTrials.gov registry (AACT-verified); publicat,https://clinicaltrials.gov/study/NCT03759379
PATISIRAN_ATTR_PN_AUTO_FULL_REVIEW.html,NCT03997383,37888916,,Maurer MS,2023,1553-1565,The New England journal of medicine,NCT NCT03997383: Change From Baseline at Month 12 in Six-Minute Walk Test (6-MWT). Source: ClinicalTrials.gov registry (AACT-verified); publication resolved live via NCT.,https://clinicaltrials.gov/study/NCT03997383
PATISIRAN_ATTR_PN_AUTO_FULL_REVIEW.html,NCT01960348,29972753,,Adams D,2018,11-21,The New England journal of medicine,NCT NCT01960348: Modified Neuropathy Impairment Score +7 (mNIS+7). Source: ClinicalTrials.gov registry (AACT-verified); publication resolved live via NCT.,https://clinicaltrials.gov/study/NCT01960348
PATISIRAN_ATTR_PN_AUTO_FULL_REVIEW.html,NCT02510261,33212063,,Adams D,2021,49-59,The Lancet. Neurology,NCT NCT02510261: Percentage of Participants With Adverse Events (AEs) Leading to Study Discontinuation. Source: ClinicalTrials.gov registry (AACT-verified); publication resolved live via NCT.,https://clinicaltrials.gov/study/NCT02510261
PATISIRAN_HATTR_AUTO_FULL_REVIEW.html,NCT01617967,26338094,,Suhr OB,2015,109,Orphanet journal of rare diseases,"NCT NCT01617967: Number of Participants With Adverse Events (AEs), Serious Adverse Events (SAEs) and Study Drug Discontinuation. Source: ClinicalTrials.gov registry (AACT-verified); publication resolv",https://clinicaltrials.gov/study/NCT01617967
PATISIRAN_HATTR_AUTO_FULL_REVIEW.html,NCT03759379,35875890,,Adams D,2023,1-9,Amyloid : the international journal of experimental and clinical investigation : the official journal of the International Society of Amyloidosis,NCT NCT03759379: Change From Baseline in the Modified Neurologic Impairment Score +7 (mNIS+7) at Month 9 Between the Vutrisiran Group (HE. Source: ClinicalTrials.gov registry (AACT-verified); publicat,https://clinicaltrials.gov/study/NCT03759379
PATISIRAN_HATTR_AUTO_FULL_REVIEW.html,NCT03997383,37888916,,Maurer MS,2023,1553-1565,The New England journal of medicine,NCT NCT03997383: Change From Baseline at Month 12 in Six-Minute Walk Test (6-MWT). Source: ClinicalTrials.gov registry (AACT-verified); publication resolved live via NCT.,https://clinicaltrials.gov/study/NCT03997383
PATISIRAN_HATTR_AUTO_FULL_REVIEW.html,NCT01960348,29972753,,Adams D,2018,11-21,The New England journal of medicine,NCT NCT01960348: Modified Neuropathy Impairment Score +7 (mNIS+7). Source: ClinicalTrials.gov registry (AACT-verified); publication resolved live via NCT.,https://clinicaltrials.gov/study/NCT01960348
PATISIRAN_HATTR_AUTO_FULL_REVIEW.html,NCT02510261,33212063,,Adams D,2021,49-59,The Lancet. Neurology,NCT NCT02510261: Percentage of Participants With Adverse Events (AEs) Leading to Study Discontinuation. Source: ClinicalTrials.gov registry (AACT-verified); publication resolved live via NCT.,https://clinicaltrials.gov/study/NCT02510261
PCV13_VACCINE_AUTO_FULL_REVIEW.html,NCT03620162,36522265,,Bili A,2023,657-665,Vaccine,NCT NCT03620162: Percentage of Participants With a Solicited Injection-site Adverse Event (AE). Source: ClinicalTrials.gov registry (AACT-verified); publication resolved live via NCT.,https://clinicaltrials.gov/study/NCT03620162
PCV13_VACCINE_AUTO_FULL_REVIEW.html,PNEU-AGE,34507861,,Platt HL,2022,162-172,Vaccine,NCT NCT03950622: Percentage of Participants With a Solicited Injection-site Adverse Event. Source: ClinicalTrials.gov registry (AACT-verified); publication resolved live via NCT.,https://clinicaltrials.gov/study/NCT03950622
PCV13_VACCINE_AUTO_FULL_REVIEW.html,NCT02225587,34019468,,Buchwald UK,2021,2678-2690,Human vaccines & immunotherapeutics,NCT NCT02225587: Percentage of Participants With an Adverse Event (AE). Source: ClinicalTrials.gov registry (AACT-verified); publication resolved live via NCT.,https://clinicaltrials.gov/study/NCT02225587
PCV13_VACCINE_AUTO_FULL_REVIEW.html,NCT03848065,36882898,,Ishihara Y,2023,2180973,Human vaccines & immunotherapeutics,NCT NCT03848065: Percentage of Participants With a Solicited Injection-site Adverse Event (AE). Source: ClinicalTrials.gov registry (AACT-verified); publication resolved live via NCT.,https://clinicaltrials.gov/study/NCT03848065
PCV13_VACCINE_AUTO_FULL_REVIEW.html,PNEU-WAY PED,36939067,,Wilck M,2023,1227-1237,"AIDS (London, England)",NCT NCT03921424: Percentage of Participants With a Solicited Injection-Site Adverse Event Following Vaccination With V114 or Prevnar 13™. Source: ClinicalTrials.gov registry (AACT-verified); publicati,https://clinicaltrials.gov/study/NCT03921424
PCV15_VACCINE_AUTO_FULL_REVIEW.html,NCT05393037,40953572,,Pathirana J,2025,e679-e690,The lancet. HIV,NCT NCT05393037: Percentage of Participants With Solicited Injection-site AEs From Day 1 Through Day 5 Postvaccination in Part A. Source: ClinicalTrials.gov registry (AACT-verified); publication resol,https://clinicaltrials.gov/study/NCT05393037
PCV15_VACCINE_AUTO_FULL_REVIEW.html,NCT05420961,39082735,,Scott P,2024,1366-1374,Clinical infectious diseases : an official publication of the Infectious Diseases Society of America,NCT NCT05420961: Percentage of Participants With Solicited Injection-site Adverse Events (AEs). Source: ClinicalTrials.gov registry (AACT-verified); publication resolved live via NCT.,https://clinicaltrials.gov/study/NCT05420961
PCV15_VACCINE_AUTO_FULL_REVIEW.html,STRIDE-8,41208546,,Scott PT,2026,e217-e226,Clinical infectious diseases : an official publication of the Infectious Diseases Society of America,NCT NCT05696080: Percentage of Participants With Solicited Injection-site Adverse Events (AEs) From Day 1 Through Day 5 Post-vaccination. Source: ClinicalTrials.gov registry (AACT-verified); publicati,https://clinicaltrials.gov/study/NCT05696080
PEDIATRIC_HIV_ART_REVIEW.html,CHAPAS-3 (NRTI backbone in paeds),26481928,,Mulenga V,2016,169-179,The Lancet. Infectious diseases,"Source: Mulenga V, Musiime V, Kekitiinwa A, et al. Abacavir, zidovudine, or stavudine as paediatric tablets for African HIV-infected children (CHAPAS-3): an open-label, parallel-group, randomised cont",https://doi.org/10.1016/S1473-3099(15)00400-7
PEDIATRIC_HIV_ART_REVIEW.html,ARROW (clinical vs lab monitoring),23541054,PAGE_MISMATCH,Greer SL,2013,1135-1144,"Lancet (London, England)",Source: ARROW Trial team. Routine versus clinically driven laboratory monitoring and first-line antiretroviral therapy strategies in African children with HIV (ARROW): a 5-year open-label randomised f,https://doi.org/10.1016/S0140-6736(13)60594-8
PEGCETACOPLAN_PNH_AUTO_FULL_REVIEW.html,NCT03500549,33730455,,Hillmen P,2021,1028-1037,The New England journal of medicine,NCT NCT03500549: Least Squares (LS) Mean Change From Baseline to Week 16 in Hemoglobin (Hb) Level During the RCP. Source: ClinicalTrials.gov registry (AACT-verified); publication resolved live via NCT,https://clinicaltrials.gov/study/NCT03500549
PEGCETACOPLAN_PNH_AUTO_FULL_REVIEW.html,PADDOCK,35869170,,Wong RSM,2022,1971-1986,Annals of hematology,NCT NCT02588833: Number of Subjects With Treatment Emergent Adverse Events (TEAEs) Including by Severity. Source: ClinicalTrials.gov registry (AACT-verified); publication resolved live via NCT.,https://clinicaltrials.gov/study/NCT02588833
PEGLOTICASE_GOUT_AUTO_FULL_REVIEW.html,RECIPE,33750034,,Khanna PP,2021,1523-1532,"Arthritis & rheumatology (Hoboken, N.J.)",NCT NCT03303989: Proportion of Participants Achieving and Maintaining an sUA ≤ to 6 Milligram Per Deciliter (mg/dL) Through 12 Weeks. Source: ClinicalTrials.gov registry (AACT-verified); publication r,https://clinicaltrials.gov/study/NCT03303989
PEGLOTICASE_GOUT_AUTO_FULL_REVIEW.html,MIRROR RCT,36099211,,Botson JK,2023,293-304,"Arthritis & rheumatology (Hoboken, N.J.)",NCT NCT03994731: Percentage of Serum Uric Acid (sUA) Responders (sUA < 6 mg/dL) During Month 6. Source: ClinicalTrials.gov registry (AACT-verified); publication resolved live via NCT.,https://clinicaltrials.gov/study/NCT03994731
PEMBROLIZUMAB_HEAD_NECK_AUTO_FULL_REVIEW.html,NCT02475213,35414591,,Aggarwal C,2022,,Journal for immunotherapy of cancer,NCT NCT02475213: Number of Participants With Dose-limiting Toxicities (DLT) After Administration of Enoblituzumab and Pembrolizumab or Re. Source: ClinicalTrials.gov registry (AACT-verified); publicat,https://clinicaltrials.gov/study/NCT02475213
PEMBROLIZUMAB_HEAD_NECK_AUTO_FULL_REVIEW.html,NCT04428151,33300372,,Taylor MH,2021,637-648,"Future oncology (London, England)",NCT NCT04428151: Overall Survival (OS). Source: ClinicalTrials.gov registry (AACT-verified); publication resolved live via NCT.,https://clinicaltrials.gov/study/NCT04428151
PEMBROLIZUMAB_HNSCC_AUTO_FULL_REVIEW.html,NCT02475213,35414591,,Aggarwal C,2022,,Journal for immunotherapy of cancer,NCT NCT02475213: Number of Participants With Dose-limiting Toxicities (DLT) After Administration of Enoblituzumab and Pembrolizumab or Re. Source: ClinicalTrials.gov registry (AACT-verified); publicat,https://clinicaltrials.gov/study/NCT02475213
PEMBROLIZUMAB_HNSCC_AUTO_FULL_REVIEW.html,NCT04428151,33300372,,Taylor MH,2021,637-648,"Future oncology (London, England)",NCT NCT04428151: Overall Survival (OS). Source: ClinicalTrials.gov registry (AACT-verified); publication resolved live via NCT.,https://clinicaltrials.gov/study/NCT04428151
PEMBROLIZUMAB_KIDNEY_ADJ_AUTO_2_FULL_REVIEW.html,NCT03149822,37377613,,Kessler ER,2023,1004-1012,Cancer research communications,NCT NCT03149822: Efficacy of Pembrolizumab and Cabozantinib Based on Objective Response Rate. Source: ClinicalTrials.gov registry (AACT-verified); publication resolved live via NCT.,https://clinicaltrials.gov/study/NCT03149822
PEMBROLIZUMAB_KIDNEY_ADJ_AUTO_2_FULL_REVIEW.html,NCT02903914,39462179,,Aden D,2025,30-72,Immunology,NCT NCT02903914: Number of Participants With Any Treatment-emergent Adverse Event (TEAE). Source: ClinicalTrials.gov registry (AACT-verified); publication resolved live via NCT.,https://clinicaltrials.gov/study/NCT02903914
PEMBROLIZUMAB_KIDNEY_ADJ_AUTO_FULL_REVIEW.html,NCT03149822,37377613,,Kessler ER,2023,1004-1012,Cancer research communications,NCT NCT03149822: Efficacy of Pembrolizumab and Cabozantinib Based on Objective Response Rate. Source: ClinicalTrials.gov registry (AACT-verified); publication resolved live via NCT.,https://clinicaltrials.gov/study/NCT03149822
PEMBROLIZUMAB_KIDNEY_ADJ_AUTO_FULL_REVIEW.html,NCT02903914,39462179,,Aden D,2025,30-72,Immunology,NCT NCT02903914: Number of Participants With Any Treatment-emergent Adverse Event (TEAE). Source: ClinicalTrials.gov registry (AACT-verified); publication resolved live via NCT.,https://clinicaltrials.gov/study/NCT02903914
PEMBROLIZUMAB_MELANOMA_ADJ_AUTO_FULL_REVIEW.html,NCT05665595,39230120,,Shapira-Frommer R,2024,1983-1991,"Future oncology (London, England)",NCT NCT05665595: Recurrence-Free Survival (RFS). Source: ClinicalTrials.gov registry (AACT-verified); publication resolved live via NCT.,https://clinicaltrials.gov/study/NCT05665595
PEMBROLIZUMAB_MELANOMA_ADJ_AUTO_FULL_REVIEW.html,NCT02475213,35414591,,Aggarwal C,2022,,Journal for immunotherapy of cancer,NCT NCT02475213: Number of Participants With Dose-limiting Toxicities (DLT) After Administration of Enoblituzumab and Pembrolizumab or Re. Source: ClinicalTrials.gov registry (AACT-verified); publicat,https://clinicaltrials.gov/study/NCT02475213
PEMBROLIZUMAB_MELANOMA_AUTO_FULL_REVIEW.html,NCT05665595,39230120,,Shapira-Frommer R,2024,1983-1991,"Future oncology (London, England)",NCT NCT05665595: Recurrence-Free Survival (RFS). Source: ClinicalTrials.gov registry (AACT-verified); publication resolved live via NCT.,https://clinicaltrials.gov/study/NCT05665595
PEMBROLIZUMAB_MELANOMA_AUTO_FULL_REVIEW.html,NCT02475213,35414591,,Aggarwal C,2022,,Journal for immunotherapy of cancer,NCT NCT02475213: Number of Participants With Dose-limiting Toxicities (DLT) After Administration of Enoblituzumab and Pembrolizumab or Re. Source: ClinicalTrials.gov registry (AACT-verified); publicat,https://clinicaltrials.gov/study/NCT02475213
PEMBROLIZUMAB_MELANOMA_NEO_AUTO_FULL_REVIEW.html,NCT05665595,39230120,,Shapira-Frommer R,2024,1983-1991,"Future oncology (London, England)",NCT NCT05665595: Recurrence-Free Survival (RFS). Source: ClinicalTrials.gov registry (AACT-verified); publication resolved live via NCT.,https://clinicaltrials.gov/study/NCT05665595
PEMBROLIZUMAB_MELANOMA_NEO_AUTO_FULL_REVIEW.html,NCT02475213,35414591,,Aggarwal C,2022,,Journal for immunotherapy of cancer,NCT NCT02475213: Number of Participants With Dose-limiting Toxicities (DLT) After Administration of Enoblituzumab and Pembrolizumab or Re. Source: ClinicalTrials.gov registry (AACT-verified); publicat,https://clinicaltrials.gov/study/NCT02475213
PEMBROLIZUMAB_NSCLC_1L_AUTO_FULL_REVIEW.html,NCT03829332,33300372,,Taylor MH,2021,637-648,"Future oncology (London, England)",NCT NCT03829332: Progression-free Survival (PFS) as Assessed by Response Evaluation Criteria in Solid Tumors Version 1.1 (RECIST 1.1). Source: ClinicalTrials.gov registry (AACT-verified); publication ,https://clinicaltrials.gov/study/NCT03829332
PEMBROLIZUMAB_NSCLC_1L_AUTO_FULL_REVIEW.html,NCT03425643,37272513,,Wakelee H,2023,491-503,The New England journal of medicine,NCT NCT03425643: Event Free Survival (EFS). Source: ClinicalTrials.gov registry (AACT-verified); publication resolved live via NCT.,https://clinicaltrials.gov/study/NCT03425643
PEMBROLIZUMAB_PROSTATIC_NEOPLASMS_AUTO_FULL_REVIEW.html,KEYLYNK-010,37290035,,Antonarakis ES,2023,3839-3850,Journal of clinical oncology : official journal of the American Society of Clinical Oncology,NCT NCT03834519: Overall Survival (OS). Source: ClinicalTrials.gov registry (AACT-verified); publication resolved live via NCT.,https://clinicaltrials.gov/study/NCT03834519
PEMBROLIZUMAB_PROSTATIC_NEOPLASMS_AUTO_FULL_REVIEW.html,NCT03834493,34044584,,Graff JN,2021,3017-3026,"Future oncology (London, England)",NCT NCT03834493: Overall Survival (OS). Source: ClinicalTrials.gov registry (AACT-verified); publication resolved live via NCT.,https://clinicaltrials.gov/study/NCT03834493
PEMBROLIZUMAB_PROSTATIC_NEOPLASMS_AUTO_FULL_REVIEW.html,NCT03834506,34098744,,Petrylak DP,2021,3291-3299,"Future oncology (London, England)",NCT NCT03834506: Overall Survival (OS). Source: ClinicalTrials.gov registry (AACT-verified); publication resolved live via NCT.,https://clinicaltrials.gov/study/NCT03834506
PEMBROLIZUMAB_RCC_AUTO_FULL_REVIEW.html,NCT03149822,37377613,,Kessler ER,2023,1004-1012,Cancer research communications,NCT NCT03149822: Efficacy of Pembrolizumab and Cabozantinib Based on Objective Response Rate. Source: ClinicalTrials.gov registry (AACT-verified); publication resolved live via NCT.,https://clinicaltrials.gov/study/NCT03149822
PEMBROLIZUMAB_RCC_AUTO_FULL_REVIEW.html,NCT02903914,39462179,,Aden D,2025,30-72,Immunology,NCT NCT02903914: Number of Participants With Any Treatment-emergent Adverse Event (TEAE). Source: ClinicalTrials.gov registry (AACT-verified); publication resolved live via NCT.,https://clinicaltrials.gov/study/NCT02903914
PEMBROLIZUMAB_RENAL_AUTO_FULL_REVIEW.html,NCT03149822,37377613,,Kessler ER,2023,1004-1012,Cancer research communications,NCT NCT03149822: Efficacy of Pembrolizumab and Cabozantinib Based on Objective Response Rate. Source: ClinicalTrials.gov registry (AACT-verified); publication resolved live via NCT.,https://clinicaltrials.gov/study/NCT03149822
PEMBROLIZUMAB_RENAL_AUTO_FULL_REVIEW.html,NCT02903914,39462179,,Aden D,2025,30-72,Immunology,NCT NCT02903914: Number of Participants With Any Treatment-emergent Adverse Event (TEAE). Source: ClinicalTrials.gov registry (AACT-verified); publication resolved live via NCT.,https://clinicaltrials.gov/study/NCT02903914
PEMIGATINIB_BTC_AUTO_FULL_REVIEW.html,NCT02924376,32203698,,Abou-Alfa GK,2020,671-684,The Lancet. Oncology,NCT NCT02924376: Objective Response Rate (ORR) in Participants With FGFR2 Rearrangements or Fusions. Source: ClinicalTrials.gov registry (AACT-verified); publication resolved live via NCT.,https://clinicaltrials.gov/study/NCT02924376
PEMIGATINIB_BTC_AUTO_FULL_REVIEW.html,NCT02393248,34951522,,Gong X,2022,e00906,Pharmacology research & perspectives,NCT NCT02393248: Parts 1 and 2 Combined: Number of Participants With Any Treatment-emergent Adverse Event (TEAE). Source: ClinicalTrials.gov registry (AACT-verified); publication resolved live via NCT,https://clinicaltrials.gov/study/NCT02393248
PEMIGATINIB_CHOLANGIO_AUTO_FULL_REVIEW.html,NCT02924376,32203698,,Abou-Alfa GK,2020,671-684,The Lancet. Oncology,NCT NCT02924376: Objective Response Rate (ORR) in Participants With FGFR2 Rearrangements or Fusions. Source: ClinicalTrials.gov registry (AACT-verified); publication resolved live via NCT.,https://clinicaltrials.gov/study/NCT02924376
PEMIGATINIB_CHOLANGIO_AUTO_FULL_REVIEW.html,NCT02393248,34951522,,Gong X,2022,e00906,Pharmacology research & perspectives,NCT NCT02393248: Parts 1 and 2 Combined: Number of Participants With Any Treatment-emergent Adverse Event (TEAE). Source: ClinicalTrials.gov registry (AACT-verified); publication resolved live via NCT,https://clinicaltrials.gov/study/NCT02393248
PHENTERMINE_TOPIRAMATE_OBESITY_AUTO_FULL_REVIEW.html,NCT03374956,33759389,,Acosta A,2021,662-671,"Obesity (Silver Spring, Md.)",NCT NCT03374956: Change in Total Body Weight. Source: ClinicalTrials.gov registry (AACT-verified); publication resolved live via NCT.,https://clinicaltrials.gov/study/NCT03374956
PHENTERMINE_TOPIRAMATE_OBESITY_AUTO_FULL_REVIEW.html,MagellanII,33826697,,Whytock KL,2021,267-280,The American journal of clinical nutrition,NCT NCT01616082: Change From Baseline Amount of Fat Oxidation at 14 Days. Source: ClinicalTrials.gov registry (AACT-verified); publication resolved live via NCT.,https://clinicaltrials.gov/study/NCT01616082
PHENTERMINE_TOPIRAMATE_OBESITY_AUTO_FULL_REVIEW.html,NCT04408586,41562388,,Campos A,2026,524-536,"Obesity (Silver Spring, Md.)",NCT NCT04408586: Body Weight Change. Source: ClinicalTrials.gov registry (AACT-verified); publication resolved live via NCT.,https://clinicaltrials.gov/study/NCT04408586
PIBRENTASVIR_HEPATITIS_C_AUTO_FULL_REVIEW.html,NCT03219216,32949786,,Peribañez-Gonzalez M,2021,100257,Annals of hepatology,NCT NCT03219216: Percentage of Participants With Sustained Virologic Response 12 Weeks Post-treatment (SVR12). Source: ClinicalTrials.gov registry (AACT-verified); publication resolved live via NCT.,https://clinicaltrials.gov/study/NCT03219216
PIBRENTASVIR_HEPATITIS_C_AUTO_FULL_REVIEW.html,DORA,31254392,,Jonas MM,2020,456-462,"Hepatology (Baltimore, Md.)",NCT NCT03067129: Steady-state Area Under the Plasma Concentration-time Curve From Time Zero to 24 Hours Postdose (AUC0-24) of Glecaprevir. Source: ClinicalTrials.gov registry (AACT-verified); publicat,https://clinicaltrials.gov/study/NCT03067129
PIBRENTASVIR_HEPATITIS_C_AUTO_FULL_REVIEW.html,VOYAGE-1,32682494,,Wei L,2020,839-849,The lancet. Gastroenterology & hepatology,NCT NCT03222583: Percentage of HCV GT1 - GT6-Infected Participants in Arm A Who Achieved Sustained Virologic Response 12 Weeks Post Treat. Source: ClinicalTrials.gov registry (AACT-verified); publicat,https://clinicaltrials.gov/study/NCT03222583
PIBRENTASVIR_HEPATITIS_C_AUTO_FULL_REVIEW.html,ENDURANCE-5 6,35174470,,Brown RS Jr,2022,913-924,Infectious diseases and therapy,NCT NCT02966795: Percentage of Participants With Sustained Virologic Response 12 Weeks Post Treatment (SVR12). Source: ClinicalTrials.gov registry (AACT-verified); publication resolved live via NCT.,https://clinicaltrials.gov/study/NCT02966795
PIMECROLIMUS_AD_AUTO_FULL_REVIEW.html,NCT00120523,25802354,,Sigurgeirsson B,2015,597-606,Pediatrics,NCT NCT00120523: Safety Assessed by Adverse Events. Source: ClinicalTrials.gov registry (AACT-verified); publication resolved live via NCT.,https://clinicaltrials.gov/study/NCT00120523
PIOGLITAZONE_T2D_AUTO_FULL_REVIEW.html,NCT00232583,17362692,,Lingvay I,2007,62-68,Journal of investigative medicine : the official publication of the American Federation for Clinical Research,NCT NCT00232583: Beta-cell Function - C-peptide AUC (Area Under the Curve). Source: ClinicalTrials.gov registry (AACT-verified); publication resolved live via NCT.,https://clinicaltrials.gov/study/NCT00232583
PIOGLITAZONE_T2D_AUTO_FULL_REVIEW.html,PIO-EX,27624579,,Guardado-Mendoza R,2017,53-61,Acta diabetologica,"NCT NCT00845182: Effect of Pioglitazone, Exenatide and Combined Pioglitazone and Exenatide on Body Weight. Source: ClinicalTrials.gov registry (AACT-verified); publication resolved live via NCT.",https://clinicaltrials.gov/study/NCT00845182
PITAVASTATIN_AUTO_FULL_REVIEW.html,NCT00309738,21874538,,Eriksson M,2011,811-823,Advances in therapy,NCT NCT00309738: Percent Change From Baseline in LDL-C. Source: ClinicalTrials.gov registry (AACT-verified); publication resolved live via NCT.,https://clinicaltrials.gov/study/NCT00309738
PITAVASTATIN_AUTO_FULL_REVIEW.html,NCT00309777,19785568,,Ose L,2009,2755-2764,Current medical research and opinion,NCT NCT00309777: Percent Change From Baseline in Low Density Lipoprotein-cholesterol (LDL-C) at 12 Weeks. Source: ClinicalTrials.gov registry (AACT-verified); publication resolved live via NCT.,https://clinicaltrials.gov/study/NCT00309777
PLAZOMICIN_INFECTION_AUTO_FULL_REVIEW.html,CARE,31254273,,Kuti JL,2019,383-396,Infectious diseases and therapy,NCT NCT01970371: Percentage of Patients With All Cause Mortality (ACM) at Day 28 or Significant Disease-Related Complication (SDRC) in th. Source: ClinicalTrials.gov registry (AACT-verified); publicat,https://clinicaltrials.gov/study/NCT01970371
PLAZOMICIN_INFECTION_AUTO_FULL_REVIEW.html,EPIC,30786187,,Wagenlehner FME,2019,729-740,The New England journal of medicine,NCT NCT02486627: Percentage of Patients With Composite of Microbiological Eradication and Clinical Cure in the Microbiological Modified I. Source: ClinicalTrials.gov registry (AACT-verified); publicat,https://clinicaltrials.gov/study/NCT02486627
PLAZOMICIN_INFECTION_AUTO_FULL_REVIEW.html,NCT01096849,29378708,,Connolly LE,2018,,Antimicrobial agents and chemotherapy,NCT NCT01096849: Percentage of Patients Who Attained Microbiological Eradication (MBE) at the Test of Cure (TOC) Visit in the Microbiolog. Source: ClinicalTrials.gov registry (AACT-verified); publicat,https://clinicaltrials.gov/study/NCT01096849
PLECANATIDE_IBS_AUTO_FULL_REVIEW.html,IBS-C,32660770,,Menees SB,2020,1406-1414,Clinical therapeutics,NCT NCT02387359: Number of Overall Responders - ITT Population. Source: ClinicalTrials.gov registry (AACT-verified); publication resolved live via NCT.,https://clinicaltrials.gov/study/NCT02387359
PLECANATIDE_IBS_AUTO_FULL_REVIEW.html,CIC,29147135,,DeMicco M,2017,837-851,Therapeutic advances in gastroenterology,"NCT NCT02122471: Number of Durable Overall CSBM Responders, Mean Replacement Approach. Source: ClinicalTrials.gov registry (AACT-verified); publication resolved live via NCT.",https://clinicaltrials.gov/study/NCT02122471
PLECANATIDE_IBS_AUTO_FULL_REVIEW.html,NCT01982240,28169285,,Miner PB Jr,2017,613-621,The American journal of gastroenterology,"NCT NCT01982240: Number of Durable Overall CSBM Responders , Mean Replacement Approach. Source: ClinicalTrials.gov registry (AACT-verified); publication resolved live via NCT.",https://clinicaltrials.gov/study/NCT01982240
PNEUMONIA_AMOXICILLIN_DURATION_REVIEW.html,CAP-IT (Bielicki 2021),34726708,,Bielicki JA,2021,1713-1724,JAMA,"Source: Bielicki JA, Stohr W, Barratt S, et al. Effect of Amoxicillin Dose and Treatment Duration on the Need for Antibiotic Re-treatment in Children With Community-Acquired Pneumonia: The CAP-IT Rand",https://doi.org/10.1001/jama.2021.17843
PONESIMOD_MS_AUTO_FULL_REVIEW.html,OPTIMUM,33779698,,Kappos L,2021,558-567,JAMA neurology,NCT NCT02425644: Annualized Confirmed Relapse Rate. Source: ClinicalTrials.gov registry (AACT-verified); publication resolved live via NCT.,https://clinicaltrials.gov/study/NCT02425644
PONESIMOD_MS_AUTO_FULL_REVIEW.html,POINT,40700861,,Kappos L,2025,106616,Multiple sclerosis and related disorders,NCT NCT02907177: Annualized Confirmed Relapse Rate (ARR). Source: ClinicalTrials.gov registry (AACT-verified); publication resolved live via NCT.,https://clinicaltrials.gov/study/NCT02907177
POSACONAZOLE_FUNGAL_AUTO_FULL_REVIEW.html,NCT00750737,22814329,,Chaftari AM,2012,302-308,Transplantation,NCT NCT00750737: Incidence of Invasive Fungal Infection (IFI). Source: ClinicalTrials.gov registry (AACT-verified); publication resolved live via NCT.,https://clinicaltrials.gov/study/NCT00750737
POSACONAZOLE_FUNGAL_AUTO_FULL_REVIEW.html,NCT01777763,25049247,,Duarte RF,2014,5758-5765,Antimicrobial agents and chemotherapy,NCT NCT01777763: Average Concentration (Cavg) of Posaconazole Tablet. Source: ClinicalTrials.gov registry (AACT-verified); publication resolved live via NCT.,https://clinicaltrials.gov/study/NCT01777763
POSTPARTUM_HEMORRHAGE_REVIEW.html,CHAMPION (heat-stable carbetocin),29949473,,Widmer M,2018,743-752,The New England journal of medicine,"Source: Widmer M, Piaggio G, Nguyen TMH, et al. Heat-Stable Carbetocin versus Oxytocin to Prevent Hemorrhage after Vaginal Birth. NEJM 2018;379:743-752. PMID 29949473. DOI 10.1056/NEJMoa1805489. Regis",https://doi.org/10.1056/NEJMoa1805489
PPSV23_VACCINE_AUTO_FULL_REVIEW.html,NCT02225587,34019468,,Buchwald UK,2021,2678-2690,Human vaccines & immunotherapeutics,NCT NCT02225587: Percentage of Participants With an Adverse Event (AE). Source: ClinicalTrials.gov registry (AACT-verified); publication resolved live via NCT.,https://clinicaltrials.gov/study/NCT02225587
PPSV23_VACCINE_AUTO_FULL_REVIEW.html,PNEU-WAY PED,36939067,,Wilck M,2023,1227-1237,"AIDS (London, England)",NCT NCT03921424: Percentage of Participants With a Solicited Injection-Site Adverse Event Following Vaccination With V114 or Prevnar 13™. Source: ClinicalTrials.gov registry (AACT-verified); publicati,https://clinicaltrials.gov/study/NCT03921424
PRADER_HUMAN_GH_AUTO_FULL_REVIEW.html,REAL 2,36380045,,Takahashi Y,2023,57-72,Pituitary,NCT NCT02382939: Incidence of Adverse Events. Source: ClinicalTrials.gov registry (AACT-verified); publication resolved live via NCT.,https://clinicaltrials.gov/study/NCT02382939
PRADER_HUMAN_GH_AUTO_FULL_REVIEW.html,foresiGHt,41420532,,Biller BMK,2026,1640-1650,The Journal of clinical endocrinology and metabolism,NCT NCT04615273: Change From Baseline in Trunk Percent Fat at Week 38. Source: ClinicalTrials.gov registry (AACT-verified); publication resolved live via NCT.,https://clinicaltrials.gov/study/NCT04615273
PREVNAR15_PNEUMO_AUTO_FULL_REVIEW.html,NCT03620162,36522265,,Bili A,2023,657-665,Vaccine,NCT NCT03620162: Percentage of Participants With a Solicited Injection-site Adverse Event (AE). Source: ClinicalTrials.gov registry (AACT-verified); publication resolved live via NCT.,https://clinicaltrials.gov/study/NCT03620162
PREVNAR15_PNEUMO_AUTO_FULL_REVIEW.html,PNEU-AGE,34507861,,Platt HL,2022,162-172,Vaccine,NCT NCT03950622: Percentage of Participants With a Solicited Injection-site Adverse Event. Source: ClinicalTrials.gov registry (AACT-verified); publication resolved live via NCT.,https://clinicaltrials.gov/study/NCT03950622
PREVNAR15_PNEUMO_AUTO_FULL_REVIEW.html,NCT03848065,36882898,,Ishihara Y,2023,2180973,Human vaccines & immunotherapeutics,NCT NCT03848065: Percentage of Participants With a Solicited Injection-site Adverse Event (AE). Source: ClinicalTrials.gov registry (AACT-verified); publication resolved live via NCT.,https://clinicaltrials.gov/study/NCT03848065
PREVNAR15_PNEUMO_AUTO_FULL_REVIEW.html,PNEU-WAY PED,36939067,,Wilck M,2023,1227-1237,"AIDS (London, England)",NCT NCT03921424: Percentage of Participants With a Solicited Injection-Site Adverse Event Following Vaccination With V114 or Prevnar 13™. Source: ClinicalTrials.gov registry (AACT-verified); publicati,https://clinicaltrials.gov/study/NCT03921424
PREVNAR15_PNEUMO_AUTO_FULL_REVIEW.html,NCT02037984,30689507,,Rupp R,2019,549-559,Human vaccines & immunotherapeutics,NCT NCT02037984: Percentage of Adult Participants Experiencing ≥1 Adverse Event (AE). Source: ClinicalTrials.gov registry (AACT-verified); publication resolved live via NCT.,https://clinicaltrials.gov/study/NCT02037984
PREVNAR15_PNEUMO_AUTO_FULL_REVIEW.html,NCT03692871,37309607,,Banniettis N,2023,,Pediatrics,NCT NCT03692871: Percentage of Participants With a Solicited Injection-site Adverse Event. Source: ClinicalTrials.gov registry (AACT-verified); publication resolved live via NCT.,https://clinicaltrials.gov/study/NCT03692871
PREVNAR15_PNEUMO_AUTO_FULL_REVIEW.html,NCT03547167,35146039,,Hammitt LL,2022,ofab605,Open forum infectious diseases,NCT NCT03547167: Percentage of Participants With Solicited Injection-site Adverse Events Following V114 or Prevnar 13™. Source: ClinicalTrials.gov registry (AACT-verified); publication resolved live v,https://clinicaltrials.gov/study/NCT03547167
PREVNAR15_PNEUMO_AUTO_FULL_REVIEW.html,NCT02547649,30648919,,Stacey HL,2019,530-539,Human vaccines & immunotherapeutics,NCT NCT02547649: Percentage of Participants With an Adverse Event (AE). Source: ClinicalTrials.gov registry (AACT-verified); publication resolved live via NCT.,https://clinicaltrials.gov/study/NCT02547649
PRIMROSE_ELAGOLIX_AUTO_FULL_REVIEW.html,NCT02691494,31971678,,Schlaff WD,2020,328-340,The New England journal of medicine,NCT NCT02691494: Percentage of Participants Meeting the Criteria for Responder. Source: ClinicalTrials.gov registry (AACT-verified); publication resolved live via NCT.,https://clinicaltrials.gov/study/NCT02691494
PRIMROSE_ELAGOLIX_AUTO_FULL_REVIEW.html,NCT01817530,30303923,,Carr BR,2018,1252-1264,Obstetrics and gynecology,NCT NCT01817530: Percentage of Participants With a Menstrual Blood Loss (MBL) Volume of < 80 mL at the Final Month and a ≥ 50% Reduction . Source: ClinicalTrials.gov registry (AACT-verified); publicat,https://clinicaltrials.gov/study/NCT01817530
PRIMROSE_ELAGOLIX_AUTO_FULL_REVIEW.html,NCT02925494,34878624,,Beck D,2022,577-587,Clinical pharmacokinetics,NCT NCT02925494: Percentage of Participants Meeting the Criteria for Responder. Source: ClinicalTrials.gov registry (AACT-verified); publication resolved live via NCT.,https://clinicaltrials.gov/study/NCT02925494
PRIMROSE_ELAGOLIX_AUTO_FULL_REVIEW.html,NCT01441635,27733082,,Coyne KS,2017,193-200,Current medical research and opinion,NCT NCT01441635: Mean Change From Baseline to the Last 28 Days of Treatment in Menstrual Blood Loss (MBL). Source: ClinicalTrials.gov registry (AACT-verified); publication resolved live via NCT.,https://clinicaltrials.gov/study/NCT01441635
PRIMROSE_ELAGOLIX_AUTO_FULL_REVIEW.html,NCT03886220,37769311,,Brown E,2023,1068-1076,Obstetrics and gynecology,NCT NCT03886220: Percentage of Participants Who Were Responders With Menstrual Blood Loss (MBL) Volume < 80 mL at Final Month and >= 50% . Source: ClinicalTrials.gov registry (AACT-verified); publicat,https://clinicaltrials.gov/study/NCT03886220
PRIMROSE_ELAGOLIX_AUTO_FULL_REVIEW.html,NCT02654054,31971678,,Schlaff WD,2020,328-340,The New England journal of medicine,NCT NCT02654054: Percentage of Participants Meeting the Criteria for Responder. Source: ClinicalTrials.gov registry (AACT-verified); publication resolved live via NCT.,https://clinicaltrials.gov/study/NCT02654054
PROPOSED_RHEUMATOID_ARTHRITIS_AUTO_FULL_REVIEW.html,ASSIST-RT,30295429,,Tony HP,2019,88-94,Arthritis care & research,NCT NCT02514772: Number of Patients Experiencing Anaphylactic Reactions. Source: ClinicalTrials.gov registry (AACT-verified); publication resolved live via NCT.,https://clinicaltrials.gov/study/NCT02514772
PROPOSED_RHEUMATOID_ARTHRITIS_AUTO_FULL_REVIEW.html,NCT01936181,26318384,,Choe JY,2017,58-64,Annals of the rheumatic diseases,NCT NCT01936181: American College of Rheumatology 20% Response Criteria (ACR20). Source: ClinicalTrials.gov registry (AACT-verified); publication resolved live via NCT.,https://clinicaltrials.gov/study/NCT01936181
PROPOSED_RHEUMATOID_ARTHRITIS_AUTO_FULL_REVIEW.html,NCT01895309,26150601,,Emery P,2017,51-57,Annals of the rheumatic diseases,NCT NCT01895309: American College of Rheumatology 20% Response Criteria (ACR20). Source: ClinicalTrials.gov registry (AACT-verified); publication resolved live via NCT.,https://clinicaltrials.gov/study/NCT01895309
PROPOSED_RHEUMATOID_ARTHRITIS_AUTO_FULL_REVIEW.html,NCT02167139,28950421,,Weinblatt ME,2018,40-48,"Arthritis & rheumatology (Hoboken, N.J.)",NCT NCT02167139: American College of Rheumatology 20% Response Criteria (ACR20). Source: ClinicalTrials.gov registry (AACT-verified); publication resolved live via NCT.,https://clinicaltrials.gov/study/NCT02167139
PYROXAMINE_AUTO_FULL_REVIEW.html,inTandem4,31264767,,Baker C,2019,2440-2449,"Diabetes, obesity & metabolism",NCT NCT02459899: Change From Baseline in Hemoglobin A1C (A1C) at Week 12. Source: ClinicalTrials.gov registry (AACT-verified); publication resolved live via NCT.,https://clinicaltrials.gov/study/NCT02459899
PYROXAMINE_AUTO_FULL_REVIEW.html,inTandem2,29937431,,Danne T,2018,1981-1990,Diabetes care,NCT NCT02421510: Change From Baseline in A1C at Week 24. Source: ClinicalTrials.gov registry (AACT-verified); publication resolved live via NCT.,https://clinicaltrials.gov/study/NCT02421510
PYROXAMINE_AUTO_FULL_REVIEW.html,NCT02383940,32640846,,Bode BW,2021,59-69,Diabetes technology & therapeutics,NCT NCT02383940: Change From Baseline in Hemoglobin A1C (A1C) at Week 12. Source: ClinicalTrials.gov registry (AACT-verified); publication resolved live via NCT.,https://clinicaltrials.gov/study/NCT02383940
PYROXAMINE_AUTO_FULL_REVIEW.html,inTandem3,28899222,,Garg SK,2017,2337-2348,The New England journal of medicine,NCT NCT02531035: Percentage of Participants With A1C <7.0% at Week 24 and No Episode of Severe Hypoglycemia and No Episode of Diabetic Ke. Source: ClinicalTrials.gov registry (AACT-verified); publicat,https://clinicaltrials.gov/study/NCT02531035
RABEPRAZOLE_GERD_AUTO_FULL_REVIEW.html,NCT00658528,21114792,,Laine L,2011,203-212,Alimentary pharmacology & therapeutics,NCT NCT00658528: Percentage of Participants With Erosive Gastroesophageal Reflux Disease (eGERD) Who Achieved Endoscopically-confirmed He. Source: ClinicalTrials.gov registry (AACT-verified); publicat,https://clinicaltrials.gov/study/NCT00658528
RABEPRAZOLE_GERD_AUTO_FULL_REVIEW.html,NCT00787891,23863328,,Haddad I,2013,798-807,Journal of pediatric gastroenterology and nutrition,NCT NCT00787891: The Percentage of Patients With Healing by Week 12 (Short-term Double-blind Treatment Phase). Source: ClinicalTrials.gov registry (AACT-verified); publication resolved live via NCT.,https://clinicaltrials.gov/study/NCT00787891
RABIES_VACCINE_AUTO_FULL_REVIEW.html,VRV12,39587931,,Chokephaibulkit K,2025,654-666,Clinical infectious diseases : an official publication of the Infectious Diseases Society of America,NCT NCT04127786: Primary Series Cohort 1: Percentage of Participants With Rabies Virus Neutralizing Antibody (RVNA) Titer Greater Than or. Source: ClinicalTrials.gov registry (AACT-verified); publicat,https://clinicaltrials.gov/study/NCT04127786
RABIES_VACCINE_AUTO_FULL_REVIEW.html,RabiesMab,34483020,,McClain JB,2021,5822-5830,Vaccine,NCT NCT02956746: Percentage of Participants With Serum Rabies Virus Neutralizing Activity. Source: ClinicalTrials.gov registry (AACT-verified); publication resolved live via NCT.,https://clinicaltrials.gov/study/NCT02956746
RABIES_VACCINE_AUTO_FULL_REVIEW.html,NCT03145766,37921410,,Pichon S,2023,2275453,Human vaccines & immunotherapeutics,NCT NCT03145766: Rabies Virus Neutralizing Antibody (RVNA) Geometric Mean Titers (GMTs) Against Rabies Virus at Day 0. Source: ClinicalTrials.gov registry (AACT-verified); publication resolved live vi,https://clinicaltrials.gov/study/NCT03145766
RALTEGRAVIR_HIV_AUTO_FULL_REVIEW.html,NCT00042289,16470119,,Best BM,2006,553-560,"AIDS (London, England)",NCT NCT00042289: PK Parameter: Area Under the Curve From 0 to 12 Hours (AUC12) With Median (IQR) for ARVs and TB Drugs. Source: ClinicalTrials.gov registry (AACT-verified); publication resolved live v,https://clinicaltrials.gov/study/NCT00042289
RALTEGRAVIR_HIV_AUTO_FULL_REVIEW.html,NCT01618305,32386720,,João EC,2020,e322-e331,The lancet. HIV,NCT NCT01618305: Proportion of Women With Plasma HIV-1 RNA Viral Load Less Than 200 Copies/mL at Delivery. Source: ClinicalTrials.gov registry (AACT-verified); publication resolved live via NCT.,https://clinicaltrials.gov/study/NCT01618305
RAMUCIRUMAB_COLORECTAL_AUTO_FULL_REVIEW.html,NCT01183780,25877855,,Tabernero J,2015,499-508,The Lancet. Oncology,NCT NCT01183780: Overall Survival (OS). Source: ClinicalTrials.gov registry (AACT-verified); publication resolved live via NCT.,https://clinicaltrials.gov/study/NCT01183780
RAMUCIRUMAB_COLORECTAL_AUTO_FULL_REVIEW.html,NCT01079780,38775718,,Hochster HS,2024,1487-1494,Journal of the National Cancer Institute,NCT NCT01079780: Progression-free Survival. Source: ClinicalTrials.gov registry (AACT-verified); publication resolved live via NCT.,https://clinicaltrials.gov/study/NCT01079780
RAMUCIRUMAB_GASTRIC_AUTO_FULL_REVIEW.html,RAINFALL,30718072,,Fuchs CS,2019,420-435,The Lancet. Oncology,NCT NCT02314117: Progression-free Survival (PFS). Source: ClinicalTrials.gov registry (AACT-verified); publication resolved live via NCT.,https://clinicaltrials.gov/study/NCT02314117
RAMUCIRUMAB_GASTRIC_AUTO_FULL_REVIEW.html,NCT02539225,31373648,,Yoshikawa T,2019,e198243,JAMA network open,NCT NCT02539225: Progression Free Survival (PFS). Source: ClinicalTrials.gov registry (AACT-verified); publication resolved live via NCT.,https://clinicaltrials.gov/study/NCT02539225
RAMUCIRUMAB_HCC_AUTO_FULL_REVIEW.html,REACH-2,30665869,,Zhu AX,2019,282-296,The Lancet. Oncology,NCT NCT02435433: Overall Survival (OS). Source: ClinicalTrials.gov registry (AACT-verified); publication resolved live via NCT.,https://clinicaltrials.gov/study/NCT02435433
RAMUCIRUMAB_HCC_AUTO_FULL_REVIEW.html,NCT01246986,26632545,,Li S,2015,363-371,Drug discoveries & therapeutics,NCT NCT01246986: Change From Baseline in Relationship of Biomarker Alpha-fetoprotein (AFP) to Overall Survival (OS). Source: ClinicalTrials.gov registry (AACT-verified); publication resolved live via ,https://clinicaltrials.gov/study/NCT01246986
RAMUCIRUMAB_LUNG_AUTO_FULL_REVIEW.html,RELAY,27894601,,Garon EB,2017,96-99,Clinical lung cancer,NCT NCT02411448: Part B: Progression Free Survival (PFS). Source: ClinicalTrials.gov registry (AACT-verified); publication resolved live via NCT.,https://clinicaltrials.gov/study/NCT02411448
RAMUCIRUMAB_LUNG_AUTO_FULL_REVIEW.html,NCT01160744,25377507,,Doebele RC,2015,883-892,Cancer,NCT NCT01160744: Progression-Free Survival (PFS). Source: ClinicalTrials.gov registry (AACT-verified); publication resolved live via NCT.,https://clinicaltrials.gov/study/NCT01160744
RANIBIZUMAB_DR_AUTO_FULL_REVIEW.html,LRT for DME,20008710,,Bhavsar AR,2009,1581-1583,"Archives of ophthalmology (Chicago, Ill. : 1960)",NCT NCT00444600: Mean Change in Visual Acuity (Letters) From Baseline to 1 Year Adjusted for Baseline Visual Acuity. Source: ClinicalTrials.gov registry (AACT-verified); publication resolved live via ,https://clinicaltrials.gov/study/NCT00444600
RANIBIZUMAB_DR_AUTO_FULL_REVIEW.html,LRTforDME+PRP,20008710,,Bhavsar AR,2009,1581-1583,"Archives of ophthalmology (Chicago, Ill. : 1960)",NCT NCT00445003: Change in Electronic Early Treatment Diabetic Retinopathy Study Visual Acuity Letter Score From Baseline to 14 Weeks. Source: ClinicalTrials.gov registry (AACT-verified); publication ,https://clinicaltrials.gov/study/NCT00445003
RAVULIZUMAB_PNH_AUTO_FULL_REVIEW.html,NCT03056040,34526067,,Schwartz CE,2021,389,Orphanet journal of rare diseases,NCT NCT03056040: Percent Change In Lactate Dehydrogenase Levels From Baseline To Day 183. Source: ClinicalTrials.gov registry (AACT-verified); publication resolved live via NCT.,https://clinicaltrials.gov/study/NCT03056040
RAVULIZUMAB_PNH_AUTO_FULL_REVIEW.html,NCT03406507,38551806,,Chonat S,2024,2813-2824,Blood advances,NCT NCT03406507: Maximum Observed Serum Concentration (Cmax) Of Ravulizumab. Source: ClinicalTrials.gov registry (AACT-verified); publication resolved live via NCT.,https://clinicaltrials.gov/study/NCT03406507
RAVULIZUMAB_PNH_AUTO_FULL_REVIEW.html,APPLY-PNH,38477987,,Peffault de Latour R,2024,994-1008,The New England journal of medicine,NCT NCT04558918: Marginal Proportion (Expressed as Percentages) of Participants With Sustained Increase in Hemoglobin Levels From Baselin. Source: ClinicalTrials.gov registry (AACT-verified); publicat,https://clinicaltrials.gov/study/NCT04558918
RAVULIZUMAB_PNH_AUTO_FULL_REVIEW.html,NCT02605993,30171081,,Röth A,2018,2176-2185,Blood advances,NCT NCT02605993: Percent Change In LDH Levels From Baseline To Day 253 And Day 281. Source: ClinicalTrials.gov registry (AACT-verified); publication resolved live via NCT.,https://clinicaltrials.gov/study/NCT02605993
RELUGOLIX_FIBROIDS_AUTO_2_FULL_REVIEW.html,NCT02655237,30741797,,Osuga Y,2019,423-433,Obstetrics and gynecology,NCT NCT02655237: Percentage of Participants With Total PBAC Score of <10 From Week 6 to 12. Source: ClinicalTrials.gov registry (AACT-verified); publication resolved live via NCT.,https://clinicaltrials.gov/study/NCT02655237
RELUGOLIX_FIBROIDS_AUTO_2_FULL_REVIEW.html,NCT03412890,36357960,,Al-Hendy A,2022,920-930,Obstetrics and gynecology,NCT NCT03412890: Percentage Of Participants Who Achieved Or Maintained An MBL Volume Of <80 Milliliters (mL) And At Least A 50% Reduction. Source: ClinicalTrials.gov registry (AACT-verified); publicat,https://clinicaltrials.gov/study/NCT03412890
RELUGOLIX_FIBROIDS_AUTO_2_FULL_REVIEW.html,NCT02655224,31594635,,Osuga Y,2019,922-929,Fertility and sterility,NCT NCT02655224: Percentage of Participants With a Maximum NRS Score of 1 or Less During the 28 Days Before the Final Dose of Study Drug. Source: ClinicalTrials.gov registry (AACT-verified); publicati,https://clinicaltrials.gov/study/NCT02655224
RELUGOLIX_FIBROIDS_AUTO_2_FULL_REVIEW.html,NCT03751124,37666383,,Al-Hendy A,2023,662.e1-662.e25,American journal of obstetrics and gynecology,NCT NCT03751124: Percentage Of Participants Who Maintained MBL Volume Of <80 Milliliters (mL) At Week 76 During The Randomized Treatment . Source: ClinicalTrials.gov registry (AACT-verified); publicat,https://clinicaltrials.gov/study/NCT03751124
RELUGOLIX_FIBROIDS_AUTO_2_FULL_REVIEW.html,NCT03103087,33596357,,Al-Hendy A,2021,630-642,The New England journal of medicine,NCT NCT03103087: Percentage Of Participants Who Achieved A Menstrual Blood Loss (MBL) Volume Of < 80 mL And A ≥ 50% Reduction From Baseli. Source: ClinicalTrials.gov registry (AACT-verified); publicat,https://clinicaltrials.gov/study/NCT03103087
RELUGOLIX_FIBROIDS_AUTO_2_FULL_REVIEW.html,NCT03049735,33596357,,Al-Hendy A,2021,630-642,The New England journal of medicine,NCT NCT03049735: Percentage Of Participants Who Achieved A Menstrual Blood Loss (MBL) Volume Of < 80 mL And A ≥ 50% Reduction From Baseli. Source: ClinicalTrials.gov registry (AACT-verified); publicat,https://clinicaltrials.gov/study/NCT03049735
RELUGOLIX_FIBROIDS_AUTO_FULL_REVIEW.html,NCT02655237,30741797,,Osuga Y,2019,423-433,Obstetrics and gynecology,NCT NCT02655237: Percentage of Participants With Total PBAC Score of <10 From Week 6 to 12. Source: ClinicalTrials.gov registry (AACT-verified); publication resolved live via NCT.,https://clinicaltrials.gov/study/NCT02655237
RELUGOLIX_FIBROIDS_AUTO_FULL_REVIEW.html,NCT03412890,36357960,,Al-Hendy A,2022,920-930,Obstetrics and gynecology,NCT NCT03412890: Percentage Of Participants Who Achieved Or Maintained An MBL Volume Of <80 Milliliters (mL) And At Least A 50% Reduction. Source: ClinicalTrials.gov registry (AACT-verified); publicat,https://clinicaltrials.gov/study/NCT03412890
RELUGOLIX_FIBROIDS_AUTO_FULL_REVIEW.html,NCT02655224,31594635,,Osuga Y,2019,922-929,Fertility and sterility,NCT NCT02655224: Percentage of Participants With a Maximum NRS Score of 1 or Less During the 28 Days Before the Final Dose of Study Drug. Source: ClinicalTrials.gov registry (AACT-verified); publicati,https://clinicaltrials.gov/study/NCT02655224
RELUGOLIX_FIBROIDS_AUTO_FULL_REVIEW.html,NCT03654274,38243752,,Becker CM,2024,526-537,"Human reproduction (Oxford, England)",NCT NCT03654274: Percentage Of Participants Who Meet The Dysmenorrhea Responder Criteria At Week 52. Source: ClinicalTrials.gov registry (AACT-verified); publication resolved live via NCT.,https://clinicaltrials.gov/study/NCT03654274
RELUGOLIX_HEAVY_MENSTRUAL_AUTO_FULL_REVIEW.html,NCT03412890,36357960,,Al-Hendy A,2022,920-930,Obstetrics and gynecology,NCT NCT03412890: Percentage Of Participants Who Achieved Or Maintained An MBL Volume Of <80 Milliliters (mL) And At Least A 50% Reduction. Source: ClinicalTrials.gov registry (AACT-verified); publicat,https://clinicaltrials.gov/study/NCT03412890
RELUGOLIX_HEAVY_MENSTRUAL_AUTO_FULL_REVIEW.html,NCT03103087,33596357,,Al-Hendy A,2021,630-642,The New England journal of medicine,NCT NCT03103087: Percentage Of Participants Who Achieved A Menstrual Blood Loss (MBL) Volume Of < 80 mL And A ≥ 50% Reduction From Baseli. Source: ClinicalTrials.gov registry (AACT-verified); publicat,https://clinicaltrials.gov/study/NCT03103087
RELUGOLIX_HEAVY_MENSTRUAL_AUTO_FULL_REVIEW.html,NCT03049735,33596357,,Al-Hendy A,2021,630-642,The New England journal of medicine,NCT NCT03049735: Percentage Of Participants Who Achieved A Menstrual Blood Loss (MBL) Volume Of < 80 mL And A ≥ 50% Reduction From Baseli. Source: ClinicalTrials.gov registry (AACT-verified); publicat,https://clinicaltrials.gov/study/NCT03049735
REMDESIVIR_COVID_AUTO_FULL_REVIEW.html,Neptuno,39182994,,Landete P,2024,910-919,Clinical infectious diseases : an official publication of the Infectious Diseases Society of America,NCT NCT04784559: Time to Sustained Withdrawal of Supplementary Oxygen With no Subsequent Reutilisation During Remaining Study Period. Source: ClinicalTrials.gov registry (AACT-verified); publication r,https://clinicaltrials.gov/study/NCT04784559
REMDESIVIR_COVID_AUTO_FULL_REVIEW.html,NCT05780437,35817072,,ACTIV-3–Therapeutics for Inpatients with COVID-19 (TICO) Study Group,2022,972-984,The Lancet. Respiratory medicine,NCT NCT05780437: Number of Participants With Sustained Recovery. Source: ClinicalTrials.gov registry (AACT-verified); publication resolved live via NCT.,https://clinicaltrials.gov/study/NCT05780437
REMIMAZOLAM_PROPOFOL_HYPOTENSION_REVIEW.html,"Jeon 2023 (TIVA, older adults)",38065872,,Jeon YG,2023,e36440,Medicine,,https://doi.org/10.1097/MD.0000000000036440
REMIMAZOLAM_PROPOFOL_HYPOTENSION_REVIEW.html,Song 2023 (ACEI/ARB users),37349690,,Song SW,2023,219,BMC anesthesiology,,https://doi.org/10.1186/s12871-023-02188-9
REMIMAZOLAM_PROPOFOL_HYPOTENSION_REVIEW.html,Xiao 2024 (ERCP),39453848,,Xiao YY,2025,90-99,Anesthesia and analgesia,,https://doi.org/10.1213/ANE.0000000000007309
RENAL_DENERV_REVIEW.html,SPYRAL HTN-ON MED,29803589,,Kandzari DE,2018,2346-2355,"Lancet (London, England)",Lancet 2018; 391(10137):2346-2355,https://www.thelancet.com/journals/lancet/article/PIIS0140-6736(18)31082-1/fulltext
RENAL_DENERV_REVIEW.html,RADIANCE-HTN SOLO,29803590,,Azizi M,2018,2335-2345,"Lancet (London, England)",Lancet 2018; 391(10137):2335-2345,https://www.thelancet.com/journals/lancet/article/PIIS0140-6736(18)31084-5/fulltext
RENAL_DENERV_REVIEW.html,SPYRAL HTN-OFF MED,32234534,,Böhm M,2020,1444-1451,"Lancet (London, England)",Lancet 2020; 395(10234):1444-1451,https://www.thelancet.com/journals/lancet/article/PIIS0140-6736(20)30554-7/fulltext
RENAL_DENERV_REVIEW.html,RADIANCE II,36853250,PAGE_MISMATCH;JOURNAL_MISMATCH,Azizi M,2023,651-661,JAMA,Lancet 2023; 401(10378):727-735,https://www.thelancet.com/journals/lancet/article/PIIS0140-6736(23)00150-4/fulltext
RENAL_DENERV_REVIEW.html,REQUIRE,34654905,YEAR_MISMATCH,Kario K,2022,221-231,Hypertension research : official journal of the Japanese Society of Hypertension,Circ Cardiovasc Interv 2021; 14:e009972,https://www.ahajournals.org/doi/full/10.1161/CIRCINTERVENTIONS.120.009972
RENAL_DENERV_REVIEW.html,SYMPLICITY HTN-3,24678939,,Bhatt DL,2014,1393-1401,The New England journal of medicine,Bhatt DL et al. NEJM 2014;370:1393-1401 (SYMPLICITY HTN-3). Largest sham-controlled RDN pivotal; NEGATIVE primary (did not meet superiority). Landmark finding that triggered second-generation device d,https://www.nejm.org/doi/full/10.1056/NEJMoa1402670
RESLIZUMAB_ASTHMA_AUTO_FULL_REVIEW.html,NCT02452190,32066536,,Bernstein JA,2020,461-474,The Lancet. Respiratory medicine,NCT NCT02452190: Number of Clinical Asthma Exacerbations (CAEs) During 52 Weeks of Treatment. Source: ClinicalTrials.gov registry (AACT-verified); publication resolved live via NCT.,https://clinicaltrials.gov/study/NCT02452190
RESLIZUMAB_ASTHMA_AUTO_FULL_REVIEW.html,NCT01508936,27018175,,Corren J,2016,799-810,Chest,NCT NCT01508936: Change From Baseline in Forced Expiratory Volume in 1 Second (FEV1) at Week 16 in Full Analysis Set. Source: ClinicalTrials.gov registry (AACT-verified); publication resolved live via,https://clinicaltrials.gov/study/NCT01508936
RESLIZUMAB_ASTHMA_AUTO_FULL_REVIEW.html,NCT01287039,25736990,,Castro M,2015,355-366,The Lancet. Respiratory medicine,NCT NCT01287039: Frequency of Clinical Asthma Exacerbations (CAEs) During 12 Months of Treatment. Source: ClinicalTrials.gov registry (AACT-verified); publication resolved live via NCT.,https://clinicaltrials.gov/study/NCT01287039
RETIFANLIMAB_SKIN_AUTO_FULL_REVIEW.html,NCT03599713,40796223,,Grignani G,2025,,Journal for immunotherapy of cancer,NCT NCT03599713: Objective Response Rate (ORR). Source: ClinicalTrials.gov registry (AACT-verified); publication resolved live via NCT.,https://clinicaltrials.gov/study/NCT03599713
RETIFANLIMAB_SKIN_AUTO_FULL_REVIEW.html,NCT04472429,36091159,,Rao S,2022,935383,Frontiers in oncology,NCT NCT04472429: Progression-free Survival (PFS). Source: ClinicalTrials.gov registry (AACT-verified); publication resolved live via NCT.,https://clinicaltrials.gov/study/NCT04472429
RIFAPENTINE_TB_AUTO_FULL_REVIEW.html,NCT00814671,16141439,,Rosenthal IM,2005,1457-1462,American journal of respiratory and critical care medicine,NCT NCT00814671: Percentage of Participants With Negative Lowenstein Jensen Cultures at Week 8. Source: ClinicalTrials.gov registry (AACT-verified); publication resolved live via NCT.,https://clinicaltrials.gov/study/NCT00814671
RIFAPENTINE_TB_AUTO_FULL_REVIEW.html,iAdhere,29114781,,Belknap R,2017,689-697,Annals of internal medicine,NCT NCT01582711: Treatment Completion Rate.. Source: ClinicalTrials.gov registry (AACT-verified); publication resolved live via NCT.,https://clinicaltrials.gov/study/NCT01582711
RIMEGEPANT_MIGRAINE_AUTO_FULL_REVIEW.html,NCT05399485,40542538,,Kitamura S,2025,1403-1412,Headache,NCT NCT05399485: Mean Change From Baseline in Number of Migraine Days Per Month From Week 9 to 12 of the Double-Blind Treatment (DBT) Pha. Source: ClinicalTrials.gov registry (AACT-verified); publicat,https://clinicaltrials.gov/study/NCT05399485
RIMEGEPANT_MIGRAINE_AUTO_FULL_REVIEW.html,NCT05399459,40586377,,Ikeda K,2025,1811-1820,Headache,NCT NCT05399459: Percentage of Participants Who Had Freedom From Pain at 2 Hours Post-Dose. Source: ClinicalTrials.gov registry (AACT-verified); publication resolved live via NCT.,https://clinicaltrials.gov/study/NCT05399459
RIOCIGUAT_PAH_AUTO_FULL_REVIEW.html,CHEST-1,23883377,,Ghofrani HA,2013,319-329,The New England journal of medicine,NCT NCT00855465: 6 Minutes Walking Distance (6MWD) - Change From Baseline to Week 16. Source: ClinicalTrials.gov registry (AACT-verified); publication resolved live via NCT.,https://clinicaltrials.gov/study/NCT00855465
RIOCIGUAT_PAH_AUTO_FULL_REVIEW.html,PATENT PLUS,25657022,,Galiè N,2015,1314-1322,The European respiratory journal,NCT NCT01179334: Maximum Change From Baseline in Supine Systolic Blood Pressure (SBP) Within 4 Hours Post-dose at Visit 6 (Week 12). Source: ClinicalTrials.gov registry (AACT-verified); publication re,https://clinicaltrials.gov/study/NCT01179334
RIOCIGUAT_PAH_AUTO_FULL_REVIEW.html,PATENT-1,23883378,,Ghofrani HA,2013,330-340,The New England journal of medicine,NCT NCT00810693: 6 Minutes Walking Distance (6MWD) - Change From Baseline to Week 12. Source: ClinicalTrials.gov registry (AACT-verified); publication resolved live via NCT.,https://clinicaltrials.gov/study/NCT00810693
RIOCIGUAT_PAH_AUTO_FULL_REVIEW.html,REPLACE,33773120,,Hoeper MM,2021,573-584,The Lancet. Respiratory medicine,NCT NCT02891850: Number of Participants With Satisfactory Clinical Response at Week 24. Source: ClinicalTrials.gov registry (AACT-verified); publication resolved live via NCT.,https://clinicaltrials.gov/study/NCT02891850
RISANKIZUMAB_CROHNS_DISEASE_AUTO_FULL_REVIEW.html,NCT03104413,35644154,,D'Haens G,2022,2015-2030,"Lancet (London, England)",NCT NCT03104413: US Specific: Percentage of Participants With Crohn's Disease Activity Index (CDAI) Clinical Remission. Source: ClinicalTrials.gov registry (AACT-verified); publication resolved live v,https://clinicaltrials.gov/study/NCT03104413
RISANKIZUMAB_CROHNS_DISEASE_AUTO_FULL_REVIEW.html,NCT03105128,35644154,,D'Haens G,2022,2015-2030,"Lancet (London, England)",NCT NCT03105128: US Specific: Percentage of Participants With Crohn's Disease Activity Index (CDAI) Clinical Remission. Source: ClinicalTrials.gov registry (AACT-verified); publication resolved live v,https://clinicaltrials.gov/study/NCT03105128
RISANKIZUMAB_PSA_AUTO_FULL_REVIEW.html,KEEPsAKE 1,34911706,,Kristensen LE,2022,225-231,Annals of the rheumatic diseases,NCT NCT03675308: Percentage of Participants With an American College of Rheumatology 20% (ACR20) Response at Week 24. Source: ClinicalTrials.gov registry (AACT-verified); publication resolved live via,https://clinicaltrials.gov/study/NCT03675308
RISANKIZUMAB_PSA_AUTO_FULL_REVIEW.html,KEEPsAKE2,34815219,,Östör A,2022,351-358,Annals of the rheumatic diseases,NCT NCT03671148: Percentage of Participants With an American College of Rheumatology 20% (ACR20) Response at Week 24. Source: ClinicalTrials.gov registry (AACT-verified); publication resolved live via,https://clinicaltrials.gov/study/NCT03671148
RISANKIZUMAB_PSORIASIS_AUTO_FULL_REVIEW.html,UnlIMMited,41139175,,Song EJ,2026,293-307,Dermatology and therapy,NCT NCT05969223: Study-G: Percentage of Participants With Achievement of Static Physician Global Assessment of Genitalia (sPGA-G) of 0 or. Source: ClinicalTrials.gov registry (AACT-verified); publicat,https://clinicaltrials.gov/study/NCT05969223
RISANKIZUMAB_PSORIASIS_AUTO_FULL_REVIEW.html,NCT03478787,35050485,,Crowley JJ,2022,561-575,Dermatology and therapy,NCT NCT03478787: Percentage of Participants With a 90% Reduction From Baseline Psoriasis Area and Severity Index (PASI 90) at Week 16. Source: ClinicalTrials.gov registry (AACT-verified); publication ,https://clinicaltrials.gov/study/NCT03478787
RISANKIZUMAB_PSORIASIS_AUTO_FULL_REVIEW.html,NCT02694523,31054118,,Suleiman AA,2019,1309-1321,Clinical pharmacokinetics,NCT NCT02694523: Percentage of Participants Achieving 90% Improvement in Psoriasis Area and Severity Index (PASI) Score (PASI90) at Week . Source: ClinicalTrials.gov registry (AACT-verified); publicat,https://clinicaltrials.gov/study/NCT02694523
RISDIPLAM_SMA_AUTO_FULL_REVIEW.html,NCT03988907,37148485,,Cleary Y,2023,891-904,Clinical pharmacokinetics,NCT NCT03988907: Part 2: Area Under the Concentration-Time Curve From Time Zero Extrapolated to Infinity (AUCinf) of Midazolam Alone and . Source: ClinicalTrials.gov registry (AACT-verified); publicat,https://clinicaltrials.gov/study/NCT03988907
RISDIPLAM_SMA_AUTO_FULL_REVIEW.html,Jewelfish,37148485,,Cleary Y,2023,891-904,Clinical pharmacokinetics,NCT NCT03032172: Number of Participants With Adverse Events (AEs). Source: ClinicalTrials.gov registry (AACT-verified); publication resolved live via NCT.,https://clinicaltrials.gov/study/NCT03032172
RISPERIDONE_SCHIZO_AUTO_FULL_REVIEW.html,DayBreak,36115192,,Kane JM,2022,271-278,Schizophrenia research,NCT NCT02717195: Change From Randomization to Week 10 in Positive and Negative Syndrome Scale (PANSS) Total Score. Source: ClinicalTrials.gov registry (AACT-verified); publication resolved live via NC,https://clinicaltrials.gov/study/NCT02717195
RISPERIDONE_SCHIZO_AUTO_FULL_REVIEW.html,TEOSS,17667476,,McCLELLAN J,2007,969-978,Journal of the American Academy of Child and Adolescent Psychiatry,NCT NCT00053703: Change From Baseline in Positive and Negative Syndrome Scale (PANSS) Total Score at 8 Weeks. Source: ClinicalTrials.gov registry (AACT-verified); publication resolved live via NCT.,https://clinicaltrials.gov/study/NCT00053703
RITUXIMAB_LYMPHOMA_AUTO_FULL_REVIEW.html,NCT00049036,20023215,,Sparano JA,2010,3008-3016,Blood,NCT NCT00049036: Complete Response Proportion as Measured by Tumor Response After Completion of Study Treatment. Source: ClinicalTrials.gov registry (AACT-verified); publication resolved live via NCT.,https://clinicaltrials.gov/study/NCT00049036
RITUXIMAB_LYMPHOMA_AUTO_FULL_REVIEW.html,NCT00715208,25039282,,Craig M,2014,920-928,British journal of haematology,NCT NCT00715208: Number of Patients With Complete Response (CR). Source: ClinicalTrials.gov registry (AACT-verified); publication resolved live via NCT.,https://clinicaltrials.gov/study/NCT00715208
RITUXIMAB_MG_AUTO_FULL_REVIEW.html,NCT02110706,28801338,,Hehir MK,2017,1069-1077,Neurology,NCT NCT02110706: Steroid Sparing Effect. Source: ClinicalTrials.gov registry (AACT-verified); publication resolved live via NCT.,https://clinicaltrials.gov/study/NCT02110706
RITUXIMAB_MG_AUTO_FULL_REVIEW.html,Rinomax,36121672,,Piehl F,2022,1105-1112,JAMA neurology,NCT NCT02950155: Percentage of Patients With Quantitative MG Score (QMG) Score ≤ 4 and a Daily Prednisolon Dose of ≤ 10mg at 16 Weeks Aft. Source: ClinicalTrials.gov registry (AACT-verified); publicat,https://clinicaltrials.gov/study/NCT02950155
RIVAROXABAN_ACS_AUTO_FULL_REVIEW.html,NCT00402597,19539361,,Mega JL,2009,29-38,"Lancet (London, England)",NCT NCT00402597: Thrombolysis in Myocardial Infarction (TIMI) Clinically Significant Bleeding Events (Primary Safety). Source: ClinicalTrials.gov registry (AACT-verified); publication resolved live vi,https://clinicaltrials.gov/study/NCT00402597
RIVAROXABAN_ACS_AUTO_FULL_REVIEW.html,NCT00809965,21570509,,Gibson CM,2011,815-821,American heart journal,"NCT NCT00809965: The Percentage of Patients With the Composite Endpoint of Cardiovascular Death, Myocardial Infarction, or Stroke. Source: ClinicalTrials.gov registry (AACT-verified); publication reso",https://clinicaltrials.gov/study/NCT00809965
RIVAROXABAN_VASC_REVIEW.html,COMPASS,28844192,,Eikelboom JW,2017,1319-1330,The New England journal of medicine,N Engl J Med 2017; 377:1319-1330,https://www.nejm.org/doi/full/10.1056/NEJMoa1709118
RIVAROXABAN_VASC_REVIEW.html,VOYAGER-PAD,32222135,,Bonaca MP,2020,1994-2004,The New England journal of medicine,N Engl J Med 2020; 382:1994-2004,https://www.nejm.org/doi/full/10.1056/NEJMoa2000052
RIVAROXABAN_VASC_REVIEW.html,COMMANDER HF,30146935,,Zannad F,2018,1332-1342,The New England journal of medicine,N Engl J Med 2018; 379:1332-1342,https://www.nejm.org/doi/full/10.1056/NEJMoa1808848
RIVAROXABAN_VASC_REVIEW.html,ATLAS ACS 2,22077192,,Mega JL,2012,9-19,The New England journal of medicine,N Engl J Med 2012; 366:9-19,https://www.nejm.org/doi/full/10.1056/NEJMoa1112277
RIZATRIPTAN_MIG_AUTO_FULL_REVIEW.html,NCT00894556,21078681,,Seeburger JL,2011,786-796,Cephalalgia : an international journal of headache,NCT NCT00894556: Pain Relief (PR). Source: ClinicalTrials.gov registry (AACT-verified); publication resolved live via NCT.,https://clinicaltrials.gov/study/NCT00894556
RIZATRIPTAN_MIG_AUTO_FULL_REVIEW.html,NCT00516737,19472447,,Cady RK,2009,687-696,Headache,NCT NCT00516737: Number of Participants Who Are Pain Free at 2 Hours Post-Dose. Source: ClinicalTrials.gov registry (AACT-verified); publication resolved live via NCT.,https://clinicaltrials.gov/study/NCT00516737
ROCKLATAN_GLAUCOMA_AUTO_FULL_REVIEW.html,NCT02674854,31981106,,Wisely CE,2020,1114-1123,Advances in therapy,NCT NCT02674854: Intraocular Pressure (IOP). Source: ClinicalTrials.gov registry (AACT-verified); publication resolved live via NCT.,https://clinicaltrials.gov/study/NCT02674854
ROCKLATAN_GLAUCOMA_AUTO_FULL_REVIEW.html,NCT02057575,26209587,,Lewis RA,2016,339-344,The British journal of ophthalmology,NCT NCT02057575: Intraocular Pressure (IOP). Source: ClinicalTrials.gov registry (AACT-verified); publication resolved live via NCT.,https://clinicaltrials.gov/study/NCT02057575
ROFLUMILAST_COPD_AUTO_FULL_REVIEW.html,NCT01443845,27585384,,Martinez FJ,2016,559-567,American journal of respiratory and critical care medicine,NCT NCT01443845: Rate of Moderate or Severe COPD Exacerbations Per Patient Per Year.. Source: ClinicalTrials.gov registry (AACT-verified); publication resolved live via NCT.,https://clinicaltrials.gov/study/NCT01443845
ROFLUMILAST_COPD_AUTO_FULL_REVIEW.html,EOS,19716961,,Fabbri LM,2009,695-703,"Lancet (London, England)",NCT NCT00313209: Pre-bronchodilator Forced Expiratory Volume in First Second (FEV1). Source: ClinicalTrials.gov registry (AACT-verified); publication resolved live via NCT.,https://clinicaltrials.gov/study/NCT00313209
ROFLUMILAST_COPD_AUTO_FULL_REVIEW.html,NCT01572948,26151090,,Wells JM,2015,934-942,American journal of respiratory and critical care medicine,NCT NCT01572948: Induced Sputum Proline-glycine-proline (PGP) Levels at Baseline. Source: ClinicalTrials.gov registry (AACT-verified); publication resolved live via NCT.,https://clinicaltrials.gov/study/NCT01572948
ROFLUMILAST_PSORIASIS_AUTO_FULL_REVIEW.html,ARRECTOR,40332898,,Gooderham MJ,2025,698-706,JAMA dermatology,NCT NCT05028582: Achievement of Scalp Investigator Global Assessment (S-IGA) Success at Week 8. Source: ClinicalTrials.gov registry (AACT-verified); publication resolved live via NCT.,https://clinicaltrials.gov/study/NCT05028582
ROFLUMILAST_PSORIASIS_AUTO_FULL_REVIEW.html,ARQ-151-201,32668113,,Lebwohl MG,2020,229-239,The New England journal of medicine,NCT NCT03638258: Percentage of Participants With an Investigator Global Assessment (IGA) Score of 'Clear' or 'Almost Clear' at Week 6. Source: ClinicalTrials.gov registry (AACT-verified); publication ,https://clinicaltrials.gov/study/NCT03638258
ROFLUMILAST_TOP_PSO_AUTO_FULL_REVIEW.html,ARRECTOR,40332898,,Gooderham MJ,2025,698-706,JAMA dermatology,NCT NCT05028582: Achievement of Scalp Investigator Global Assessment (S-IGA) Success at Week 8. Source: ClinicalTrials.gov registry (AACT-verified); publication resolved live via NCT.,https://clinicaltrials.gov/study/NCT05028582
ROFLUMILAST_TOP_PSO_AUTO_FULL_REVIEW.html,ARQ-151-201,32668113,,Lebwohl MG,2020,229-239,The New England journal of medicine,NCT NCT03638258: Percentage of Participants With an Investigator Global Assessment (IGA) Score of 'Clear' or 'Almost Clear' at Week 6. Source: ClinicalTrials.gov registry (AACT-verified); publication ,https://clinicaltrials.gov/study/NCT03638258
ROLAPITANT_CINV_AUTO_FULL_REVIEW.html,NCT01499849,26272769,,Rapoport BL,2015,1079-1089,The Lancet. Oncology,NCT NCT01499849: No Emetic Episodes and No Rescue Medication. Source: ClinicalTrials.gov registry (AACT-verified); publication resolved live via NCT.,https://clinicaltrials.gov/study/NCT01499849
ROLAPITANT_CINV_AUTO_FULL_REVIEW.html,HEC,26272769,,Rapoport BL,2015,1079-1089,The Lancet. Oncology,NCT NCT01500213: No Emetic Episodes and No Rescue Medication. Source: ClinicalTrials.gov registry (AACT-verified); publication resolved live via NCT.,https://clinicaltrials.gov/study/NCT01500213
ROMOSOZUMAB_OSTEO_AUTO_FULL_REVIEW.html,ARCH,28892457,,Saag KG,2017,1417-1427,The New England journal of medicine,NCT NCT01631214: Percentage of Participants With New Vertebral Fractures Through Month 24. Source: ClinicalTrials.gov registry (AACT-verified); publication resolved live via NCT.,https://clinicaltrials.gov/study/NCT01631214
ROMOSOZUMAB_OSTEO_AUTO_FULL_REVIEW.html,BRIDGE,29931216,,Lewiecki EM,2018,3183-3193,The Journal of clinical endocrinology and metabolism,NCT NCT02186171: Percent Change From Baseline in Lumbar Spine Bone Mineral Density (BMD) at Month 12. Source: ClinicalTrials.gov registry (AACT-verified); publication resolved live via NCT.,https://clinicaltrials.gov/study/NCT02186171
ROSUVASTATIN_AUTO_FULL_REVIEW.html,LANCE,32904162,,Vattimo ACA,2020,100595,"Current therapeutic research, clinical and experimental",NCT NCT01420549: Reduction of LDL Cholesterol Levels. Source: ClinicalTrials.gov registry (AACT-verified); publication resolved live via NCT.,https://clinicaltrials.gov/study/NCT01420549
ROSUVASTATIN_AUTO_FULL_REVIEW.html,SATURN,22085316,,Nicholls SJ,2011,2078-2087,The New England journal of medicine,NCT NCT00620542: Change From Baseline to End of Study (Week 104) in Percent Atheroma Volume (PAV). Source: ClinicalTrials.gov registry (AACT-verified); publication resolved live via NCT.,https://clinicaltrials.gov/study/NCT00620542
ROTAVIRUS_VACCINE_AUTO_FULL_REVIEW.html,NCT00420745,22228231,,Omenaca F,2012,487-493,The Pediatric infectious disease journal,NCT NCT00420745: Number of Subjects Reporting Any Serious Adverse Events (SAEs).. Source: ClinicalTrials.gov registry (AACT-verified); publication resolved live via NCT.,https://clinicaltrials.gov/study/NCT00420745
ROTAVIRUS_VACCINE_AUTO_FULL_REVIEW.html,NCT01700621,26823338,,Zaman K,2016,1686-1693,The Journal of infectious diseases,NCT NCT01700621: Percentage/Number of Subjects With Seroprotection for Measles Virus Serum Neutralization Antibodies. Source: ClinicalTrials.gov registry (AACT-verified); publication resolved live via,https://clinicaltrials.gov/study/NCT01700621
ROTAVIRUS_VACCINE_AUTO_FULL_REVIEW.html,NCT00241644,22974466,,Steele AD,2012,213,BMC infectious diseases,NCT NCT00241644: Number of Subjects With Severe Rotavirus Gastroenteritis (RV GE) Caused by the Circulating Wild-type Rotavirus Strain. Source: ClinicalTrials.gov registry (AACT-verified); publication,https://clinicaltrials.gov/study/NCT00241644
ROXADUSTAT_ANEMIA_CKD_AUTO_FULL_REVIEW.html,Dolomites,36005278,,Natale P,2022,CD013751,The Cochrane database of systematic reviews,NCT NCT02021318: Percentage of Participants With a Hb Response to Treatment at Two Consecutive Visits During the First 24 Weeks of Treatm. Source: ClinicalTrials.gov registry (AACT-verified); publicat,https://clinicaltrials.gov/study/NCT02021318
ROXADUSTAT_ANEMIA_CKD_AUTO_FULL_REVIEW.html,Pyrenees,36005278,,Natale P,2022,CD013751,The Cochrane database of systematic reviews,NCT NCT02278341: Change From Baseline (BL) to the Average Hemoglobin (Hb) in Weeks 28-36 Without Rescue Therapy [EU (EMA)]. Source: ClinicalTrials.gov registry (AACT-verified); publication resolved li,https://clinicaltrials.gov/study/NCT02278341
ROXADUSTAT_RENAL_ANEMIA_AUTO_FULL_REVIEW.html,Dolomites,36005278,,Natale P,2022,CD013751,The Cochrane database of systematic reviews,NCT NCT02021318: Percentage of Participants With a Hb Response to Treatment at Two Consecutive Visits During the First 24 Weeks of Treatm. Source: ClinicalTrials.gov registry (AACT-verified); publicat,https://clinicaltrials.gov/study/NCT02021318
ROXADUSTAT_RENAL_ANEMIA_AUTO_FULL_REVIEW.html,Pyrenees,36005278,,Natale P,2022,CD013751,The Cochrane database of systematic reviews,NCT NCT02278341: Change From Baseline (BL) to the Average Hemoglobin (Hb) in Weeks 28-36 Without Rescue Therapy [EU (EMA)]. Source: ClinicalTrials.gov registry (AACT-verified); publication resolved li,https://clinicaltrials.gov/study/NCT02278341
ROZANOLIXIZUMAB_MG_AUTO_FULL_REVIEW.html,NCT03971422,33219142,,Bril V,2021,e853-e865,Neurology,NCT NCT03971422: Change From Baseline to Day 43 in Myasthenia Gravis-Activities of Daily Living (MG-ADL) Score. Source: ClinicalTrials.gov registry (AACT-verified); publication resolved live via NCT.,https://clinicaltrials.gov/study/NCT03971422
ROZANOLIXIZUMAB_MG_AUTO_FULL_REVIEW.html,NCT04124965,37059507,,Bril V,2023,383-394,The Lancet. Neurology,NCT NCT04124965: Percentage of Participants With Treatment-emergent Adverse Events (TEAEs). Source: ClinicalTrials.gov registry (AACT-verified); publication resolved live via NCT.,https://clinicaltrials.gov/study/NCT04124965
ROZANOLIXIZUMAB_MG_AUTO_FULL_REVIEW.html,NCT04650854,37059507,,Bril V,2023,383-394,The Lancet. Neurology,NCT NCT04650854: Percentage of Participants With Treatment-emergent Adverse Events (TEAEs). Source: ClinicalTrials.gov registry (AACT-verified); publication resolved live via NCT.,https://clinicaltrials.gov/study/NCT04650854
RRT_TIMING_AKI_ICU_REVIEW.html,STARRT-AKI,32668114,,Bagshaw SM,2020,240-251,The New England journal of medicine,,https://clinicaltrials.gov/study/NCT02568722
RRT_TIMING_AKI_ICU_REVIEW.html,AKIKI,27181456,,Gaudry S,2016,122-133,The New England journal of medicine,,https://clinicaltrials.gov/study/NCT01932190
RRT_TIMING_AKI_ICU_REVIEW.html,ELAIN,27209269,,Zarbock A,2016,2190-2199,JAMA,,https://clinicaltrials.gov/study/NCT01730664
RRT_TIMING_AKI_ICU_REVIEW.html,IDEAL-ICU,30304656,,Barbar SD,2018,1431-1442,The New England journal of medicine,,https://clinicaltrials.gov/study/NCT01682590
RSVPREF3_VACCINE_AUTO_FULL_REVIEW.html,NCT05590403,39099093,,Ferguson M,2024,1074-1084,Clinical infectious diseases : an official publication of the Infectious Diseases Society of America,NCT NCT05590403: RSV-A Neutralization Titers Expressed as Group Geometric Mean Titer (GMT) in Healthy Participants Compared to OA-RSV Gro. Source: ClinicalTrials.gov registry (AACT-verified); publicat,https://clinicaltrials.gov/study/NCT05590403
RSVPREF3_VACCINE_AUTO_FULL_REVIEW.html,NCT04732871,39052726,,Schwarz TF,2024,e102-e110,The Journal of infectious diseases,NCT NCT04732871: Humoral Immune Response in Terms of Respiratory Syncytial Virus (RSV)-A Neutralizing Antibody Geometric Mean Titers (GMT. Source: ClinicalTrials.gov registry (AACT-verified); publicat,https://clinicaltrials.gov/study/NCT04732871
RUCAPARIB_PROSTATE2_AUTO_FULL_REVIEW.html,CheckMate 9KD,34802864,,Fizazi K,2022,61-71,"European journal of cancer (Oxford, England : 1990)",NCT NCT03338790: Objective Response Rate Per Prostate Cancer Clinical Trials Working Group 3 (ORR-PCWG3). Source: ClinicalTrials.gov registry (AACT-verified); publication resolved live via NCT.,https://clinicaltrials.gov/study/NCT03338790
RUCAPARIB_PROSTATE2_AUTO_FULL_REVIEW.html,NCT03840200,37339186,,Pook D,2023,3292-3300,Clinical cancer research : an official journal of the American Association for Cancer Research,NCT NCT03840200: Percentage of Participants With Adverse Events. Source: ClinicalTrials.gov registry (AACT-verified); publication resolved live via NCT.,https://clinicaltrials.gov/study/NCT03840200
RUCAPARIB_PROSTATE2_AUTO_FULL_REVIEW.html,TRITON2,32203306,,Maia MC,2020,271-291,Nature reviews. Urology,NCT NCT02952534: Confirmed Objective Response Rate (ORR) by Gene in Patients With Measurable Disease at Baseline Per Central Independent . Source: ClinicalTrials.gov registry (AACT-verified); publicat,https://clinicaltrials.gov/study/NCT02952534
RUCAPARIB_PROSTATE_AUTO_FULL_REVIEW.html,CheckMate 9KD,34802864,,Fizazi K,2022,61-71,"European journal of cancer (Oxford, England : 1990)",NCT NCT03338790: Objective Response Rate Per Prostate Cancer Clinical Trials Working Group 3 (ORR-PCWG3). Source: ClinicalTrials.gov registry (AACT-verified); publication resolved live via NCT.,https://clinicaltrials.gov/study/NCT03338790
RUCAPARIB_PROSTATE_AUTO_FULL_REVIEW.html,NCT03840200,37339186,,Pook D,2023,3292-3300,Clinical cancer research : an official journal of the American Association for Cancer Research,NCT NCT03840200: Percentage of Participants With Adverse Events. Source: ClinicalTrials.gov registry (AACT-verified); publication resolved live via NCT.,https://clinicaltrials.gov/study/NCT03840200
RUCAPARIB_PROSTATE_AUTO_FULL_REVIEW.html,TRITON2,32203306,,Maia MC,2020,271-291,Nature reviews. Urology,NCT NCT02952534: Confirmed Objective Response Rate (ORR) by Gene in Patients With Measurable Disease at Baseline Per Central Independent . Source: ClinicalTrials.gov registry (AACT-verified); publicat,https://clinicaltrials.gov/study/NCT02952534
RUFINAMIDE_EPILEPSY_AUTO_FULL_REVIEW.html,NCT01405053,26805435,,Arzimanoglou A,2016,393-402,European journal of paediatric neurology : EJPN : official journal of the European Paediatric Neurology Society,NCT NCT01405053: Child Behavior Checklist (CBCL) Total Problem T-scores at the End of 2-year Treatment Period. Source: ClinicalTrials.gov registry (AACT-verified); publication resolved live via NCT.,https://clinicaltrials.gov/study/NCT01405053
RUFINAMIDE_EPILEPSY_AUTO_FULL_REVIEW.html,NCT01146951,33179247,,Panebianco M,2020,CD011772,The Cochrane database of systematic reviews,NCT NCT01146951: Percent Change in Tonic-Atonic Seizure Frequency From Baseline (Per 28 Days). Source: ClinicalTrials.gov registry (AACT-verified); publication resolved live via NCT.,https://clinicaltrials.gov/study/NCT01146951
RUXOLITINIB_AD_AUTO_FULL_REVIEW.html,NCT03011892,31629805,,Kim BS,2020,572-582,The Journal of allergy and clinical immunology,NCT NCT03011892: Mean Percentage Change From Baseline in Eczema Area and Severity Index (EASI) Score at Week 4 in Participants Treated Wi. Source: ClinicalTrials.gov registry (AACT-verified); publicat,https://clinicaltrials.gov/study/NCT03011892
RUXOLITINIB_AD_AUTO_FULL_REVIEW.html,NCT03745651,33658996,,Scuron MD,2020,620098,Frontiers in immunology,NCT NCT03745651: VC Period: Percentage of Participants Who Achieved Investigator's Global Assessment - Treatment Success (IGA-TS) at Week. Source: ClinicalTrials.gov registry (AACT-verified); publicat,https://clinicaltrials.gov/study/NCT03745651
SACUBITRIL_HEARTFAIL_AUTO_FULL_REVIEW.html,AWAKE-HF,32978755,,Khandwalla RM,2021,241-254,"American journal of cardiovascular drugs : drugs, devices, and other interventions",NCT NCT02970669: Ratio of Mean Activity Counts Collected During the Most Active 30 Minutes of the Subject's Day Between Week 8 and Baseli. Source: ClinicalTrials.gov registry (AACT-verified); publicat,https://clinicaltrials.gov/study/NCT02970669
SACUBITRIL_HEARTFAIL_AUTO_FULL_REVIEW.html,NCT06142383,41912806,,Solomon SD,2026,1694-1700,Nature medicine,NCT NCT06142383: Geometric Mean Ratio to Baseline in NT-proBNP at Week 16. Source: ClinicalTrials.gov registry (AACT-verified); publication resolved live via NCT.,https://clinicaltrials.gov/study/NCT06142383
SACUBITRIL_HEARTFAIL_AUTO_FULL_REVIEW.html,PARAGLIDE-HF,37212758,,Mentz RJ,2023,1-12,Journal of the American College of Cardiology,NCT NCT03988634: Time-averaged Proportional Change in NT proBNP From Baseline to Weeks 4 and 8. Source: ClinicalTrials.gov registry (AACT-verified); publication resolved live via NCT.,https://clinicaltrials.gov/study/NCT03988634
SACUBITRIL_VALSARTAN_HF_AUTO_FULL_REVIEW.html,AWAKE-HF,32978755,,Khandwalla RM,2021,241-254,"American journal of cardiovascular drugs : drugs, devices, and other interventions",NCT NCT02970669: Ratio of Mean Activity Counts Collected During the Most Active 30 Minutes of the Subject's Day Between Week 8 and Baseli. Source: ClinicalTrials.gov registry (AACT-verified); publicat,https://clinicaltrials.gov/study/NCT02970669
SACUBITRIL_VALSARTAN_HF_AUTO_FULL_REVIEW.html,NCT06142383,41912806,,Solomon SD,2026,1694-1700,Nature medicine,NCT NCT06142383: Geometric Mean Ratio to Baseline in NT-proBNP at Week 16. Source: ClinicalTrials.gov registry (AACT-verified); publication resolved live via NCT.,https://clinicaltrials.gov/study/NCT06142383
SACUBITRIL_VALSARTAN_HF_AUTO_FULL_REVIEW.html,PARAGLIDE-HF,37212758,,Mentz RJ,2023,1-12,Journal of the American College of Cardiology,NCT NCT03988634: Time-averaged Proportional Change in NT proBNP From Baseline to Weeks 4 and 8. Source: ClinicalTrials.gov registry (AACT-verified); publication resolved live via NCT.,https://clinicaltrials.gov/study/NCT03988634
SAPROPTERIN_PKU_AUTO_FULL_REVIEW.html,NCT01114737,37263523,,Grant ML,2023,113526,The Journal of pediatrics,NCT NCT01114737: Change in Attention-Deficit Hyperactivity Disorder Rating Scale-IV (ADHD-RS) / Adult ADHD Self-Report Scale (ASRS) Total. Source: ClinicalTrials.gov registry (AACT-verified); publicat,https://clinicaltrials.gov/study/NCT01114737
SAPROPTERIN_PKU_AUTO_FULL_REVIEW.html,NCT00272792,19261295,,Trefz FK,2009,700-707,The Journal of pediatrics,NCT NCT00272792: Amount of Dietary Supplemented Phenylalanine (Phe)Tolerated in Children With Phenylketonuria. Source: ClinicalTrials.gov registry (AACT-verified); publication resolved live via NCT.,https://clinicaltrials.gov/study/NCT00272792
SARILUMAB_COVID_AUTO_FULL_REVIEW.html,NCT04359901,35213547,,Branch-Elliman W,2022,e0263591,PloS one,NCT NCT04359901: Number of Participants With Intubation or Death. Source: ClinicalTrials.gov registry (AACT-verified); publication resolved live via NCT.,https://clinicaltrials.gov/study/NCT04359901
SARILUMAB_COVID_AUTO_FULL_REVIEW.html,NCT04315298,34496013,,Boyapati A,2021,1830-1838,The Journal of infectious diseases,NCT NCT04315298: Percent Change From Baseline in CRP Levels at Day 4 in Participants With Serum IL-6 Level Greater Than the ULN (Phase 2). Source: ClinicalTrials.gov registry (AACT-verified); publicat,https://clinicaltrials.gov/study/NCT04315298
SARILUMAB_RA_AUTO_FULL_REVIEW.html,SARIL-RA-ONE,31090044,,Wells AF,2019,339-352,Rheumatology and therapy,NCT NCT02121210: Percentage of Participants With Incidence of Antidrug Antibodies (ADA). Source: ClinicalTrials.gov registry (AACT-verified); publication resolved live via NCT.,https://clinicaltrials.gov/study/NCT02121210
SARILUMAB_RA_AUTO_FULL_REVIEW.html,NCT01709578,27860410,,Fleischmann R,2017,277-290,"Arthritis & rheumatology (Hoboken, N.J.)",NCT NCT01709578: Percentage of Participants Who Achieved at Least 20% Improvement in the American College of Rheumatology (ACR20) Criteri. Source: ClinicalTrials.gov registry (AACT-verified); publicat,https://clinicaltrials.gov/study/NCT01709578
SARILUMAB_RA_AUTO_FULL_REVIEW.html,NCT01768572,30590833,,Emery P,2019,849-858,"Rheumatology (Oxford, England)",NCT NCT01768572: Number of Participants With Treatment Emergent Adverse Events (TEAEs). Source: ClinicalTrials.gov registry (AACT-verified); publication resolved live via NCT.,https://clinicaltrials.gov/study/NCT01768572
SATRALIZUMAB_NMOSD_AUTO_FULL_REVIEW.html,NCT02073279,32333898,,Traboulsee A,2020,402-412,The Lancet. Neurology,NCT NCT02073279: Time to First Protocol-Defined Relapse (TFR) During the Double-Blind (DB) Period. Source: ClinicalTrials.gov registry (AACT-verified); publication resolved live via NCT.,https://clinicaltrials.gov/study/NCT02073279
SATRALIZUMAB_NMOSD_AUTO_FULL_REVIEW.html,NCT02028884,31774956,,Yamamura T,2019,2114-2124,The New England journal of medicine,NCT NCT02028884: Time to First Protocol-Defined Relapse (TFR) in the Double-Blind Period. Source: ClinicalTrials.gov registry (AACT-verified); publication resolved live via NCT.,https://clinicaltrials.gov/study/NCT02028884
SAXAGLIPTIN_T2D_AUTO_FULL_REVIEW.html,GENERATION,25761977,,Schernthaner G,2015,630-638,"Diabetes, obesity & metabolism",NCT NCT01006603: Proportion of Patients Reaching HbA1c <7% After 52 Weeks of Treatment Without Confirmed or Severe Hypoglycaemia.. Source: ClinicalTrials.gov registry (AACT-verified); publication reso,https://clinicaltrials.gov/study/NCT01006603
SAXAGLIPTIN_T2D_AUTO_FULL_REVIEW.html,NCT01619059,26324329,,Matthaei S,2015,2018-2024,Diabetes care,NCT NCT01619059: Adjusted Mean Change From Baseline in Hemoglobin A1C (HbA1c) at Week 24. Source: ClinicalTrials.gov registry (AACT-verified); publication resolved live via NCT.,https://clinicaltrials.gov/study/NCT01619059
SEBELIPASE_LAL_AUTO_FULL_REVIEW.html,NCT01307098,23348766,,Balwani M,2013,950-957,"Hepatology (Baltimore, Md.)",NCT NCT01307098: Number Of Participants Reporting TEAEs And Infusion-Related Reactions (IRRs). Source: ClinicalTrials.gov registry (AACT-verified); publication resolved live via NCT.,https://clinicaltrials.gov/study/NCT01307098
SEBELIPASE_LAL_AUTO_FULL_REVIEW.html,ARISE,24993530,,Valayannopoulos V,2014,1135-1142,Journal of hepatology,NCT NCT01757184: Percentage Of Participants Achieving Alanine Aminotransferase Normalization. Source: ClinicalTrials.gov registry (AACT-verified); publication resolved live via NCT.,https://clinicaltrials.gov/study/NCT01757184
SECUKINUMAB_AXIAL_AUTO_FULL_REVIEW.html,MEASURE 3,29273067,,Pavelka K,2017,285,Arthritis research & therapy,NCT NCT02008916: Number of Participants With 20% Improvement in the Assessment of Spondyloarthritis International Society Criteria Scale . Source: ClinicalTrials.gov registry (AACT-verified); publicat,https://clinicaltrials.gov/study/NCT02008916
SECUKINUMAB_AXIAL_AUTO_FULL_REVIEW.html,MEASURE 1,26699169,,Baeten D,2015,2534-2548,The New England journal of medicine,NCT NCT01358175: Assessment of Responders for the SpondyloArthritis International Society / ASAS 20 Response. Source: ClinicalTrials.gov registry (AACT-verified); publication resolved live via NCT.,https://clinicaltrials.gov/study/NCT01358175
SECUKINUMAB_AXSPA_AUTO_FULL_REVIEW.html,MEASURE 3,29273067,,Pavelka K,2017,285,Arthritis research & therapy,NCT NCT02008916: Number of Participants With 20% Improvement in the Assessment of Spondyloarthritis International Society Criteria Scale . Source: ClinicalTrials.gov registry (AACT-verified); publicat,https://clinicaltrials.gov/study/NCT02008916
SECUKINUMAB_AXSPA_AUTO_FULL_REVIEW.html,MEASURE 1,26699169,,Baeten D,2015,2534-2548,The New England journal of medicine,NCT NCT01358175: Assessment of Responders for the SpondyloArthritis International Society / ASAS 20 Response. Source: ClinicalTrials.gov registry (AACT-verified); publication resolved live via NCT.,https://clinicaltrials.gov/study/NCT01358175
SECUKINUMAB_PSORIASIS_AUTO_FULL_REVIEW.html,PROSE,34273904,,da Silva N,2021,2241-2249,Journal of the European Academy of Dermatology and Venereology : JEADV,NCT NCT02752776: Percentage of Participants With a Dermatology Life Quality Index 0/1 (DLQI 0/1) Response at Week 16. Source: ClinicalTrials.gov registry (AACT-verified); publication resolved live via,https://clinicaltrials.gov/study/NCT02752776
SECUKINUMAB_PSORIASIS_AUTO_FULL_REVIEW.html,CLARITY,30334147,,Bagel J,2018,571-579,Dermatology and therapy,NCT NCT02826603: Participants Who Achieved Psoriasis Area and Severity Index (PASI) 90 Response at Week 12. Source: ClinicalTrials.gov registry (AACT-verified); publication resolved live via NCT.,https://clinicaltrials.gov/study/NCT02826603
SECUKINUMAB_PSORIASIS_AUTO_FULL_REVIEW.html,NCT03504852,34981829,,Augustin M,2022,942-954,The British journal of dermatology,NCT NCT03504852: Percentage of Subjects Who Achieve 90% or Greater Reduction in Psoriasis Area and Severity Index (PASI) Score - Week 16 . Source: ClinicalTrials.gov registry (AACT-verified); publicat,https://clinicaltrials.gov/study/NCT03504852
SECUKINUMAB_PSORIASIS_AUTO_FULL_REVIEW.html,BE RADIANT,33891380,,Reich K,2021,142-152,The New England journal of medicine,NCT NCT03536884: Percentage of Participants With a Psoriasis Area and Severity Index 100 (PASI100) Response at Week 16. Source: ClinicalTrials.gov registry (AACT-verified); publication resolved live v,https://clinicaltrials.gov/study/NCT03536884
SECUKINUMAB_PSORIASIS_AUTO_FULL_REVIEW.html,JUNCTURE,25243910,YEAR_MISMATCH,Paul C,2015,1082-1090,Journal of the European Academy of Dermatology and Venereology : JEADV,NCT NCT01636687: Psoriasis Area and Severity Index (PASI) 75 Response and Investigators' Global Assessment (IGA) Mod 2011 0 or 1 Response. Source: ClinicalTrials.gov registry (AACT-verified); publicat,https://clinicaltrials.gov/study/NCT01636687
SELADELPAR_PBC_AUTO_FULL_REVIEW.html,NCT02609048,28818518,,Jones D,2017,716-726,The lancet. Gastroenterology & hepatology,NCT NCT02609048: Baseline Alkaline Phosphatase (AP) Levels. Source: ClinicalTrials.gov registry (AACT-verified); publication resolved live via NCT.,https://clinicaltrials.gov/study/NCT02609048
SELADELPAR_PBC_AUTO_FULL_REVIEW.html,NCT04620733,38381664,,Hirschfield GM,2024,783-794,The New England journal of medicine,"NCT NCT04620733: Percentage of Participants With Response Criteria for the Composite Endpoint of ALP <1.67 × Upper Limit of Normal (ULN),. Source: ClinicalTrials.gov registry (AACT-verified); publicat",https://clinicaltrials.gov/study/NCT04620733
SELEXIPAG_PAH_AUTO_FULL_REVIEW.html,NCT03492177,41429287,,Beghetti M,2026,1330-1344,Chest,NCT NCT03492177: Area Under the Plasma Concentration-time Curve Over a Dose Interval at Steady State of Selexipag and Its Metabolite ACT-. Source: ClinicalTrials.gov registry (AACT-verified); publicat,https://clinicaltrials.gov/study/NCT03492177
SELEXIPAG_PAH_AUTO_FULL_REVIEW.html,TRACE,36089068,,Howard LS,2023,407-418,Chest,NCT NCT03078907: Change From Baseline to Week 24 in Actigraphy Assessed Daily Life Physical Activity (DLPA) for Variables Expressed in Mi. Source: ClinicalTrials.gov registry (AACT-verified); publicat,https://clinicaltrials.gov/study/NCT03078907
SELEXIPAG_PAH_AUTO_FULL_REVIEW.html,GRIPHON,26699168,,Sitbon O,2015,2522-2533,The New England journal of medicine,NCT NCT01106014: Time From Randomization to the First Morbidity Event or Death (All Causes) up to 7 Days After the Last Study Drug Intake. Source: ClinicalTrials.gov registry (AACT-verified); publicat,https://clinicaltrials.gov/study/NCT01106014
SELPERCATINIB_RET_REVIEW_FULL_REVIEW.html,LIBRETTO-431,33150799,,Solomon BJ,2021,763-773,"Future oncology (London, England)",NCT NCT04194944: Progression Free Survival (PFS) by Blinded Independent Central Review (BICR) (With Pembrolizumab). Source: ClinicalTrials.gov registry (AACT-verified); publication resolved live via N,https://clinicaltrials.gov/study/NCT04194944
SELUMETINIB_NF1_AUTO_FULL_REVIEW.html,SPRINKLE,41592259,,Hernáiz Driever P,2026,849-860,Journal of clinical oncology : official journal of the American Society of Clinical Oncology,NCT NCT05309668: Selumetinib AUC0-12 Derived After Single Dose Administration. Source: ClinicalTrials.gov registry (AACT-verified); publication resolved live via NCT.,https://clinicaltrials.gov/study/NCT05309668
SELUMETINIB_NF1_AUTO_FULL_REVIEW.html,KOMET,40473450,,Chen AP,2025,2217-2230,"Lancet (London, England)",NCT NCT04924608: Confirmed Partial and Complete Response Rate (ORR) by End of Cycle 16 Using Volumetric MRI Analysis as Determined by ICR. Source: ClinicalTrials.gov registry (AACT-verified); publicat,https://clinicaltrials.gov/study/NCT04924608
SEMAGLUTIDE_NASH_AUTO_FULL_REVIEW.html,NCT02970942,33185364,,Newsome PN,2021,1113-1124,The New England journal of medicine,NCT NCT02970942: Percentage of Participants With Non- Alcoholic Steatohepatitis (NASH) Resolution Without Worsening of Fibrosis After 72 . Source: ClinicalTrials.gov registry (AACT-verified); publicat,https://clinicaltrials.gov/study/NCT02970942
SEMAGLUTIDE_NASH_AUTO_FULL_REVIEW.html,NCT03987451,36934740,,Loomba R,2023,511-522,The lancet. Gastroenterology & hepatology,NCT NCT03987451: Percentage of Participants With At Least One Stage of Liver Fibrosis Improvement With No Worsening of Non-Alcoholic Stea. Source: ClinicalTrials.gov registry (AACT-verified); publicat,https://clinicaltrials.gov/study/NCT03987451
SEMAGLUTIDE_NASH_AUTO_FULL_REVIEW.html,NCT03987074,35439567,,Alkhouri N,2022,607-618,Journal of hepatology,NCT NCT03987074: Percentage of Participants Experiencing Treatment-Emergent Adverse Events (TEAEs). Source: ClinicalTrials.gov registry (AACT-verified); publication resolved live via NCT.,https://clinicaltrials.gov/study/NCT03987074
SER109_CDI_AUTO_FULL_REVIEW.html,ECOSPORIII,35045228,,Feuerstadt P,2022,220-229,The New England journal of medicine,NCT NCT03183128: Recurrence of CDI up to 8 Weeks. Source: ClinicalTrials.gov registry (AACT-verified); publication resolved live via NCT.,https://clinicaltrials.gov/study/NCT03183128
SER109_CDI_AUTO_FULL_REVIEW.html,ECOSPOR,32255488,,McGovern BH,2021,2132-2140,Clinical infectious diseases : an official publication of the Infectious Diseases Society of America,NCT NCT02437487: Number of Subjects With CDI Recurrence. Source: ClinicalTrials.gov registry (AACT-verified); publication resolved live via NCT.,https://clinicaltrials.gov/study/NCT02437487
SER109_CDI_AUTO_FULL_REVIEW.html,NCT03183141,36780159,,Sims MD,2023,e2255758,JAMA network open,NCT NCT03183141: Cohort 1: Recurrence of CDI and Sustained Clinical Response. Source: ClinicalTrials.gov registry (AACT-verified); publication resolved live via NCT.,https://clinicaltrials.gov/study/NCT03183141
SEVERE_PEDIATRIC_FEBRILE_AFRICA_REVIEW.html,AQUAMAT (IV artesunate vs IV quinine),21062666,,Dondorp AM,2010,1647-1657,"Lancet (London, England)","Source: Dondorp AM, Fanello CI, Hendriksen IC, et al. Artesunate versus quinine in the treatment of severe falciparum malaria in African children (AQUAMAT): an open-label, randomised trial. Lancet 201",https://doi.org/10.1016/S0140-6736(10)61924-1
SEVERE_PEDIATRIC_FEBRILE_AFRICA_REVIEW.html,FEAST (fluid bolus severe sepsis),21615299,,Maitland K,2011,2483-2495,The New England journal of medicine,"Source: Maitland K, Kiguli S, Opoka RO, et al. Mortality after Fluid Bolus in African Children with Severe Infection (FEAST). NEJM 2011;364:2483-2495. PMID 21615299. DOI 10.1056/NEJMoa1101549. Registr",https://doi.org/10.1056/NEJMoa1101549
SEVERE_PEDIATRIC_FEBRILE_AFRICA_REVIEW.html,TRACT (transfusion threshold anaemic),31314969,AUTHOR_MISMATCH;PAGE_MISMATCH,Song Z,2019,252-263,The New England journal of medicine,"Source: Maitland K, Kiguli S, Olupot-Olupot P, et al. Transfusion Volume for Children with Severe Anemia in Africa (TRACT). NEJM 2019;381:407-419. PMID 31314969. DOI 10.1056/NEJMoa1900105. Registry IS",https://doi.org/10.1056/NEJMoa1900105
SIMEPREVIR_HCV_AUTO_FULL_REVIEW.html,ACCORDION-1,29274193,,Sulkowski MS,2018,631-639,Journal of viral hepatitis,NCT NCT02349048: Percentage of Participants With Sustained Virologic Response (SVR) at 12 Weeks After End of Study Drug Treatment (SVR12). Source: ClinicalTrials.gov registry (AACT-verified); publicat,https://clinicaltrials.gov/study/NCT02349048
SIMEPREVIR_HCV_AUTO_FULL_REVIEW.html,NCT02262728,27878906,,Lawitz E,2017,287-294,Journal of viral hepatitis,NCT NCT02262728: Percentage of Participants With Sustained Virologic Response 12 Weeks After End of Study Drug Treatment (SVR12). Source: ClinicalTrials.gov registry (AACT-verified); publication resol,https://clinicaltrials.gov/study/NCT02262728
SIMEPREVIR_HCV_AUTO_FULL_REVIEW.html,NCT02421211,28971875,,Bourgeois S,2017,,Antimicrobial agents and chemotherapy,NCT NCT02421211: Minimum Plasma Concentration (Cmin) of Simeprevir (SMV). Source: ClinicalTrials.gov registry (AACT-verified); publication resolved live via NCT.,https://clinicaltrials.gov/study/NCT02421211
SIMEPREVIR_HCV_AUTO_FULL_REVIEW.html,NCT02168361,25557952,,Pearlman BL,2015,762-770,Gastroenterology,NCT NCT02168361: Proportion of Participants With Sustained Virologic Response 12 (SVR-12). Source: ClinicalTrials.gov registry (AACT-verified); publication resolved live via NCT.,https://clinicaltrials.gov/study/NCT02168361
SIMEPREVIR_HCV_AUTO_FULL_REVIEW.html,COMMIT,28135777,,Hézode C,2017,1304-1313,Liver international : official journal of the International Association for the Study of the Liver,NCT NCT02268864: Percentage of Participants With Sustained Virologic Response 12 Weeks After End of Study Drug Treatment (SVR12). Source: ClinicalTrials.gov registry (AACT-verified); publication resol,https://clinicaltrials.gov/study/NCT02268864
SIRUKUMAB_ARTHRITIS_RHEUMATOID_AUTO_FULL_REVIEW.html,NCT01689532,29514712,,Takeuchi T,2018,42,Arthritis research & therapy,NCT NCT01689532: Number of Participants With Treatment Emergent Adverse Events (TEAE). Source: ClinicalTrials.gov registry (AACT-verified); publication resolved live via NCT.,https://clinicaltrials.gov/study/NCT01689532
SIRUKUMAB_ARTHRITIS_RHEUMATOID_AUTO_FULL_REVIEW.html,SIRROUND-LTE,33526709,,Aletaha D,2021,,RMD open,NCT NCT01856309: Percentage of Participants With Serious Adverse Events (SAEs). Source: ClinicalTrials.gov registry (AACT-verified); publication resolved live via NCT.,https://clinicaltrials.gov/study/NCT01856309
SIRUKUMAB_ARTHRITIS_RHEUMATOID_AUTO_FULL_REVIEW.html,NCT01604343,28855173,,Takeuchi T,2017,2001-2008,Annals of the rheumatic diseases,NCT NCT01604343: Percentage of Participants With an American College of Rheumatology (ACR) 20 Response at Week 16. Source: ClinicalTrials.gov registry (AACT-verified); publication resolved live via NC,https://clinicaltrials.gov/study/NCT01604343
SIRUKUMAB_ARTHRITIS_RHEUMATOID_AUTO_FULL_REVIEW.html,NCT01606761,28215362,,Aletaha D,2017,1206-1217,"Lancet (London, England)",NCT NCT01606761: Percentage of Participants Achieving American College of Rheumatology (ACR) 20 Response at Week 16. Source: ClinicalTrials.gov registry (AACT-verified); publication resolved live via ,https://clinicaltrials.gov/study/NCT01606761
SIRUKUMAB_ARTHRITIS_RHEUMATOID_AUTO_FULL_REVIEW.html,SIRROUND-H,29483080,,Taylor PC,2018,658-666,Annals of the rheumatic diseases,NCT NCT02019472: Change From Baseline in Disease Activity Index Score 28 (DAS28) Erythrocyte Sedimentation Rate (ESR) at Week 24. Source: ClinicalTrials.gov registry (AACT-verified); publication resol,https://clinicaltrials.gov/study/NCT02019472
SITAGLIPTIN_T2D_AUTO_FULL_REVIEW.html,NCT00482729,21410627,,Reasner C,2011,644-652,"Diabetes, obesity & metabolism",NCT NCT00482729: Change From Baseline in Hemoglobin A1c (A1C) at Week 18. Source: ClinicalTrials.gov registry (AACT-verified); publication resolved live via NCT.,https://clinicaltrials.gov/study/NCT00482729
SITAGLIPTIN_T2D_AUTO_FULL_REVIEW.html,NCT00541229,19691426,,Alba M,2009,2507-2514,Current medical research and opinion,NCT NCT00541229: 24-hour Weighted Mean Glucose (WMG). Source: ClinicalTrials.gov registry (AACT-verified); publication resolved live via NCT.,https://clinicaltrials.gov/study/NCT00541229
SORAFENIB_HCC_AUTO_FULL_REVIEW.html,NCT00855218,26809111,,Lencioni R,2016,1090-1098,Journal of hepatology,NCT NCT00855218: Time to Progression (TTP) - Independent Radiological Review (Primary Analysis). Source: ClinicalTrials.gov registry (AACT-verified); publication resolved live via NCT.,https://clinicaltrials.gov/study/NCT00855218
SORAFENIB_HCC_AUTO_FULL_REVIEW.html,NCT03439891,41831609,,Keenan BP,2026,101817,JHEP reports : innovation in hepatology,NCT NCT03439891: Maximum Tolerated Dose (MTD) (Part 1 Only). Source: ClinicalTrials.gov registry (AACT-verified); publication resolved live via NCT.,https://clinicaltrials.gov/study/NCT03439891
SORAFENIB_HCC_AUTO_FULL_REVIEW.html,NCT02024087,30352941,,Abou-Alfa GK,2019,161-e70,The oncologist,NCT NCT02024087: Number of Participants With Adverse Events as a Measure of Safety and Tolerability.. Source: ClinicalTrials.gov registry (AACT-verified); publication resolved live via NCT.,https://clinicaltrials.gov/study/NCT02024087
SORAFENIB_LIVER_AUTO_FULL_REVIEW.html,NCT00855218,26809111,,Lencioni R,2016,1090-1098,Journal of hepatology,NCT NCT00855218: Time to Progression (TTP) - Independent Radiological Review (Primary Analysis). Source: ClinicalTrials.gov registry (AACT-verified); publication resolved live via NCT.,https://clinicaltrials.gov/study/NCT00855218
SORAFENIB_LIVER_AUTO_FULL_REVIEW.html,NCT03439891,41831609,,Keenan BP,2026,101817,JHEP reports : innovation in hepatology,NCT NCT03439891: Maximum Tolerated Dose (MTD) (Part 1 Only). Source: ClinicalTrials.gov registry (AACT-verified); publication resolved live via NCT.,https://clinicaltrials.gov/study/NCT03439891
SORAFENIB_LIVER_AUTO_FULL_REVIEW.html,NCT02024087,30352941,,Abou-Alfa GK,2019,161-e70,The oncologist,NCT NCT02024087: Number of Participants With Adverse Events as a Measure of Safety and Tolerability.. Source: ClinicalTrials.gov registry (AACT-verified); publication resolved live via NCT.,https://clinicaltrials.gov/study/NCT02024087
SORAVTANSINE_EPITHELIAL_OVARIAN_AUTO_FULL_REVIEW.html,MIRASOL,38055253,,Moore KN,2023,2162-2174,The New England journal of medicine,NCT NCT04209855: Progression-free Survival (PFS) as Assessed by Response Evaluation Criteria in Solid Tumors (RECIST) Version 1.1. Source: ClinicalTrials.gov registry (AACT-verified); publication reso,https://clinicaltrials.gov/study/NCT04209855
SORAVTANSINE_EPITHELIAL_OVARIAN_AUTO_FULL_REVIEW.html,FORWARD I,33667670,,Moore KN,2021,757-765,Annals of oncology : official journal of the European Society for Medical Oncology,"NCT NCT02631876: Progression-Free Survival (PFS), as Assessed by BIRC Per RECIST Version 1.1 in All Participants Randomized to the Study. Source: ClinicalTrials.gov registry (AACT-verified); publicati",https://clinicaltrials.gov/study/NCT02631876
SORAVTANSINE_FALLOPIAN_TUBE_AUTO_FULL_REVIEW.html,MIRASOL,38055253,,Moore KN,2023,2162-2174,The New England journal of medicine,NCT NCT04209855: Progression-free Survival (PFS) as Assessed by Response Evaluation Criteria in Solid Tumors (RECIST) Version 1.1. Source: ClinicalTrials.gov registry (AACT-verified); publication reso,https://clinicaltrials.gov/study/NCT04209855
SORAVTANSINE_FALLOPIAN_TUBE_AUTO_FULL_REVIEW.html,FORWARD I,33667670,,Moore KN,2021,757-765,Annals of oncology : official journal of the European Society for Medical Oncology,"NCT NCT02631876: Progression-Free Survival (PFS), as Assessed by BIRC Per RECIST Version 1.1 in All Participants Randomized to the Study. Source: ClinicalTrials.gov registry (AACT-verified); publicati",https://clinicaltrials.gov/study/NCT02631876
SOTAGLIFLOZIN_HF_AUTO_FULL_REVIEW.html,NCT03521934,33200892,,Bhatt DL,2021,117-128,The New England journal of medicine,"NCT NCT03521934: Number of Total Occurrences of Cardiovascular (CV) Death, Hospitalizations for Heart Failure (HHF) and Urgent Visits for. Source: ClinicalTrials.gov registry (AACT-verified); publicat",https://clinicaltrials.gov/study/NCT03521934
SOTAGLIFLOZIN_HF_AUTO_FULL_REVIEW.html,SCORED,33200891,,Bhatt DL,2021,129-139,The New England journal of medicine,"NCT NCT03315143: Number of Total Occurrences of Cardiovascular (CV) Death, Hospitalizations for Heart Failure (HHF) and Urgent Visits for. Source: ClinicalTrials.gov registry (AACT-verified); publicat",https://clinicaltrials.gov/study/NCT03315143
SOTAGLIFLOZIN_T1D_AUTO_FULL_REVIEW.html,inTandem4,31264767,,Baker C,2019,2440-2449,"Diabetes, obesity & metabolism",NCT NCT02459899: Change From Baseline in Hemoglobin A1C (A1C) at Week 12. Source: ClinicalTrials.gov registry (AACT-verified); publication resolved live via NCT.,https://clinicaltrials.gov/study/NCT02459899
SOTAGLIFLOZIN_T1D_AUTO_FULL_REVIEW.html,inTandem2,29937431,,Danne T,2018,1981-1990,Diabetes care,NCT NCT02421510: Change From Baseline in A1C at Week 24. Source: ClinicalTrials.gov registry (AACT-verified); publication resolved live via NCT.,https://clinicaltrials.gov/study/NCT02421510
SOTAGLIFLOZIN_T1D_AUTO_FULL_REVIEW.html,NCT02383940,32640846,,Bode BW,2021,59-69,Diabetes technology & therapeutics,NCT NCT02383940: Change From Baseline in Hemoglobin A1C (A1C) at Week 12. Source: ClinicalTrials.gov registry (AACT-verified); publication resolved live via NCT.,https://clinicaltrials.gov/study/NCT02383940
SOTAGLIFLOZIN_T1D_AUTO_FULL_REVIEW.html,inTandem3,28899222,,Garg SK,2017,2337-2348,The New England journal of medicine,NCT NCT02531035: Percentage of Participants With A1C <7.0% at Week 24 and No Episode of Severe Hypoglycemia and No Episode of Diabetic Ke. Source: ClinicalTrials.gov registry (AACT-verified); publicat,https://clinicaltrials.gov/study/NCT02531035
SOTATERCEPT_PAH_AUTO_2_FULL_REVIEW.html,ZENITH,40167274,,Humbert M,2025,1987-2000,The New England journal of medicine,NCT NCT04896008: Time to First Confirmed Morbidity or Mortality Event. Source: ClinicalTrials.gov registry (AACT-verified); publication resolved live via NCT.,https://clinicaltrials.gov/study/NCT04896008
SOTATERCEPT_PAH_AUTO_2_FULL_REVIEW.html,PULSAR,33789009,,Humbert M,2021,1204-1215,The New England journal of medicine,NCT NCT03496207: Base Study: Change From Baseline in Pulmonary Vascular Resistance (PVR) at 24 Weeks. Source: ClinicalTrials.gov registry (AACT-verified); publication resolved live via NCT.,https://clinicaltrials.gov/study/NCT03496207
SOTATERCEPT_PAH_AUTO_FULL_REVIEW.html,ZENITH,40167274,,Humbert M,2025,1987-2000,The New England journal of medicine,NCT NCT04896008: Time to First Confirmed Morbidity or Mortality Event. Source: ClinicalTrials.gov registry (AACT-verified); publication resolved live via NCT.,https://clinicaltrials.gov/study/NCT04896008
SOTATERCEPT_PAH_AUTO_FULL_REVIEW.html,PULSAR,33789009,,Humbert M,2021,1204-1215,The New England journal of medicine,NCT NCT03496207: Base Study: Change From Baseline in Pulmonary Vascular Resistance (PVR) at 24 Weeks. Source: ClinicalTrials.gov registry (AACT-verified); publication resolved live via NCT.,https://clinicaltrials.gov/study/NCT03496207
SPESOLIMAB_GPP_AUTO_FULL_REVIEW.html,NCT04399837,36333618,,Morita A,2023,347-359,Dermatology and therapy,NCT NCT04399837: Time to First Generalized Pustular Psoriasis (GPP) Flare. Source: ClinicalTrials.gov registry (AACT-verified); publication resolved live via NCT.,https://clinicaltrials.gov/study/NCT04399837
SPESOLIMAB_GPP_AUTO_FULL_REVIEW.html,NCT03135548,39216969,,Lebwohl MG,2024,847-848,"Lancet (London, England)",NCT NCT03135548: Percentage of Participants With Palmoplantar (pp) Pustular Psoriasis Area and Severity Index 50 (PASI) (ppPASI50) at Wee. Source: ClinicalTrials.gov registry (AACT-verified); publicat,https://clinicaltrials.gov/study/NCT03135548
SPESOLIMAB_GPP_AUTO_FULL_REVIEW.html,NCT03782792,33785490,,Choon SE,2021,e043666,BMJ open,NCT NCT03782792: Proportion of Patients With a Generalized Pustular Psoriasis Physician Global Assessment (GPPGA) Pustulation Subscore of. Source: ClinicalTrials.gov registry (AACT-verified); publicat,https://clinicaltrials.gov/study/NCT03782792
SUGAMMADEX_NMB_REVERSAL_REVIEW.html,Brueckmann 2015,25935840,,Brueckmann B,2015,743-751,British journal of anaesthesia,,https://clinicaltrials.gov/study/NCT01479764
SUGAMMADEX_NMB_REVERSAL_REVIEW.html,Togioka 2020,32139135,,Togioka BM,2020,553-561,British journal of anaesthesia,,https://clinicaltrials.gov/study/NCT02861131
SUMATRIPTAN_MIG_AUTO_FULL_REVIEW.html,NCT00894556,21078681,,Seeburger JL,2011,786-796,Cephalalgia : an international journal of headache,NCT NCT00894556: Pain Relief (PR). Source: ClinicalTrials.gov registry (AACT-verified); publication resolved live via NCT.,https://clinicaltrials.gov/study/NCT00894556
SUNITINIB_RCC_AUTO_FULL_REVIEW.html,NCT00975806,24914044,,Rini B,2014,1794-1799,Annals of oncology : official journal of the European Society for Medical Oncology,NCT NCT00975806: Phase 1: Maximum Tolerated Dose (MTD). Source: ClinicalTrials.gov registry (AACT-verified); publication resolved live via NCT.,https://clinicaltrials.gov/study/NCT00975806
SUNITINIB_RCC_AUTO_FULL_REVIEW.html,NCT01391130,27154357,,Hainsworth JD,2016,643-653,Targeted oncology,NCT NCT01391130: Progression Free Survival (PFS). Source: ClinicalTrials.gov registry (AACT-verified); publication resolved live via NCT.,https://clinicaltrials.gov/study/NCT01391130
SUNITINIB_RCC_AUTO_FULL_REVIEW.html,IMmotion150,32233107,,Pal SK,2020,73-82,BJU international,NCT NCT01984242: Percentage of Participants With Disease Progression Per Response Evaluation Criteria in Solid Tumors Version 1.1 (RECIST. Source: ClinicalTrials.gov registry (AACT-verified); publicat,https://clinicaltrials.gov/study/NCT01984242
SUNITINIB_RENAL_AUTO_FULL_REVIEW.html,NCT00975806,24914044,,Rini B,2014,1794-1799,Annals of oncology : official journal of the European Society for Medical Oncology,NCT NCT00975806: Phase 1: Maximum Tolerated Dose (MTD). Source: ClinicalTrials.gov registry (AACT-verified); publication resolved live via NCT.,https://clinicaltrials.gov/study/NCT00975806
SUNITINIB_RENAL_AUTO_FULL_REVIEW.html,NCT01391130,27154357,,Hainsworth JD,2016,643-653,Targeted oncology,NCT NCT01391130: Progression Free Survival (PFS). Source: ClinicalTrials.gov registry (AACT-verified); publication resolved live via NCT.,https://clinicaltrials.gov/study/NCT01391130
SUTIMLIMAB_CAD_REVIEW_FULL_REVIEW.html,Cadenza,35687757,,Röth A,2022,980-991,Blood,NCT NCT03347422: Part A: Percentage of Participants With Response to Treatment. Source: ClinicalTrials.gov registry (AACT-verified); publication resolved live via NCT.,https://clinicaltrials.gov/study/NCT03347422
TADALAFIL_BPH_AUTO_FULL_REVIEW.html,COMORBID©,24119319,,Porst H,2014,455-464,European urology,NCT NCT00855582: Change From Baseline in Total International Prostate Symptom Score (IPSS) at Week 12 Endpoint (5 mg). Source: ClinicalTrials.gov registry (AACT-verified); publication resolved live vi,https://clinicaltrials.gov/study/NCT00855582
TADALAFIL_BPH_AUTO_FULL_REVIEW.html,NCT01152190,24938580,,Pinggera GM,2014,412-419,Urology,NCT NCT01152190: Change From Baseline to 8-Week Endpoint in Arterial Resistive Index (RI) in the Prostate Transition Zone. Source: ClinicalTrials.gov registry (AACT-verified); publication resolved liv,https://clinicaltrials.gov/study/NCT01152190
TADALAFIL_BPH_AUTO_FULL_REVIEW.html,NCT00827242,21871706,,Porst H,2011,1105-1113,European urology,"NCT NCT00827242: Change From Baseline to 12 Weeks, International Prostate Symptom Score (IPSS). Source: ClinicalTrials.gov registry (AACT-verified); publication resolved live via NCT.",https://clinicaltrials.gov/study/NCT00827242
TALAZOPARIB_BREAST_AUTO_FULL_REVIEW.html,ABRAZO,30563931,,Turner NC,2019,2717-2724,Clinical cancer research : an official journal of the American Association for Cancer Research,NCT NCT02034916: Objective Response Rate (ORR). Source: ClinicalTrials.gov registry (AACT-verified); publication resolved live via NCT.,https://clinicaltrials.gov/study/NCT02034916
TALAZOPARIB_BREAST_AUTO_FULL_REVIEW.html,NCT02282345,31461380,,Litton JK,2020,388-394,Journal of clinical oncology : official journal of the American Society of Clinical Oncology,NCT NCT02282345: Number of Participants With Overall Pathological Complete Response (pCR). Source: ClinicalTrials.gov registry (AACT-verified); publication resolved live via NCT.,https://clinicaltrials.gov/study/NCT02282345
TALIGLUCERASE_GAUCHER_AUTO_FULL_REVIEW.html,NCT00705939,27102949,,Pastores GM,2016,661-665,American journal of hematology,NCT NCT00705939: Spleen Volume. Source: ClinicalTrials.gov registry (AACT-verified); publication resolved live via NCT.,https://clinicaltrials.gov/study/NCT00705939
TALIGLUCERASE_GAUCHER_AUTO_FULL_REVIEW.html,NCT01132690,25453586,,Zimran A,2015,9-16,"Blood cells, molecules & diseases",NCT NCT01132690: Hemoglobin. Source: ClinicalTrials.gov registry (AACT-verified); publication resolved live via NCT.,https://clinicaltrials.gov/study/NCT01132690
TALIGLUCERASE_GAUCHER_AUTO_FULL_REVIEW.html,NCT01411228,26053270,,Abbas R,2015,e0128986,PloS one,NCT NCT01411228: Hemoglobin. Source: ClinicalTrials.gov registry (AACT-verified); publication resolved live via NCT.,https://clinicaltrials.gov/study/NCT01411228
TALIGLUCERASE_GAUCHER_AUTO_FULL_REVIEW.html,NCT01422187,27499018,,Zimran A,2019,14-21,"Blood cells, molecules & diseases",NCT NCT01422187: Spleen Volume. Source: ClinicalTrials.gov registry (AACT-verified); publication resolved live via NCT.,https://clinicaltrials.gov/study/NCT01422187
TANEZUMAB_OA_AUTO_FULL_REVIEW.html,NCT02528188,33538113,,Hochberg MC,2021,1167-1177,"Arthritis & rheumatology (Hoboken, N.J.)",NCT NCT02528188: Percentage of Participants With Adjudicated Primary Composite Joint Safety Outcome. Source: ClinicalTrials.gov registry (AACT-verified); publication resolved live via NCT.,https://clinicaltrials.gov/study/NCT02528188
TANEZUMAB_OA_AUTO_FULL_REVIEW.html,NCT00864097,23852695,,Balanescu AR,2014,1665-1672,Annals of the rheumatic diseases,NCT NCT00864097: Change From Baseline in Western Ontario and McMaster Universities Osteoarthritis Index (WOMAC) Pain Subscale Score at We. Source: ClinicalTrials.gov registry (AACT-verified); publicat,https://clinicaltrials.gov/study/NCT00864097
TANEZUMAB_OA_AUTO_FULL_REVIEW.html,NCT00744471,23553790,,Brown MT,2013,1795-1803,Arthritis and rheumatism,NCT NCT00744471: Change From Baseline in Western Ontario and McMaster Universities Osteoarthritis Index (WOMAC) Pain Subscale Score at We. Source: ClinicalTrials.gov registry (AACT-verified); publicat,https://clinicaltrials.gov/study/NCT00744471
TANEZUMAB_OA_AUTO_FULL_REVIEW.html,NCT00809354,24625625,,Schnitzer TJ,2015,1202-1211,Annals of the rheumatic diseases,NCT NCT00809354: Change From Baseline in the Western Ontario and McMaster Universities Osteoarthritis Index (WOMAC) Pain Subscale Score a. Source: ClinicalTrials.gov registry (AACT-verified); publicat,https://clinicaltrials.gov/study/NCT00809354
TANEZUMAB_OA_AUTO_FULL_REVIEW.html,NCT00863304,25274899,,Ekman EF,2014,2249-2259,The Journal of rheumatology,NCT NCT00863304: Change From Baseline in Western Ontario and McMaster Universities Osteoarthritis Index (WOMAC) Pain Subscale at Week 16:. Source: ClinicalTrials.gov registry (AACT-verified); publicat,https://clinicaltrials.gov/study/NCT00863304
TANEZUMAB_OA_AUTO_FULL_REVIEW.html,NCT00809783,26554876,,Hochberg MC,2016,382-391,"Arthritis & rheumatology (Hoboken, N.J.)",NCT NCT00809783: Number of Participants With Treatment Emergent Adverse Events (AEs) And Serious Adverse Events (SAEs). Source: ClinicalTrials.gov registry (AACT-verified); publication resolved live v,https://clinicaltrials.gov/study/NCT00809783
TANEZUMAB_OA_AUTO_FULL_REVIEW.html,NCT00985621,23707270,,Spierings ELH,2013,1603-1612,Pain,NCT NCT00985621: Change From Baseline in Western Ontario and McMaster Universities Osteoarthritis Index (WOMAC) Pain Subscale Score at We. Source: ClinicalTrials.gov registry (AACT-verified); publicat,https://clinicaltrials.gov/study/NCT00985621
TAPINAROF_ATOPIC_DERMATITIS_AUTO_FULL_REVIEW.html,NCT05032859,38777187,,Silverberg JI,2024,457-465,Journal of the American Academy of Dermatology,NCT NCT05032859: Percent of Subjects Who Have a Validated Investigator Global Assessment for Atopic Dermatitis (vIGA-AD) Score of Clear o. Source: ClinicalTrials.gov registry (AACT-verified); publicat,https://clinicaltrials.gov/study/NCT05032859
TAPINAROF_ATOPIC_DERMATITIS_AUTO_FULL_REVIEW.html,NCT05014568,38777187,,Silverberg JI,2024,457-465,Journal of the American Academy of Dermatology,NCT NCT05014568: Percent of Subjects Who Have a Validated Investigator Global Assessment for Atopic Dermatitis (vIGA-AD) Score of Clear o. Source: ClinicalTrials.gov registry (AACT-verified); publicat,https://clinicaltrials.gov/study/NCT05014568
TAVAPADON_PARKINSON_DISEASE_AUTO_FULL_REVIEW.html,NCT04542499,41860544,,Fernandez HH,2026,442-451,JAMA neurology,NCT NCT04542499: Change From Baseline in the Total On Time Without Troublesome Dyskinesia Based on the 2-day Average of the Self-complete. Source: ClinicalTrials.gov registry (AACT-verified); publicat,https://clinicaltrials.gov/study/NCT04542499
TAVAPADON_PARKINSON_DISEASE_AUTO_FULL_REVIEW.html,TEMPO-1,41860533,,Pahwa R,2026,452-460,JAMA neurology,NCT NCT04201093: Change From Baseline in the MDS-UPDRS Parts II and III Combined Score. Source: ClinicalTrials.gov registry (AACT-verified); publication resolved live via NCT.,https://clinicaltrials.gov/study/NCT04201093
TECOVIRIMAT_MPOX_AUTO_FULL_REVIEW.html,STOMP,40245474,,Chenchula S,2025,110532,Virology,NCT NCT05534984: Cumulative Proportion With Clinical Resolution by Day 29. Source: ClinicalTrials.gov registry (AACT-verified); publication resolved live via NCT.,https://clinicaltrials.gov/study/NCT05534984
TECOVIRIMAT_MPOX_AUTO_FULL_REVIEW.html,NCT05559099,40239067,,Ali R,2025,1484-1496,The New England journal of medicine,NCT NCT05559099: Time to Lesion Resolution. Source: ClinicalTrials.gov registry (AACT-verified); publication resolved live via NCT.,https://clinicaltrials.gov/study/NCT05559099
TENAPANOR_HYPERPHOS_AUTO_FULL_REVIEW.html,NCT02675998,37853560,,Silva AL,2023,1580-1589,Kidney360,NCT NCT02675998: Placebo Adjusted Change in Serum Phosphate During Randomized Withdrawal Period From Pooled Tenapanor Arms. Source: ClinicalTrials.gov registry (AACT-verified); publication resolved li,https://clinicaltrials.gov/study/NCT02675998
TENAPANOR_HYPERPHOS_AUTO_FULL_REVIEW.html,NORMALIZE,37853560,,Silva AL,2023,1580-1589,Kidney360,NCT NCT03988920: Achieving Normal Serum Phosphorus Level. Source: ClinicalTrials.gov registry (AACT-verified); publication resolved live via NCT.,https://clinicaltrials.gov/study/NCT03988920
TENAPANOR_HYPERPHOS_AUTO_FULL_REVIEW.html,OPTIMIZE,37853560,,Silva AL,2023,1580-1589,Kidney360,NCT NCT04549597: Effect of Tenapanor to Achieve Target s-P Levels of Less Than or Equal to 5.5 mg/dL. Source: ClinicalTrials.gov registry (AACT-verified); publication resolved live via NCT.,https://clinicaltrials.gov/study/NCT04549597
TENAPANOR_HYPERPHOS_AUTO_FULL_REVIEW.html,NCT03824587,33766811,,Pergola PE,2021,1465-1473,Journal of the American Society of Nephrology : JASN,NCT NCT03824587: Change in Serum Phosphorus (s-P) Level From Baseline to Week 4.. Source: ClinicalTrials.gov registry (AACT-verified); publication resolved live via NCT.,https://clinicaltrials.gov/study/NCT03824587
TENAPANOR_IBS_AUTO_FULL_REVIEW.html,T3MPO-1,31934897,,Chey WD,2020,281-293,The American journal of gastroenterology,NCT NCT02621892: 6 of 12 Week Overall Responder Rate. Source: ClinicalTrials.gov registry (AACT-verified); publication resolved live via NCT.,https://clinicaltrials.gov/study/NCT02621892
TENAPANOR_IBS_AUTO_FULL_REVIEW.html,T3MPO-2,33337659,,Chey WD,2021,1294-1303,The American journal of gastroenterology,NCT NCT02686138: Percentage of Subjects With Overall Response for 6 Out of 12 Weeks. Source: ClinicalTrials.gov registry (AACT-verified); publication resolved live via NCT.,https://clinicaltrials.gov/study/NCT02686138
TEPLIZUMAB_T1D_AUTO_FULL_REVIEW.html,PROTECT,37158990,,Novograd J,2024,572-576,Cardiology in review,NCT NCT03875729: Change in C-peptide ln(AUC+1) Standardized by Duration of the Mixed Meal Tolerance Test (MMTT). Source: ClinicalTrials.gov registry (AACT-verified); publication resolved live via NCT.,https://clinicaltrials.gov/study/NCT03875729
TEPLIZUMAB_T1D_AUTO_FULL_REVIEW.html,NCT00385697,21719095,,Sherry N,2011,487-497,"Lancet (London, England)",NCT NCT00385697: Number of Subjects in Segment 2 With Both a Total Daily Insulin Dose of Less Than 0.5 U/kg/Day and Hemoglobin A1c (HbA1c. Source: ClinicalTrials.gov registry (AACT-verified); publicat,https://clinicaltrials.gov/study/NCT00385697
TEPOTINIB_LUNG_AUTO_FULL_REVIEW.html,NCT02864992,32469185,,Paik PK,2020,931-943,The New England journal of medicine,NCT NCT02864992: Part 1: Cohort A: Objective Response According to Response Evaluation Criteria in Solid Tumors Version 1.1 (RECIST 1.1) . Source: ClinicalTrials.gov registry (AACT-verified); publicat,https://clinicaltrials.gov/study/NCT02864992
TEPOTINIB_LUNG_AUTO_FULL_REVIEW.html,NCT01982955,32479794,,Wu YL,2020,1132-1143,The Lancet. Respiratory medicine,NCT NCT01982955: Phase 1b: Number of Participants Experiencing at Least One Dose Limiting Toxicity (DLT). Source: ClinicalTrials.gov registry (AACT-verified); publication resolved live via NCT.,https://clinicaltrials.gov/study/NCT01982955
TEPROTUMUMAB_TED_AUTO_FULL_REVIEW.html,NCT01868997,24651704,,Wang Y,2014,1735-1748,Investigative ophthalmology & visual science,NCT NCT01868997: Responder Status at Week 24. Source: ClinicalTrials.gov registry (AACT-verified); publication resolved live via NCT.,https://clinicaltrials.gov/study/NCT01868997
TEPROTUMUMAB_TED_AUTO_FULL_REVIEW.html,OPTIC,31971679,,Douglas RS,2020,341-352,The New England journal of medicine,NCT NCT03298867: Percentage of Participants Who Were Proptosis Responders at Week 24. Source: ClinicalTrials.gov registry (AACT-verified); publication resolved live via NCT.,https://clinicaltrials.gov/study/NCT03298867
TEPROTUMUMAB_TED_AUTO_FULL_REVIEW.html,OPTIC-X,33768488,,Xin Y,2021,1029-1040,Clinical pharmacokinetics,NCT NCT03461211: Percentage of Participants With a ≥ 2 mm Reduction From Baseline in the Study Eye Without Deterioration of Proptosis in . Source: ClinicalTrials.gov registry (AACT-verified); publicat,https://clinicaltrials.gov/study/NCT03461211
TERIFLUNOMIDE_MS_AUTO_FULL_REVIEW.html,TERIKIDS,34800398,,Chitnis T,2021,1001-1011,The Lancet. Neurology,NCT NCT02201108: Time to First Confirmed Clinical Relapse. Source: ClinicalTrials.gov registry (AACT-verified); publication resolved live via NCT.,https://clinicaltrials.gov/study/NCT02201108
TERIFLUNOMIDE_MS_AUTO_FULL_REVIEW.html,NCT04338061,39307151,,Montalban X,2024,1119-1132,The Lancet. Neurology,NCT NCT04338061: Double Blind Treatment Period (DBTP) and Double Blind Extension (DBE) Period: Annualized Relapse Rate (ARR). Source: ClinicalTrials.gov registry (AACT-verified); publication resolved ,https://clinicaltrials.gov/study/NCT04338061
TERIFLUNOMIDE_MS_AUTO_FULL_REVIEW.html,TENERE,24126064,,Vermersch P,2014,705-716,"Multiple sclerosis (Houndmills, Basingstoke, England)",NCT NCT00883337: Core Treatment Period: Overview of Failures. Source: ClinicalTrials.gov registry (AACT-verified); publication resolved live via NCT.,https://clinicaltrials.gov/study/NCT00883337
TEZEPELUMAB_ASTHMA_REVIEW_FULL_REVIEW.html,NAVIGATOR,33979488,,Menzies-Gow A,2021,1800-1809,The New England journal of medicine,NCT NCT03347279: Annual Asthma Exacerbation Rate in Adult and Adolescent Patients With Uncontrolled Asthma. Source: ClinicalTrials.gov registry (AACT-verified); publication resolved live via NCT.,https://clinicaltrials.gov/study/NCT03347279
TEZEPELUMAB_ASTHMA_REVIEW_FULL_REVIEW.html,SOURCE,33050928,,Wechsler ME,2020,264,Respiratory research,NCT NCT03406078: Categorized Percent Reduction From Baseline in the Daily OCS Dose While Not Losing Asthma Control. Source: ClinicalTrials.gov registry (AACT-verified); publication resolved live via N,https://clinicaltrials.gov/study/NCT03406078
TEZEPELUMAB_ASTHMA_REVIEW_FULL_REVIEW.html,PATH-HOME,33907423,,Alpizar S,2021,381-392,Journal of asthma and allergy,NCT NCT03968978: Proportions of HCPs and Subjects/Caregivers Who Successfully Administered Tezepelumab in Clinic or at Home by Device Typ. Source: ClinicalTrials.gov registry (AACT-verified); publicat,https://clinicaltrials.gov/study/NCT03968978
THIAMINE_SEPSIS_AUTO_FULL_REVIEW.html,VICTAS,30953543,,Hager DN,2019,197,Trials,NCT NCT03509350: Vasopressor and Ventilator-free Days (VVFD). Source: ClinicalTrials.gov registry (AACT-verified); publication resolved live via NCT.,https://clinicaltrials.gov/study/NCT03509350
THIAMINE_SEPSIS_AUTO_FULL_REVIEW.html,NCT03550794,37364280,,Moskowitz A,2023,570-578,American journal of respiratory and critical care medicine,NCT NCT03550794: Kidney Injury Biomarker. Source: ClinicalTrials.gov registry (AACT-verified); publication resolved live via NCT.,https://clinicaltrials.gov/study/NCT03550794
TICAGRELOR_STROKE_AUTO_FULL_REVIEW.html,PEGASUS,24655690,,Bonaca MP,2014,437-444,American heart journal,"NCT NCT01225562: Kaplan-Meier Estimate of the Percentage of Patients Who Experienced Cardiovascular Death (CV Death), Myocardial Infarcti. Source: ClinicalTrials.gov registry (AACT-verified); publicat",https://clinicaltrials.gov/study/NCT01225562
TICAGRELOR_STROKE_AUTO_FULL_REVIEW.html,NCT03649711,35224730,,Natale P,2022,CD008834,The Cochrane database of systematic reviews,NCT NCT03649711: ADP Induced Platelet Aggregation. Source: ClinicalTrials.gov registry (AACT-verified); publication resolved live via NCT.,https://clinicaltrials.gov/study/NCT03649711
TIGECYCLINE_INFECTION_AUTO_FULL_REVIEW.html,NCT00230971,22439781,,Qvist N,2012,102-109,Surgical infections,NCT NCT00230971: Number of Clinically Evaluable (CE) Patients With Clinical Response of Cure at the Test-of-Cure (TOC) Visit. Source: ClinicalTrials.gov registry (AACT-verified); publication resolved ,https://clinicaltrials.gov/study/NCT00230971
TIGECYCLINE_INFECTION_AUTO_FULL_REVIEW.html,NCT00719810,25448332,,O'Riordan W,2015,67-73,International journal of infectious diseases : IJID : official publication of the International Society for Infectious Diseases,NCT NCT00719810: Clinical Response at Test of Cure (TOC) in the Clinically Evaluable (CE) Population. Source: ClinicalTrials.gov registry (AACT-verified); publication resolved live via NCT.,https://clinicaltrials.gov/study/NCT00719810
TIGECYCLINE_INFECTION_AUTO_FULL_REVIEW.html,NCT01721408,30584308,,Chen Y,2018,2327-2339,Therapeutics and clinical risk management,NCT NCT01721408: Clinical Response at the Test-of-Cure (TOC) Assessment Within the Clinically Evaluable (CE) Population. Source: ClinicalTrials.gov registry (AACT-verified); publication resolved live ,https://clinicaltrials.gov/study/NCT01721408
TIRZEPATIDE_ARDS_AUTO_FULL_REVIEW.html,NCT02220725,26559317,,Siegal DM,2015,2413-2424,The New England journal of medicine,NCT NCT02220725: Efficacy: Percent Change From Baseline in Anti-fXa Activity at the Nadir (Parts I and II). Source: ClinicalTrials.gov registry (AACT-verified); publication resolved live via NCT.,https://clinicaltrials.gov/study/NCT02220725
TIRZEPATIDE_ARDS_AUTO_FULL_REVIEW.html,NCT02207725,26559317,,Siegal DM,2015,2413-2424,The New England journal of medicine,NCT NCT02207725: Efficacy: Percent Change From Baseline in Anti-fXa Activity at the Nadir (Parts I and II). Source: ClinicalTrials.gov registry (AACT-verified); publication resolved live via NCT.,https://clinicaltrials.gov/study/NCT02207725
TIRZEPATIDE_ARDS_AUTO_FULL_REVIEW.html,NCT02329327,27573206,,Connolly SJ,2016,1131-1141,The New England journal of medicine,NCT NCT02329327: Percent Change From Baseline In Anti-fXa Activity By FXa Inhibitor. Source: ClinicalTrials.gov registry (AACT-verified); publication resolved live via NCT.,https://clinicaltrials.gov/study/NCT02329327
TOFACITINIB_AS_AUTO_FULL_REVIEW.html,NCT01786668,28130206,,van der Heijde D,2017,1340-1347,Annals of the rheumatic diseases,NCT NCT01786668: Percentage of Participants Achieving 20 Percent (%) Improvement in Assessment of SpondyloArthritis International Society. Source: ClinicalTrials.gov registry (AACT-verified); publicat,https://clinicaltrials.gov/study/NCT01786668
TOFACITINIB_AS_AUTO_FULL_REVIEW.html,NCT03502616,33906853,,Deodhar A,2021,1004-1013,Annals of the rheumatic diseases,NCT NCT03502616: Percentage of Participants Achieving Assessment of SpondyloArthritis International Society (ASAS)20 Response at Week 16. Source: ClinicalTrials.gov registry (AACT-verified); publicati,https://clinicaltrials.gov/study/NCT03502616
TOFACITINIB_PSA_AUTO_FULL_REVIEW.html,NCT03486457,36720560,,Leng X,2023,,RMD open,NCT NCT03486457: Percentage of Participants Achieving American College of Rheumatology 50% (ACR50) Response at Month 3. Source: ClinicalTrials.gov registry (AACT-verified); publication resolved live v,https://clinicaltrials.gov/study/NCT03486457
TOFACITINIB_PSA_AUTO_FULL_REVIEW.html,OPAL BEYOND,29045207,,Gladman D,2017,1525-1536,The New England journal of medicine,NCT NCT01882439: Percentage of Participants Meeting American College of Rheumatology Response Criteria Greater Than or Equal to (≥) 20% (. Source: ClinicalTrials.gov registry (AACT-verified); publicat,https://clinicaltrials.gov/study/NCT01882439
TOFERSEN_ALS_AUTO_FULL_REVIEW.html,VALOR (Part C),32640130,,Miller T,2020,109-119,The New England journal of medicine,NCT NCT02623699: Parts A and B: Number of Participants Experiencing Adverse Events (AEs) and Serious Adverse Events (SAEs). Source: ClinicalTrials.gov registry (AACT-verified); publication resolved li,https://clinicaltrials.gov/study/NCT02623699
TOFERSEN_ALS_AUTO_FULL_REVIEW.html,NCT03070119,36129998,,Miller TM,2022,1099-1110,The New England journal of medicine,NCT NCT03070119: Number of Participants With Treatment Emergent Adverse Events (TEAEs) and Treatment Emergent Serious AEs (TESAEs). Source: ClinicalTrials.gov registry (AACT-verified); publication res,https://clinicaltrials.gov/study/NCT03070119
TOFERSEN_SOD1_ALS_REVIEW_FULL_REVIEW.html,VALOR (Part C),32640130,,Miller T,2020,109-119,The New England journal of medicine,NCT NCT02623699: Parts A and B: Number of Participants Experiencing Adverse Events (AEs) and Serious Adverse Events (SAEs). Source: ClinicalTrials.gov registry (AACT-verified); publication resolved li,https://clinicaltrials.gov/study/NCT02623699
TOLEBRUTINIB_MS_AUTO_FULL_REVIEW.html,GEMINI 2,40202623,,Oh J,2025,1893-1904,The New England journal of medicine,NCT NCT04410991: Annualized Relapse Rate (ARR) as Assessed by Confirmed Protocol-defined Adjudicated Relapses. Source: ClinicalTrials.gov registry (AACT-verified); publication resolved live via NCT.,https://clinicaltrials.gov/study/NCT04410991
TOLEBRUTINIB_MS_AUTO_FULL_REVIEW.html,HERCULES,40202696,,Fox RJ,2025,1883-1892,The New England journal of medicine,NCT NCT04411641: Time to Onset of 6-Month Confirmed Disability Progression (CDP) as Assessed by Expanded Disability Status Scale (EDSS). Source: ClinicalTrials.gov registry (AACT-verified); publicatio,https://clinicaltrials.gov/study/NCT04411641
TOLEBRUTINIB_MS_AUTO_FULL_REVIEW.html,GEMINI 1,40202623,,Oh J,2025,1893-1904,The New England journal of medicine,NCT NCT04410978: Annualized Relapse Rate (ARR) as Assessed by Confirmed Protocol-defined Adjudicated Relapses. Source: ClinicalTrials.gov registry (AACT-verified); publication resolved live via NCT.,https://clinicaltrials.gov/study/NCT04410978
TOLVAPTAN_ADPKD_AUTO_FULL_REVIEW.html,NCT02251275,33376102,,Torres VE,2020,48-58,Clinical journal of the American Society of Nephrology : CJASN,NCT NCT02251275: Number Of Participants Reporting Treatment-Emergent Adverse Events (TEAEs). Source: ClinicalTrials.gov registry (AACT-verified); publication resolved live via NCT.,https://clinicaltrials.gov/study/NCT02251275
TOLVAPTAN_ADPKD_AUTO_FULL_REVIEW.html,NCT01336972,37250503,,Chebib FT,2023,100639,Kidney medicine,NCT NCT01336972: Mean Change From Baseline in Measured Glomerular Filtration Rate (mGFR) After 3 Weeks of Tolvaptan Treatment and at 3 We. Source: ClinicalTrials.gov registry (AACT-verified); publicat,https://clinicaltrials.gov/study/NCT01336972
TOLVAPTAN_ADPKD_AUTO_FULL_REVIEW.html,TEMPO 4/4,21757630,,Blumenfeld JD,2011,474-476,Blood,NCT NCT01214421: Percent Change From the Baseline in Total Kidney Volume (TKV) for Study 156-04-251 Participants Enrolled in This Study (. Source: ClinicalTrials.gov registry (AACT-verified); publicat,https://clinicaltrials.gov/study/NCT01214421
TRALOKINUMAB_AD_2_AUTO_FULL_REVIEW.html,NCT03363854,35857179,,Silverberg JI,2022,547-559,American journal of clinical dermatology,NCT NCT03363854: Participants With Investigator's Global Assessment (IGA) Score of 0 (Clear) or 1 (Almost Clear) at Week 16. Source: ClinicalTrials.gov registry (AACT-verified); publication resolved l,https://clinicaltrials.gov/study/NCT03363854
TRALOKINUMAB_AD_2_AUTO_FULL_REVIEW.html,NCT03526861,35671038,,Soehoel A,2022,910-921,Clinical pharmacology in drug development,NCT NCT03526861: Subjects With Investigator's Global Assessment (IGA) Score of 0 (Clear) or 1 (Almost Clear) at Week 16. Source: ClinicalTrials.gov registry (AACT-verified); publication resolved live ,https://clinicaltrials.gov/study/NCT03526861
TRALOKINUMAB_AD_2_AUTO_FULL_REVIEW.html,ECZTRA 1,33000465,,Wollenberg A,2021,437-449,The British journal of dermatology,NCT NCT03131648: Subjects With Investigator's Global Assessment (IGA) Score of 0 (Clear) or 1 (Almost Clear) at Week 16. Source: ClinicalTrials.gov registry (AACT-verified); publication resolved live ,https://clinicaltrials.gov/study/NCT03131648
TRALOKINUMAB_AD_AUTO_FULL_REVIEW.html,NCT03363854,35857179,,Silverberg JI,2022,547-559,American journal of clinical dermatology,NCT NCT03363854: Participants With Investigator's Global Assessment (IGA) Score of 0 (Clear) or 1 (Almost Clear) at Week 16. Source: ClinicalTrials.gov registry (AACT-verified); publication resolved l,https://clinicaltrials.gov/study/NCT03363854
TRALOKINUMAB_AD_AUTO_FULL_REVIEW.html,NCT03526861,35671038,,Soehoel A,2022,910-921,Clinical pharmacology in drug development,NCT NCT03526861: Subjects With Investigator's Global Assessment (IGA) Score of 0 (Clear) or 1 (Almost Clear) at Week 16. Source: ClinicalTrials.gov registry (AACT-verified); publication resolved live ,https://clinicaltrials.gov/study/NCT03526861
TRALOKINUMAB_AD_AUTO_FULL_REVIEW.html,ECZTRA 1,33000465,,Wollenberg A,2021,437-449,The British journal of dermatology,NCT NCT03131648: Subjects With Investigator's Global Assessment (IGA) Score of 0 (Clear) or 1 (Almost Clear) at Week 16. Source: ClinicalTrials.gov registry (AACT-verified); publication resolved live ,https://clinicaltrials.gov/study/NCT03131648
TRAMETINIB_MELANOMA_AUTO_FULL_REVIEW.html,NCT01902173,38261444,,Algazi AP,2024,1784-1796,Cancer,NCT NCT01902173: Maximum-tolerated Dose (MTD) of Akt Inhibitor GSK2141795 in Combination With Dabrafenib.. Source: ClinicalTrials.gov registry (AACT-verified); publication resolved live via NCT.,https://clinicaltrials.gov/study/NCT01902173
TRAMETINIB_MELANOMA_AUTO_FULL_REVIEW.html,NCT02224781,29784747,,Barker CA,2018,646-650,Journal of the National Comprehensive Cancer Network : JNCCN,NCT NCT02224781: 2-year Overall Survival (OS). Source: ClinicalTrials.gov registry (AACT-verified); publication resolved live via NCT.,https://clinicaltrials.gov/study/NCT02224781
TYVAC_TYPHOID_REVIEW.html,TyVAC Nepal,31800986,,Shakya M,2019,2209-2218,The New England journal of medicine,Source: Shakya M et al. NEJM 2019;381:2209-2218 (TyVAC Nepal Vi-TT cluster RCT).,https://www.nejm.org/doi/full/10.1056/NEJMoa1905047
TYVAC_TYPHOID_REVIEW.html,TyVAC Bangladesh,34384540,,Qadri F,2021,675-684,"Lancet (London, England)",Source: Qadri F et al. Lancet 2021;398:675-684 (TyVAC Bangladesh Vi-TT cluster RCT).,https://www.thelancet.com/journals/lancet/article/PIIS0140-6736(21)01124-7/fulltext
UBROGEPANT_MIGRAINE_AUTO_FULL_REVIEW.html,ACHIEVE II,31742631,,Lipton RB,2019,1887-1898,JAMA,NCT NCT02867709: Percentage of Participants With Pain Freedom at 2 Hours After Initial Dose. Source: ClinicalTrials.gov registry (AACT-verified); publication resolved live via NCT.,https://clinicaltrials.gov/study/NCT02867709
UBROGEPANT_MIGRAINE_AUTO_FULL_REVIEW.html,NCT02873221,34874514,,Blumenfeld AM,2022,692-705,Advances in therapy,NCT NCT02873221: Percentage of Participants With at Least 1 Treatment Emergent Adverse Event. Source: ClinicalTrials.gov registry (AACT-verified); publication resolved live via NCT.,https://clinicaltrials.gov/study/NCT02873221
UPADACITINIB_AD_AUTO_FULL_REVIEW.html,Level Up,41533220,,Bunick CG,2026,391-399,American journal of clinical dermatology,NCT NCT05601882: Percentage of Participants Achieving a ≥ 90% Reduction From Baseline in Eczema Area and Severity Index Score (EASI 90) a. Source: ClinicalTrials.gov registry (AACT-verified); publicat,https://clinicaltrials.gov/study/NCT05601882
UPADACITINIB_AD_AUTO_FULL_REVIEW.html,NCT02925117,31786154,,Guttman-Yassky E,2020,877-884,The Journal of allergy and clinical immunology,NCT NCT02925117: Percent Change From Baseline in Eczema Area and Severity Index (EASI) Score at Week 16. Source: ClinicalTrials.gov registry (AACT-verified); publication resolved live via NCT.,https://clinicaltrials.gov/study/NCT02925117
UPADACITINIB_AD_AUTO_FULL_REVIEW.html,NCT03607422,34023008,,Guttman-Yassky E,2021,2151-2168,"Lancet (London, England)",NCT NCT03607422: Main Study: Percentage of Participants Achieving at Least a 75% Reduction in Eczema Area and Severity Index Score (EASI . Source: ClinicalTrials.gov registry (AACT-verified); publicat,https://clinicaltrials.gov/study/NCT03607422
UPADACITINIB_CROHNS_DISEASE_AUTO_FULL_REVIEW.html,NCT03345836,37224198,,Loftus EV Jr,2023,1966-1980,The New England journal of medicine,NCT NCT03345836: Percentage of Participants With Clinical Remission Per Crohn's Disease Activity Index (CDAI) at Week 12. Source: ClinicalTrials.gov registry (AACT-verified); publication resolved live,https://clinicaltrials.gov/study/NCT03345836
UPADACITINIB_CROHNS_DISEASE_AUTO_FULL_REVIEW.html,U-EXCEL,37224198,,Loftus EV Jr,2023,1966-1980,The New England journal of medicine,NCT NCT03345849: Percentage of Participants With Clinical Remission Per Crohn's Disease Activity Index (CDAI) at Week 12. Source: ClinicalTrials.gov registry (AACT-verified); publication resolved live,https://clinicaltrials.gov/study/NCT03345849
UPADACITINIB_PSA_AUTO_FULL_REVIEW.html,SELECT - PsA 2,33272960,,Mease PJ,2021,312-320,Annals of the rheumatic diseases,NCT NCT03104374: Percentage of Participants With an American College of Rheumatology 20% (ACR20) Response at Week 12. Source: ClinicalTrials.gov registry (AACT-verified); publication resolved live via,https://clinicaltrials.gov/study/NCT03104374
UPADACITINIB_PSA_AUTO_FULL_REVIEW.html,SELECT - PsA 1,33789011,,McInnes IB,2021,1227-1239,The New England journal of medicine,NCT NCT03104400: Percentage of Participants With an American College of Rheumatology 20% (ACR20) Response at Week 12. Source: ClinicalTrials.gov registry (AACT-verified); publication resolved live via,https://clinicaltrials.gov/study/NCT03104400
UPADACITINIB_RA_AUTO_FULL_REVIEW.html,SELECT-COMPARE,31362993,,Fleischmann RM,2019,1454-1462,Annals of the rheumatic diseases,NCT NCT02629159: Percentage of Participants With an American College of Rheumatology 20% (ACR20) Response at Week 12. Source: ClinicalTrials.gov registry (AACT-verified); publication resolved live via,https://clinicaltrials.gov/study/NCT02629159
UPADACITINIB_RA_AUTO_FULL_REVIEW.html,NCT03086343,35751108,,Bergman M,2022,155,Arthritis research & therapy,NCT NCT03086343: Change From Baseline in Disease Activity Score (DAS) 28 C-Reactive Protein (CRP) at Week 12 (Non-inferiority). Source: ClinicalTrials.gov registry (AACT-verified); publication resolve,https://clinicaltrials.gov/study/NCT03086343
UPADACITINIB_RA_AUTO_FULL_REVIEW.html,SELECT-EARLY,32638504,,van Vollenhoven R,2020,1607-1620,"Arthritis & rheumatology (Hoboken, N.J.)",NCT NCT02706873: Percentage of Participants With an American College of Rheumatology 50% (ACR50) Response at Week 12 - Global Analysis. Source: ClinicalTrials.gov registry (AACT-verified); publication,https://clinicaltrials.gov/study/NCT02706873
UPADACITINIB_RA_AUTO_FULL_REVIEW.html,NCT02066389,29076110,,Klünder B,2018,977-988,Clinical pharmacokinetics,NCT NCT02066389: Percentage of Participants With an American College of Rheumatology 20% (ACR20) Response at Week 12. Source: ClinicalTrials.gov registry (AACT-verified); publication resolved live via,https://clinicaltrials.gov/study/NCT02066389
UPADACITINIB_RA_AUTO_FULL_REVIEW.html,SELECT-BEYOND,31610021,,Nader A,2020,994-1003,Clinical pharmacology and therapeutics,NCT NCT02706847: Percentage of Participants With an American College of Rheumatology 20% (ACR20) Response at Week 12. Source: ClinicalTrials.gov registry (AACT-verified); publication resolved live via,https://clinicaltrials.gov/study/NCT02706847
UPADACITINIB_UC_AUTO_FULL_REVIEW.html,NCT02819635,32092309,,Sandborn WJ,2020,2139-2149,Gastroenterology,NCT NCT02819635: Substudy 1: Percentage Of Participants Who Achieved Clinical Remission Per Adapted Mayo Score at Week 8. Source: ClinicalTrials.gov registry (AACT-verified); publication resolved live,https://clinicaltrials.gov/study/NCT02819635
UPADACITINIB_UC_AUTO_FULL_REVIEW.html,U-Accomplish,35644166,,Danese S,2022,2113-2128,"Lancet (London, England)",NCT NCT03653026: Percentage of Participants Who Achieved Clinical Remission Per Adapted Mayo Score at Week 8. Source: ClinicalTrials.gov registry (AACT-verified); publication resolved live via NCT.,https://clinicaltrials.gov/study/NCT03653026
USTEKINUMAB_CD_AUTO_FULL_REVIEW.html,NCT01369329,27959607,,Feagan BG,2016,1946-1960,The New England journal of medicine,NCT NCT01369329: Number of Participants With Clinical Response at Week 6. Source: ClinicalTrials.gov registry (AACT-verified); publication resolved live via NCT.,https://clinicaltrials.gov/study/NCT01369329
USTEKINUMAB_CD_AUTO_FULL_REVIEW.html,NCT01369355,27959607,,Feagan BG,2016,1946-1960,The New England journal of medicine,NCT NCT01369355: Number of Participants With Clinical Remission at Week 44. Source: ClinicalTrials.gov registry (AACT-verified); publication resolved live via NCT.,https://clinicaltrials.gov/study/NCT01369355
USTEKINUMAB_CROHN_AUTO_FULL_REVIEW.html,NCT01369329,27959607,,Feagan BG,2016,1946-1960,The New England journal of medicine,NCT NCT01369329: Number of Participants With Clinical Response at Week 6. Source: ClinicalTrials.gov registry (AACT-verified); publication resolved live via NCT.,https://clinicaltrials.gov/study/NCT01369329
USTEKINUMAB_CROHN_AUTO_FULL_REVIEW.html,NCT01369355,27959607,,Feagan BG,2016,1946-1960,The New England journal of medicine,NCT NCT01369355: Number of Participants With Clinical Remission at Week 44. Source: ClinicalTrials.gov registry (AACT-verified); publication resolved live via NCT.,https://clinicaltrials.gov/study/NCT01369355
USTEKINUMAB_PSO_AUTO_FULL_REVIEW.html,AMAGINE-2,26422722,,Lebwohl M,2015,1318-1328,The New England journal of medicine,NCT NCT01708603: Percentage of Participants With Static Physician Global Assessment (sPGA) Score Success (Score of 0 or 1) at Week 12. Source: ClinicalTrials.gov registry (AACT-verified); publication ,https://clinicaltrials.gov/study/NCT01708603
USTEKINUMAB_PSO_AUTO_FULL_REVIEW.html,CLARITY,30334147,,Bagel J,2018,571-579,Dermatology and therapy,NCT NCT02826603: Participants Who Achieved Psoriasis Area and Severity Index (PASI) 90 Response at Week 12. Source: ClinicalTrials.gov registry (AACT-verified); publication resolved live via NCT.,https://clinicaltrials.gov/study/NCT02826603
USTEKINUMAB_PSO_AUTO_FULL_REVIEW.html,NCT02054481,28423301,,Papp KA,2017,1551-1560,The New England journal of medicine,NCT NCT02054481: Achievement of ≥90% Reduction From Baseline PASI Score (PASI90) at Week 12. Source: ClinicalTrials.gov registry (AACT-verified); publication resolved live via NCT.,https://clinicaltrials.gov/study/NCT02054481
USTEKINUMAB_PSORIASIS_AUTO_FULL_REVIEW.html,AMAGINE-2,26422722,,Lebwohl M,2015,1318-1328,The New England journal of medicine,NCT NCT01708603: Percentage of Participants With Static Physician Global Assessment (sPGA) Score Success (Score of 0 or 1) at Week 12. Source: ClinicalTrials.gov registry (AACT-verified); publication ,https://clinicaltrials.gov/study/NCT01708603
USTEKINUMAB_PSORIASIS_AUTO_FULL_REVIEW.html,CLARITY,30334147,,Bagel J,2018,571-579,Dermatology and therapy,NCT NCT02826603: Participants Who Achieved Psoriasis Area and Severity Index (PASI) 90 Response at Week 12. Source: ClinicalTrials.gov registry (AACT-verified); publication resolved live via NCT.,https://clinicaltrials.gov/study/NCT02826603
USTEKINUMAB_PSORIASIS_AUTO_FULL_REVIEW.html,NCT02054481,28423301,,Papp KA,2017,1551-1560,The New England journal of medicine,NCT NCT02054481: Achievement of ≥90% Reduction From Baseline PASI Score (PASI90) at Week 12. Source: ClinicalTrials.gov registry (AACT-verified); publication resolved live via NCT.,https://clinicaltrials.gov/study/NCT02054481
VADADUSTAT_ANEMIA_AUTO_FULL_REVIEW.html,NCT04707768,39231617,,Kooienga L,2024,1652-1661,Kidney360,NCT NCT04707768: Change From Baseline in Hemoglobin (Hb) to the Average Over the Primary Evaluation Period (PEP) (Weeks 20 to 26). Source: ClinicalTrials.gov registry (AACT-verified); publication reso,https://clinicaltrials.gov/study/NCT04707768
VADADUSTAT_ANEMIA_AUTO_FULL_REVIEW.html,NCT02865850,33913638,,Eckardt KU,2021,1601-1612,The New England journal of medicine,NCT NCT02865850: Change From Baseline in Hemoglobin (Hb) to the Average Over the Primary Efficacy Period (Weeks 24 to 36). Source: ClinicalTrials.gov registry (AACT-verified); publication resolved liv,https://clinicaltrials.gov/study/NCT02865850
VADADUSTAT_ANEMIA_AUTO_FULL_REVIEW.html,NCT02648347,33913637,,Chertow GM,2021,1589-1600,The New England journal of medicine,NCT NCT02648347: Change From Baseline in Hemoglobin (Hb) to the Average Over the Primary Efficacy Period (Weeks 24 to 36). Source: ClinicalTrials.gov registry (AACT-verified); publication resolved liv,https://clinicaltrials.gov/study/NCT02648347
VADADUSTAT_RENAL_ANEMIA_AUTO_FULL_REVIEW.html,NCT04707768,39231617,,Kooienga L,2024,1652-1661,Kidney360,NCT NCT04707768: Change From Baseline in Hemoglobin (Hb) to the Average Over the Primary Evaluation Period (PEP) (Weeks 20 to 26). Source: ClinicalTrials.gov registry (AACT-verified); publication reso,https://clinicaltrials.gov/study/NCT04707768
VADADUSTAT_RENAL_ANEMIA_AUTO_FULL_REVIEW.html,NCT02865850,33913638,,Eckardt KU,2021,1601-1612,The New England journal of medicine,NCT NCT02865850: Change From Baseline in Hemoglobin (Hb) to the Average Over the Primary Efficacy Period (Weeks 24 to 36). Source: ClinicalTrials.gov registry (AACT-verified); publication resolved liv,https://clinicaltrials.gov/study/NCT02865850
VADADUSTAT_RENAL_ANEMIA_AUTO_FULL_REVIEW.html,NCT02648347,33913637,,Chertow GM,2021,1589-1600,The New England journal of medicine,NCT NCT02648347: Change From Baseline in Hemoglobin (Hb) to the Average Over the Primary Efficacy Period (Weeks 24 to 36). Source: ClinicalTrials.gov registry (AACT-verified); publication resolved liv,https://clinicaltrials.gov/study/NCT02648347
VAMOROLONE_DMD2_AUTO_FULL_REVIEW.html,NCT03439670,36036925,,Guglieri M,2022,1005-1014,JAMA neurology,NCT NCT03439670: Efficacy Measured by Time to Stand Test (TTSTAND) Velocity in Rises/Second Change From Baseline. Source: ClinicalTrials.gov registry (AACT-verified); publication resolved live via NCT,https://clinicaltrials.gov/study/NCT03439670
VAMOROLONE_DMD2_AUTO_FULL_REVIEW.html,NCT02760277,32434278,,Li X,2020,1385-1396,Journal of clinical pharmacology,NCT NCT02760277: Number of Participants With Adverse Events as Assessed by CTCAE Version 4.03. Source: ClinicalTrials.gov registry (AACT-verified); publication resolved live via NCT.,https://clinicaltrials.gov/study/NCT02760277
VAMOROLONE_DMD2_AUTO_FULL_REVIEW.html,NCT02760264,32434278,,Li X,2020,1385-1396,Journal of clinical pharmacology,NCT NCT02760264: Overall Summary of Adverse Events as Assessed by CTCAE Version 4.03. Source: ClinicalTrials.gov registry (AACT-verified); publication resolved live via NCT.,https://clinicaltrials.gov/study/NCT02760264
VAMOROLONE_DMD2_AUTO_FULL_REVIEW.html,NCT05185622,41774261,,Lochmüller H,2026,,Journal of neurology,NCT NCT05185622: Number of Participants With Any Adverse Events as Assessed by Common Terminology Criteria for Adverse Events Version 4.0. Source: ClinicalTrials.gov registry (AACT-verified); publicat,https://clinicaltrials.gov/study/NCT05185622
VAMOROLONE_DMD2_AUTO_FULL_REVIEW.html,NCT03038399,32956407,,Smith EC,2020,e1003222,PLoS medicine,NCT NCT03038399: Number of Participants With Treatment-related Adverse Events as Assessed by CTCAE Version 4.03. Source: ClinicalTrials.gov registry (AACT-verified); publication resolved live via NCT.,https://clinicaltrials.gov/study/NCT03038399
VAMOROLONE_DMD_REVIEW_FULL_REVIEW.html,NCT03439670,36036925,,Guglieri M,2022,1005-1014,JAMA neurology,NCT NCT03439670: Efficacy Measured by Time to Stand Test (TTSTAND) Velocity in Rises/Second Change From Baseline. Source: ClinicalTrials.gov registry (AACT-verified); publication resolved live via NCT,https://clinicaltrials.gov/study/NCT03439670
VAMOROLONE_DMD_REVIEW_FULL_REVIEW.html,NCT03038399,32956407,,Smith EC,2020,e1003222,PLoS medicine,NCT NCT03038399: Number of Participants With Treatment-related Adverse Events as Assessed by CTCAE Version 4.03. Source: ClinicalTrials.gov registry (AACT-verified); publication resolved live via NCT.,https://clinicaltrials.gov/study/NCT03038399
VANCOMYCIN_CDI_AUTO_FULL_REVIEW.html,NCT04247542,35134880,,Garey KW,2022,1164-1170,Clinical infectious diseases : an official publication of the Infectious Diseases Society of America,NCT NCT04247542: Segment 2A: Clinical Cure (CC) of Clostridioides Difficile Infection (CDI) Per Protocol (PP)/Modified Intent-to-Treat (m. Source: ClinicalTrials.gov registry (AACT-verified); publicat,https://clinicaltrials.gov/study/NCT04247542
VANCOMYCIN_CDI_AUTO_FULL_REVIEW.html,NCT02692651,37797310,,Rao K,2024,277-282,Clinical infectious diseases : an official publication of the Infectious Diseases Society of America,NCT NCT02692651: Clinical Cure: Resolution of Diarrhea. Source: ClinicalTrials.gov registry (AACT-verified); publication resolved live via NCT.,https://clinicaltrials.gov/study/NCT02692651
VANCOMYCIN_CDI_AUTO_FULL_REVIEW.html,NCT01987895,29680101,,Kleinman L,2018,441-448,Value in health : the journal of the International Society for Pharmacoeconomics and Outcomes Research,NCT NCT01987895: Clinical Cure Rate (CCR) in the Modified Intent-to-treat Population. Source: ClinicalTrials.gov registry (AACT-verified); publication resolved live via NCT.,https://clinicaltrials.gov/study/NCT01987895
VANCOMYCIN_CDI_AUTO_FULL_REVIEW.html,OpTION,35398532,,Johnson S,2022,106756,Contemporary clinical trials,NCT NCT02667418: Number of Participants With Sustained Clinical Response as Measured at Study Day 59 for All Treatment Regimens. Source: ClinicalTrials.gov registry (AACT-verified); publication resolv,https://clinicaltrials.gov/study/NCT02667418
VANDETANIB_LUNG_AUTO_FULL_REVIEW.html,ZEAL,21282537,,de Boer RH,2011,1067-1074,Journal of clinical oncology : official journal of the American Society of Clinical Oncology,NCT NCT00418886: Progression-Free Survival (PFS) in the Overall Population. Source: ClinicalTrials.gov registry (AACT-verified); publication resolved live via NCT.,https://clinicaltrials.gov/study/NCT00418886
VANDETANIB_LUNG_AUTO_FULL_REVIEW.html,NCT00687297,23689430,,Aisner J,2013,1075-1083,Journal of thoracic oncology : official publication of the International Association for the Study of Lung Cancer,NCT NCT00687297: Progression-free Survival. Source: ClinicalTrials.gov registry (AACT-verified); publication resolved live via NCT.,https://clinicaltrials.gov/study/NCT00687297
VANDETANIB_LUNG_AUTO_FULL_REVIEW.html,ZODIAC,20570559,,Herbst RS,2010,619-626,The Lancet. Oncology,NCT NCT00312377: Progression-Free Survival (PFS) in the Overall Population. Source: ClinicalTrials.gov registry (AACT-verified); publication resolved live via NCT.,https://clinicaltrials.gov/study/NCT00312377
VANDETANIB_THYROID_AUTO_FULL_REVIEW.html,LIBRETTO-531,34292174,,Jaber T,2021,540-546,"Current opinion in endocrinology, diabetes, and obesity",NCT NCT04211337: Progression Free Survival (PFS) by Blinded Independent Central Review (BICR). Source: ClinicalTrials.gov registry (AACT-verified); publication resolved live via NCT.,https://clinicaltrials.gov/study/NCT04211337
VANDETANIB_THYROID_AUTO_FULL_REVIEW.html,NCT00514046,23766359,,Fox E,2013,4239-4248,Clinical cancer research : an official journal of the American Association for Cancer Research,NCT NCT00514046: Maximum Tolerated Dose (MTD). Source: ClinicalTrials.gov registry (AACT-verified); publication resolved live via NCT.,https://clinicaltrials.gov/study/NCT00514046
VARENICLINE_AUD_AUTO_FULL_REVIEW.html,NCT01553136,29261824,,O'Malley SS,2018,129-138,JAMA psychiatry,NCT NCT01553136: Percentage of Heavy Drinking Days During the Last 8 Weeks of Treatment. Source: ClinicalTrials.gov registry (AACT-verified); publication resolved live via NCT.,https://clinicaltrials.gov/study/NCT01553136
VARENICLINE_AUD_AUTO_FULL_REVIEW.html,NCIG 003,23728065,,Litten RZ,2013,277-286,Journal of addiction medicine,NCT NCT01146613: Weekly Percentage of Heavy Drinking Days. Source: ClinicalTrials.gov registry (AACT-verified); publication resolved live via NCT.,https://clinicaltrials.gov/study/NCT01146613
VARENICLINE_SMOKING_AUTO_FULL_REVIEW.html,NCT03897439,36387983,,Nollen NL,2022,101032,Contemporary clinical trials communications,NCT NCT03897439: Number of Participants With Biochemically Verified Smoking Abstinence at Week 12. Source: ClinicalTrials.gov registry (AACT-verified); publication resolved live via NCT.,https://clinicaltrials.gov/study/NCT03897439
VARENICLINE_SMOKING_AUTO_FULL_REVIEW.html,NCT01836276,26667382,,Nollen NL,2016,12-21,Contemporary clinical trials,NCT NCT01836276: Number of Participants With Cotinine-verified 7-day Point Prevalence Smoking Abstinence at Week 26. Source: ClinicalTrials.gov registry (AACT-verified); publication resolved live via ,https://clinicaltrials.gov/study/NCT01836276
VARENICLINE_SMOKING_AUTO_FULL_REVIEW.html,NCT00701896,37142273,,Livingstone-Banks J,2023,CD006103,The Cochrane database of systematic reviews,NCT NCT00701896: To Determine the Safety of Varenicline in PLWH Who Smoke. Source: ClinicalTrials.gov registry (AACT-verified); publication resolved live via NCT.,https://clinicaltrials.gov/study/NCT00701896
VARENICLINE_TOBACCO_AUTO_FULL_REVIEW.html,NCT03897439,36387983,,Nollen NL,2022,101032,Contemporary clinical trials communications,NCT NCT03897439: Number of Participants With Biochemically Verified Smoking Abstinence at Week 12. Source: ClinicalTrials.gov registry (AACT-verified); publication resolved live via NCT.,https://clinicaltrials.gov/study/NCT03897439
VARENICLINE_TOBACCO_AUTO_FULL_REVIEW.html,NCT01836276,26667382,,Nollen NL,2016,12-21,Contemporary clinical trials,NCT NCT01836276: Number of Participants With Cotinine-verified 7-day Point Prevalence Smoking Abstinence at Week 26. Source: ClinicalTrials.gov registry (AACT-verified); publication resolved live via ,https://clinicaltrials.gov/study/NCT01836276
VARENICLINE_TOBACCO_AUTO_FULL_REVIEW.html,0815,37142273,,Livingstone-Banks J,2023,CD006103,The Cochrane database of systematic reviews,NCT NCT00944554: Days to Relapse. Source: ClinicalTrials.gov registry (AACT-verified); publication resolved live via NCT.,https://clinicaltrials.gov/study/NCT00944554
VARENICLINE_TOBACCO_AUTO_FULL_REVIEW.html,NCT00789074,21518946,,Hajek P,2011,770-777,Archives of internal medicine,NCT NCT00789074: Rating of Urges to Smoke 24 Hours and One Week After the Target Quit Date Assessed by Mood and Physical Symptoms Scale. Source: ClinicalTrials.gov registry (AACT-verified); publicatio,https://clinicaltrials.gov/study/NCT00789074
VEDOLIZUMAB_IBD_AUTO_FULL_REVIEW.html,NCT02497469,31553834,,Sands BE,2019,1215-1226,The New England journal of medicine,NCT NCT02497469: Percentage of Participants Who Achieved Clinical Remission. Source: ClinicalTrials.gov registry (AACT-verified); publication resolved live via NCT.,https://clinicaltrials.gov/study/NCT02497469
VEDOLIZUMAB_IBD_AUTO_FULL_REVIEW.html,NCT01981616,24763133,,Wyant T,2015,77-83,Gut,NCT NCT01981616: Percentage of Participants With an Immune Response to Hepatitis B Vaccine at Day 74. Source: ClinicalTrials.gov registry (AACT-verified); publication resolved live via NCT.,https://clinicaltrials.gov/study/NCT01981616
VENLAFAXINE_DEPRESSION_AUTO_FULL_REVIEW.html,NCT00369343,20797382,,Kornstein SG,2010,1088-1096,The Journal of clinical psychiatry,NCT NCT00369343: Change in Hamilton Psychiatric Rating Scale for Depression (HAM-D17) Score From Baseline to Week 8.. Source: ClinicalTrials.gov registry (AACT-verified); publication resolved live via,https://clinicaltrials.gov/study/NCT00369343
VENLAFAXINE_DEPRESSION_AUTO_FULL_REVIEW.html,NCT00384033,19698901,,Tourian KA,2009,1405-1423,Clinical therapeutics,NCT NCT00384033: Change From Baseline in HAM-D17 Total Score at Week 8 or Final On-therapy (FOT) Evaluation. Source: ClinicalTrials.gov registry (AACT-verified); publication resolved live via NCT.,https://clinicaltrials.gov/study/NCT00384033
VENLAFAXINE_DEPRESSION_AUTO_FULL_REVIEW.html,ADAPT,25040462,,Rej S,2014,1154-1162,"Pain medicine (Malden, Mass.)",NCT NCT01124188: Proportion Responding Initially by Treatment Arm During 14 Weeks Post Randomization. Source: ClinicalTrials.gov registry (AACT-verified); publication resolved live via NCT.,https://clinicaltrials.gov/study/NCT01124188
VENLAFAXINE_DEPRESSION_AUTO_FULL_REVIEW.html,NCT00177671,18251622,,Karp JF,2008,457-463,The Journal of clinical psychiatry,NCT NCT00177671: Global Cognitive Performance. Source: ClinicalTrials.gov registry (AACT-verified); publication resolved live via NCT.,https://clinicaltrials.gov/study/NCT00177671
VIASKIN_PEANUT_AUTO_FULL_REVIEW.html,EPITOPE,37163622,,Greenhawt M,2023,1755-1766,The New England journal of medicine,NCT NCT03211247: Percentage of Treatment Responders at Month 12. Source: ClinicalTrials.gov registry (AACT-verified); publication resolved live via NCT.,https://clinicaltrials.gov/study/NCT03211247
VIASKIN_PEANUT_AUTO_FULL_REVIEW.html,MILES,38407859,,Petroni D,2024,345-353,JAMA pediatrics,NCT NCT02223182: Percentage (%) of Subjects Who Are Treatment Responders After 12 Months of EPIT Treatment.. Source: ClinicalTrials.gov registry (AACT-verified); publication resolved live via NCT.,https://clinicaltrials.gov/study/NCT02223182
VIBEGRON_OAB_AUTO_FULL_REVIEW.html,NCT03902080,41363221,,Rovner ES,2026,299-304,Neurourology and urodynamics,NCT NCT03902080: Change From Baseline at Week 12 in the Average Number of Micturition Episodes Per Day. Source: ClinicalTrials.gov registry (AACT-verified); publication resolved live via NCT.,https://clinicaltrials.gov/study/NCT03902080
VIBEGRON_OAB_AUTO_FULL_REVIEW.html,Empowur,33356445,,Staskin D,2021,1421-1429,The Journal of urology,NCT NCT03583372: Number of Participants With the Indicated Type of Treatment-emergent Adverse Event. Source: ClinicalTrials.gov registry (AACT-verified); publication resolved live via NCT.,https://clinicaltrials.gov/study/NCT03583372
VIBEGRON_OAB_AUTO_FULL_REVIEW.html,Empowur,33332699,,Frankel J,2021,e13937,International journal of clinical practice,NCT NCT03492281: Change From Baseline (CFB) at Week 12 in the Average Number of Micturitions Per 24 Hours in All Overactive Bladder (OAB). Source: ClinicalTrials.gov registry (AACT-verified); publicat,https://clinicaltrials.gov/study/NCT03492281
VIBOSTOLIMAB_LUNG_AUTO_FULL_REVIEW.html,NCT05224141,39230120,,Shapira-Frommer R,2024,1983-1991,"Future oncology (London, England)",NCT NCT05224141: Overall Survival (OS). Source: ClinicalTrials.gov registry (AACT-verified); publication resolved live via NCT.,https://clinicaltrials.gov/study/NCT05224141
VIBOSTOLIMAB_LUNG_AUTO_FULL_REVIEW.html,NCT05226598,39230120,,Shapira-Frommer R,2024,1983-1991,"Future oncology (London, England)",NCT NCT05226598: Overall Survival (OS) in Participants With Programmed Cell Death-Ligand 1 (PD-L1) Tumor Proportion Score (TPS) ≥1%. Source: ClinicalTrials.gov registry (AACT-verified); publication re,https://clinicaltrials.gov/study/NCT05226598
VILAZODONE_DEPRESSION_AUTO_FULL_REVIEW.html,NCT02015546,26693034,,Rele S,2015,,The primary care companion for CNS disorders,NCT NCT02015546: Change in Total MADRS Scores From Baseline to Week 8. Source: ClinicalTrials.gov registry (AACT-verified); publication resolved live via NCT.,https://clinicaltrials.gov/study/NCT02015546
VILAZODONE_DEPRESSION_AUTO_FULL_REVIEW.html,NCT01742832,28177953,,Grant JE,2017,121-126,International clinical psychopharmacology,NCT NCT01742832: Montgomery-Åsberg Depression Rating Scale (MADRS). Source: ClinicalTrials.gov registry (AACT-verified); publication resolved live via NCT.,https://clinicaltrials.gov/study/NCT01742832
VILAZODONE_DEPRESSION_AUTO_FULL_REVIEW.html,VLZ-MD-21,29633166,,Durgam S,2018,353-363,Paediatric drugs,NCT NCT01878292: Change in Children's Depression Rating Scale - Revised (CDRS-R) Total Score. Source: ClinicalTrials.gov registry (AACT-verified); publication resolved live via NCT.,https://clinicaltrials.gov/study/NCT01878292
VILAZODONE_DEPRESSION_AUTO_FULL_REVIEW.html,NCT00683592,21527122,,Khan A,2011,441-447,The Journal of clinical psychiatry,NCT NCT00683592: Change From Baseline to Week 8 in the MADRS (Montgomery-Asberg Depression Rating Scale) Total Score.. Source: ClinicalTrials.gov registry (AACT-verified); publication resolved live vi,https://clinicaltrials.gov/study/NCT00683592
VITAMIN_D_FRACTURE_FALL_REVIEW.html,D-Health (Neale 2022),35026158,,Neale RE,2022,120-128,The lancet. Diabetes & endocrinology,"Source: Neale RE, Baxter C, Romero BD, et al. The D-Health Trial: a randomised controlled trial of the effect of vitamin D on mortality. Lancet Diabetes Endocrinol 2022;10:120-128. PMID 35026158. DOI ",https://doi.org/10.1016/S2213-8587(21)00345-4
VITAMIN_D_FRACTURE_FALL_REVIEW.html,ViDA (Khaw 2017),28461159,,Khaw KT,2017,438-447,The lancet. Diabetes & endocrinology,"Source: Khaw KT, Stewart AW, Waayer D, et al. Effect of monthly high-dose vitamin D supplementation on falls and non-vertebral fractures: secondary and post-hoc outcomes from the randomised, double-bl",https://doi.org/10.1016/S2213-8587(17)30103-1
VOCLOSPORIN_LN_AUTO_FULL_REVIEW.html,AURORA,21943027,,Busque S,2011,2675-2684,American journal of transplantation : official journal of the American Society of Transplantation and the American Society of Transplant Surgeons,NCT NCT03021499: Number of Participants With Adjudicated Renal Response at Week 52. Source: ClinicalTrials.gov registry (AACT-verified); publication resolved live via NCT.,https://clinicaltrials.gov/study/NCT03021499
VOCLOSPORIN_LN_AUTO_FULL_REVIEW.html,AURA-LV,39673415,,Anders HJ,2025,2731-2740,"Rheumatology (Oxford, England)",NCT NCT02141672: Number of Subjects Achieving Complete Renal Remission at 24 Weeks. Source: ClinicalTrials.gov registry (AACT-verified); publication resolved live via NCT.,https://clinicaltrials.gov/study/NCT02141672
VOCLOSPORIN_LN_AUTO_FULL_REVIEW.html,AURORA 2,37528520,,Avasare R,2023,1503-1511,Kidney360,NCT NCT03597464: Adverse Events (AE) Profile and Routine Biochemical and Hematological Assessments.. Source: ClinicalTrials.gov registry (AACT-verified); publication resolved live via NCT.,https://clinicaltrials.gov/study/NCT03597464
VOCLOSPORIN_LUPUS_AUTO_FULL_REVIEW.html,AURORA,21943027,,Busque S,2011,2675-2684,American journal of transplantation : official journal of the American Society of Transplantation and the American Society of Transplant Surgeons,NCT NCT03021499: Number of Participants With Adjudicated Renal Response at Week 52. Source: ClinicalTrials.gov registry (AACT-verified); publication resolved live via NCT.,https://clinicaltrials.gov/study/NCT03021499
VOCLOSPORIN_LUPUS_AUTO_FULL_REVIEW.html,AURA-LV,39673415,,Anders HJ,2025,2731-2740,"Rheumatology (Oxford, England)",NCT NCT02141672: Number of Subjects Achieving Complete Renal Remission at 24 Weeks. Source: ClinicalTrials.gov registry (AACT-verified); publication resolved live via NCT.,https://clinicaltrials.gov/study/NCT02141672
VOCLOSPORIN_LUPUS_AUTO_FULL_REVIEW.html,AURORA 2,37528520,,Avasare R,2023,1503-1511,Kidney360,NCT NCT03597464: Adverse Events (AE) Profile and Routine Biochemical and Hematological Assessments.. Source: ClinicalTrials.gov registry (AACT-verified); publication resolved live via NCT.,https://clinicaltrials.gov/study/NCT03597464
VORTIOXETINE_DEPRESSION_AUTO_FULL_REVIEW.html,NCT01140906,24257717,,Boulenger JP,2014,138-149,International clinical psychopharmacology,NCT NCT01140906: Change From Baseline in MADRS Total Score After 8 Weeks of Treatment.. Source: ClinicalTrials.gov registry (AACT-verified); publication resolved live via NCT.,https://clinicaltrials.gov/study/NCT01140906
VORTIOXETINE_DEPRESSION_AUTO_FULL_REVIEW.html,NCT01179516,26035186,,Mahableshwarkar AR,2015,583-591,The Journal of clinical psychiatry,NCT NCT01179516: Change From Baseline in Montgomery-Åsberg Depression Rating Scale (MADRS) Total Score. Source: ClinicalTrials.gov registry (AACT-verified); publication resolved live via NCT.,https://clinicaltrials.gov/study/NCT01179516
VORTIOXETINE_DEPRESSION_AUTO_FULL_REVIEW.html,NCT01355081,29160598,,Inoue T,2018,103-115,Psychiatry and clinical neurosciences,NCT NCT01355081: Change From Baseline in Montgomery-Åsberg Depression Rating Scale (MADRS) Total Score After 8 Weeks of Treatment. Source: ClinicalTrials.gov registry (AACT-verified); publication reso,https://clinicaltrials.gov/study/NCT01355081
VOXELOTOR_SCD_AUTO_2_FULL_REVIEW.html,GBT_HOPE,31199090,,Vichinsky E,2019,509-519,The New England journal of medicine,NCT NCT03036813: Number of Participants With Increase in Hb >1 g/dL From Baseline to Week 24. Source: ClinicalTrials.gov registry (AACT-verified); publication resolved live via NCT.,https://clinicaltrials.gov/study/NCT03036813
VOXELOTOR_SCD_AUTO_2_FULL_REVIEW.html,HOPE-KIDS,35451176,,Estepp JH,2022,e29716,Pediatric blood & cancer,NCT NCT02850406: Part A: Maximum Concentration (Cmax) of Voxelotor in Whole Blood. Source: ClinicalTrials.gov registry (AACT-verified); publication resolved live via NCT.,https://clinicaltrials.gov/study/NCT02850406
VOXELOTOR_SCD_AUTO_FULL_REVIEW.html,GBT_HOPE,31199090,,Vichinsky E,2019,509-519,The New England journal of medicine,NCT NCT03036813: Number of Participants With Increase in Hb >1 g/dL From Baseline to Week 24. Source: ClinicalTrials.gov registry (AACT-verified); publication resolved live via NCT.,https://clinicaltrials.gov/study/NCT03036813
VOXELOTOR_SCD_AUTO_FULL_REVIEW.html,HOPE-KIDS,35451176,,Estepp JH,2022,e29716,Pediatric blood & cancer,NCT NCT02850406: Part A: Maximum Concentration (Cmax) of Voxelotor in Whole Blood. Source: ClinicalTrials.gov registry (AACT-verified); publication resolved live via NCT.,https://clinicaltrials.gov/study/NCT02850406
WARFARIN_AF_AUTO_FULL_REVIEW.html,NCT00262600,19717844,,Connolly SJ,2009,1139-1151,The New England journal of medicine,NCT NCT00262600: Yearly Event Rate for Composite Endpoint of Stroke/SEE. Source: ClinicalTrials.gov registry (AACT-verified); publication resolved live via NCT.,https://clinicaltrials.gov/study/NCT00262600
WARFARIN_AF_AUTO_FULL_REVIEW.html,RENAL-AF,36335914,,Pokorney SD,2022,1735-1745,Circulation,NCT NCT02942407: Number of Participants Experiencing ISTH (International Society on Thrombosis and Haemostasis) Major or Clinically Relev. Source: ClinicalTrials.gov registry (AACT-verified); publicat,https://clinicaltrials.gov/study/NCT02942407
ZILUCOPLAN_GMG_AUTO_FULL_REVIEW.html,RAISE,37059508,,Howard JF Jr,2023,395-406,The Lancet. Neurology,NCT NCT04115293: Change From Baseline (CFB) to Week 12 in Myasthenia Gravis-Activities of Daily Living (MG-ADL) Total Score. Source: ClinicalTrials.gov registry (AACT-verified); publication resolved l,https://clinicaltrials.gov/study/NCT04115293
ZILUCOPLAN_GMG_AUTO_FULL_REVIEW.html,NCT03315130,32065623,,Howard JF Jr,2020,582-592,JAMA neurology,NCT NCT03315130: Main Portion: Change From Baseline to Week 12 in Quantitative Myasthenia Gravis (QMG) Score. Source: ClinicalTrials.gov registry (AACT-verified); publication resolved live via NCT.,https://clinicaltrials.gov/study/NCT03315130
ZILUCOPLAN_MG_AUTO_FULL_REVIEW.html,RAISE,37059508,,Howard JF Jr,2023,395-406,The Lancet. Neurology,NCT NCT04115293: Change From Baseline (CFB) to Week 12 in Myasthenia Gravis-Activities of Daily Living (MG-ADL) Total Score. Source: ClinicalTrials.gov registry (AACT-verified); publication resolved l,https://clinicaltrials.gov/study/NCT04115293
ZILUCOPLAN_MG_AUTO_FULL_REVIEW.html,NCT03315130,32065623,,Howard JF Jr,2020,582-592,JAMA neurology,NCT NCT03315130: Main Portion: Change From Baseline to Week 12 in Quantitative Myasthenia Gravis (QMG) Score. Source: ClinicalTrials.gov registry (AACT-verified); publication resolved live via NCT.,https://clinicaltrials.gov/study/NCT03315130
ZIRCONIUM_HYPERKALEMIA_AUTO_FULL_REVIEW.html,DIALIZE,32588430,,Natale P,2020,CD013165,The Cochrane database of systematic reviews,NCT NCT03303521: Percentage of Responders. Source: ClinicalTrials.gov registry (AACT-verified); publication resolved live via NCT.,https://clinicaltrials.gov/study/NCT03303521
ZIRCONIUM_HYPERKALEMIA_AUTO_FULL_REVIEW.html,NCT01737697,25415807,,Packham DK,2015,222-231,The New England journal of medicine,NCT NCT01737697: Exponential Rate of Change in Serum Potassium (S-K) Levels During the Initial 48 Hours of Study Drug Treatment.. Source: ClinicalTrials.gov registry (AACT-verified); publication resol,https://clinicaltrials.gov/study/NCT01737697
ZOLBETUXIMAB_GASTRIC_AUTO_FULL_REVIEW.html,Spotlight,37068504,,Shitara K,2023,1655-1668,"Lancet (London, England)",NCT NCT03504397: Progression Free Survival (PFS). Source: ClinicalTrials.gov registry (AACT-verified); publication resolved live via NCT.,https://clinicaltrials.gov/study/NCT03504397
ZOLBETUXIMAB_GASTRIC_AUTO_FULL_REVIEW.html,GLOW,37524953,,Shah MA,2023,2133-2141,Nature medicine,NCT NCT03653507: Progression Free Survival (PFS). Source: ClinicalTrials.gov registry (AACT-verified); publication resolved live via NCT.,https://clinicaltrials.gov/study/NCT03653507
ZOLMITRIPTAN_MIG_AUTO_FULL_REVIEW.html,NCT00442936,21054362,,Ho TW,2011,64-72,Headache,NCT NCT00442936: Number of Participants With Pain Freedom (PF) at 2 Hours Post-Dose. Source: ClinicalTrials.gov registry (AACT-verified); publication resolved live via NCT.,https://clinicaltrials.gov/study/NCT00442936
ZOLMITRIPTAN_MIG_AUTO_FULL_REVIEW.html,Zotrip,29022755,,Spierings EL,2018,215-224,Cephalalgia : an international journal of headache,NCT NCT02745392: Proportion of Subjects With Pain Freedom. Source: ClinicalTrials.gov registry (AACT-verified); publication resolved live via NCT.,https://clinicaltrials.gov/study/NCT02745392
ZURANOLONE_PPD_MDD_REVIEW_FULL_REVIEW.html,NCT04476030,37875578,,Parikh SV,2024,467-475,Neuropsychopharmacology : official publication of the American College of Neuropsychopharmacology,NCT NCT04476030: Change From Baseline in the HAMD-17 Total Score at Day 3. Source: ClinicalTrials.gov registry (AACT-verified); publication resolved live via NCT.,https://clinicaltrials.gov/study/NCT04476030
